Id,Task Id,Related to Id,Related to Type
3550274,70003795504,70060231062,Contact
3551301,70003796532,70060533269,Contact
3551374,70003796605,70060533272,Contact
3559799,70003805071,70060533273,Contact
3576849,70003822158,70060643963,Contact
3576914,70003822226,70060788884,Contact
3576928,70003822240,70060788882,Contact
3588856,70003834189,70060533272,Contact
3588889,70003834223,70060533269,Contact
3606901,70003852389,70061472851,Contact
3607070,70003852559,70061472936,Contact
3607137,70003852627,70061472946,Contact
3616380,70003861920,70061472936,Contact
3616417,70003861957,70061472851,Contact
3618846,70003864400,70061523945,Contact
3624728,70003870270,70061874694,Contact
3624993,70003870529,70061874697,Contact
3664291,70003909936,70062096652,Contact
3664662,70003910307,70062096655,Contact
3674634,70003920287,70062233887,Contact
3679105,70003924765,70062233894,Contact
3689615,70003935312,70062382645,Contact
3689741,70003935438,70062382634,Contact
3689803,70003935500,70062382634,Contact
3689953,70003935650,70062382634,Contact
3690453,70003936150,70062382655,Contact
3690569,70003936267,70062382655,Contact
3699168,70003944916,70062485110,Contact
3699199,70003944947,70062485110,Contact
3705236,70003951108,70062520643,Contact
3713278,70003959190,70062626349,Contact
3713776,70003959688,70062626338,Contact
3784024,70004030128,70061084542,Contact
3795715,70004041866,70061084539,Contact
3808640,70004054825,70062485112,Contact
3846558,70004092919,70064410643,Contact
3851608,70004098005,70064410643,Contact
3852906,70004099304,70064410458,Contact
3852924,70004099322,70064410458,Contact
3869142,70004115557,70064994430,Contact
3869305,70004115721,70064994425,Contact
3869364,70004115780,70064994425,Contact
3869466,70004115882,70064994398,Contact
3869714,70004116129,70064994432,Contact
3870104,70004116518,70064994440,Contact
3889477,70004135984,70065632859,Contact
3889760,70004136267,70065632858,Contact
3890176,70004136684,70065632865,Contact
3913299,70004159848,70065906136,Contact
3949528,70004196102,70066273228,Contact
3981690,70004228295,70066541209,Contact
3982590,70004229198,70066541204,Contact
3982876,70004229484,70066541208,Contact
3982907,70004229515,70066273189,Contact
3983034,70004229643,70066541200,Contact
3983127,70004229736,70065906146,Contact
3983956,70004230565,70066273193,Contact
3984004,70004230613,70065906151,Contact
3984069,70004230678,70066273209,Contact
3984116,70004230725,70066273194,Contact
3984189,70004230798,70066273228,Contact
3988548,70004235179,70066541194,Contact
3988587,70004235218,70066666428,Contact
3997735,70004244383,70066956101,Contact
3998312,70004244962,70066956081,Contact
3998478,70004245129,70066956078,Contact
4024205,70004270899,70067125316,Contact
4024343,70004271037,70067125319,Contact
4024705,70004271399,70066956083,Contact
4024769,70004271463,70066956077,Contact
4024943,70004271637,70066956087,Contact
4027711,70004274409,70067259386,Contact
4034013,70004280722,70064994425,Contact
4051075,70004297871,70066956078,Contact
4051457,70004298253,70067259387,Contact
4084446,70004331307,70064994413,Contact
4084719,70004331584,70067710364,Contact
4084791,70004331656,70067710365,Contact
4094738,70004341641,70068078766,Contact
4102556,70004349517,70068247900,Contact
4102570,70004349531,70068247900,Contact
4119928,70004366996,70068463703,Contact
4240392,70004487831,70069050568,Contact
4240475,70004487914,70069050562,Contact
4240613,70004488052,70069050562,Contact
4241533,70004488974,70068463704,Contact
4358668,70004606247,70069050562,Contact
4367148,70004614760,70069050563,Contact
4535067,70004783057,70072513951,Contact
4559298,70004807368,70072728394,Contact
4568745,70004816849,70072513947,Contact
4568830,70004816934,70072728401,Contact
4569505,70004817609,70073052372,Contact
4576182,70004824290,70073052374,Contact
4577334,70004825447,70066956078,Contact
4577609,70004825722,70062485108,Contact
4650195,70004898581,70073538086,Contact
4650249,70004898634,70073537893,Contact
4711725,70004960250,70074369211,Contact
4763002,70005011706,70069090812,Contact
4763575,70005012284,70073809297,Contact
4763687,70005012396,70074238284,Contact
4764404,70005013114,70073809312,Contact
4794313,70005043108,70074913539,Contact
4795166,70005043964,70074846613,Contact
4795180,70005043978,70074846613,Contact
4795810,70005044619,70074972551,Contact
4799453,70005048268,70074023081,Contact
4815717,70005064611,70074068553,Contact
4815731,70005064625,70074068553,Contact
4870188,70005119273,70075969717,Contact
4876519,70005125646,70074023084,Contact
4907487,70005156772,70076032798,Contact
4914032,70005163377,70076080726,Contact
4914125,70005163470,70076080729,Contact
4914147,70005163492,70074068553,Contact
4943236,70005192655,70076785583,Contact
4946866,70005196282,70076825244,Contact
4975876,70005225433,70076932689,Contact
4986947,70005236588,70077055668,Contact
4988972,70005238615,70077267313,Contact
4991735,70005241396,70077148909,Contact
4991787,70005241448,70077055671,Contact
4999710,70005249414,70077344099,Contact
5015738,70005265457,70077400443,Contact
5016158,70005265883,70077400442,Contact
5051955,70005301708,70077481094,Contact
5071494,70005321274,70077611375,Contact
5072030,70005321811,70077571965,Contact
5072082,70005321863,70077670713,Contact
5082748,70005332610,70077720206,Contact
5088463,70005338327,70077821767,Contact
5110563,70005360487,70077919523,Contact
5110753,70005360677,70077919528,Contact
5110983,70005360907,70077919529,Contact
5120569,70005370563,70077995985,Contact
5120721,70005370715,70078079425,Contact
5126125,70005376130,70078157284,Contact
5126155,70005376160,70077919529,Contact
5127254,70005377267,70078243136,Contact
5141151,70005391181,70078292155,Contact
5163436,70005413700,70078625434,Contact
5163713,70005413980,70078502251,Contact
5249356,70005500110,70078802493,Contact
5249907,70005500663,70079693649,Contact
5251095,70005501858,70079693652,Contact
5560354,70005811183,70079934131,Contact
5560391,70005811220,70079934133,Contact
5560421,70005811250,70079894092,Contact
5560517,70005811346,70079894089,Contact
5560541,70005811370,70079894086,Contact
5586655,70005837568,70079894086,Contact
5586782,70005837698,70080159746,Contact
5609957,70005861023,70080271778,Contact
5610079,70005861146,70080271772,Contact
5610797,70005861870,70080385258,Contact
5620195,70005871326,70080334912,Contact
5620304,70005871441,70080418258,Contact
5653095,70005904308,70080500525,Contact
5653709,70005904933,70080500525,Contact
5655230,70005906467,70080727237,Contact
5656262,70005907503,70080727238,Contact
5656300,70005907541,70080670380,Contact
5656985,70005908227,70080635871,Contact
5673866,70005925150,70080670382,Contact
5683205,70005934522,70073809297,Contact
5730948,70005982299,70080500524,Contact
5730996,70005982349,70073809297,Contact
5731892,70005983250,70080842024,Contact
5732894,70005984265,70080885759,Contact
5734646,70005986022,70080989979,Contact
5744367,70005995784,70080937467,Contact
5759089,70006010556,70073809312,Contact
5766806,70006018283,70081124738,Contact
5766814,70006018291,70081124738,Contact
5781879,70006033361,70081144502,Contact
5781898,70006033380,70081144499,Contact
5781930,70006033412,70081144500,Contact
5782016,70006033498,70081108112,Contact
5835381,70006086950,70080984284,Contact
5835473,70006087042,70081184232,Contact
5835530,70006087099,70081309837,Contact
5842789,70006094370,70081429006,Contact
5843127,70006094708,70081429010,Contact
5843817,70006095406,70081066305,Contact
5844225,70006095816,70081214025,Contact
5844335,70006095926,70081272319,Contact
5844902,70006096493,70079839487,Contact
5845874,70006097467,70075881150,Contact
5845933,70006097526,70077525949,Contact
5845987,70006097580,70075881153,Contact
5846031,70006097624,70077525947,Contact
5846133,70006097726,70081429012,Contact
5846180,70006097773,70081340903,Contact
5846205,70006097798,70079750222,Contact
5855357,70006106969,70081552031,Contact
5855374,70006106986,70081552031,Contact
5855491,70006107104,70081585507,Contact
5855573,70006107186,70081585505,Contact
5905695,70006157425,70081035966,Contact
5905819,70006157549,70081066306,Contact
5905954,70006157684,70081214026,Contact
5919568,70006171363,70081066306,Contact
5953694,70006205586,70082023986,Contact
5963653,70006215608,70082305542,Contact
6057366,70006309720,70082574997,Contact
6064169,70006316556,70083032300,Contact
6065151,70006317542,70083160179,Contact
6065196,70006317587,70083091174,Contact
6067900,70006320295,70083160179,Contact
6068355,70006320750,70083032296,Contact
6095955,70006348386,70083413852,Contact
6096043,70006348474,70083387710,Contact
6096170,70006348602,70083413857,Contact
6096238,70006348670,70083413855,Contact
6096311,70006348743,70083387706,Contact
6096413,70006348845,70083413854,Contact
6096458,70006348890,70083228486,Contact
6106192,70006358636,70083333262,Contact
6120214,70006372728,70083333260,Contact
6120588,70006373105,70083333260,Contact
6120960,70006373477,70083512178,Contact
6124004,70006376525,70083478188,Contact
6166450,70006419040,70083478188,Contact
6167067,70006419658,70083611700,Contact
6167221,70006419814,70083684065,Contact
6167405,70006419998,70083684067,Contact
6175427,70006428066,70083722088,Contact
6193801,70006446470,70083784751,Contact
6193867,70006446536,70083750571,Contact
6194008,70006446677,70083784746,Contact
6194069,70006446739,70083784747,Contact
6196665,70006449342,70083784750,Contact
6196845,70006449523,70083812550,Contact
6196991,70006449669,70083865290,Contact
6197048,70006449726,70083841591,Contact
6203938,70006456632,70083905895,Contact
6230057,70006482854,70084011814,Contact
6230111,70006482908,70083979823,Contact
6230201,70006482998,70083979824,Contact
6236832,70006489673,70084051945,Contact
6236990,70006489831,70084051945,Contact
6237068,70006489909,70084087780,Contact
6237174,70006490015,70084134948,Contact
6237300,70006490141,70084134950,Contact
6249325,70006502224,70084134948,Contact
6249392,70006502291,70084180976,Contact
6249414,70006502313,70084180973,Contact
6249724,70006502623,70084262426,Contact
6249875,70006502774,70083812550,Contact
6271916,70006524822,70084134948,Contact
6283016,70006535994,70084337303,Contact
6284070,70006537048,70084437984,Contact
6287450,70006540446,70084437981,Contact
6307792,70006560889,70084525144,Contact
6307869,70006560966,70084593581,Contact
6320655,70006573803,70084658674,Contact
6333143,70006586330,70084806698,Contact
6333204,70006586391,70084845003,Contact
6333281,70006586468,70084879888,Contact
6334301,70006587489,70084736116,Contact
6357755,70006610975,70084919267,Contact
6357810,70006611030,70084986483,Contact
6357899,70006611119,70085028296,Contact
6357959,70006611181,70084919265,Contact
6358062,70006611284,70085028292,Contact
6358127,70006611349,70085028293,Contact
6366579,70006619805,70085115543,Contact
6376918,70006630211,70085074097,Contact
6377598,70006630891,70085115545,Contact
6380983,70006634283,70085205678,Contact
6381040,70006634340,70085205679,Contact
6381121,70006634421,70085205680,Contact
6394502,70006647863,70085283612,Contact
6394826,70006648189,70085283611,Contact
6409623,70006663053,70085327150,Contact
6445040,70006698539,70085567421,Contact
6445155,70006698654,70085567419,Contact
6445784,70006699286,70085400201,Contact
6445916,70006699418,70085507730,Contact
6446088,70006699590,70085567418,Contact
6446170,70006699672,70085507729,Contact
6448118,70006701628,70085628045,Contact
6448704,70006702214,70085628048,Contact
6468314,70006721880,70085703056,Contact
6469324,70006722894,70085327147,Contact
6469502,70006723072,70085444156,Contact
6478537,70006732129,70085616828,Contact
6488634,70006742242,70085668956,Contact
6488638,70006742246,70085907672,Contact
6488792,70006742400,70085205680,Contact
6505622,70006759242,70085205680,Contact
6510866,70006764492,70085942823,Contact
6510911,70006764537,70085942822,Contact
6519322,70006772959,70086040438,Contact
6520387,70006774031,70086071497,Contact
6520453,70006774097,70086071498,Contact
6520833,70006774477,70086163182,Contact
6522670,70006776327,70086040439,Contact
6530580,70006784280,70086207962,Contact
6557432,70006811236,70086332625,Contact
6557472,70006811276,70086287572,Contact
6562194,70006816016,70086332624,Contact
6562514,70006816336,70086456186,Contact
6562725,70006816547,70086490473,Contact
6562867,70006816690,70086245375,Contact
6564665,70006818489,70086332624,Contact
6594483,70006848387,70086122124,Contact
6619271,70006873312,70086615893,Contact
6621230,70006875280,70086788487,Contact
6621514,70006875564,70086889407,Contact
6621590,70006875641,70086826190,Contact
6622367,70006876420,70086826190,Contact
6622930,70006876984,70086889408,Contact
6622973,70006877028,70086788484,Contact
6623002,70006877058,70086745264,Contact
6644615,70006898733,70087055320,Contact
6644632,70006898750,70084134948,Contact
6670229,70006924377,70087091019,Contact
6670395,70006924544,70087219804,Contact
6670450,70006924599,70087183147,Contact
6677372,70006931545,70087154547,Contact
6692641,70006946910,70124332460,Contact
6889617,70007145645,70077525949,Contact
7038917,70007295563,70089283939,Contact
7169416,70007426774,70090132082,Contact
7278819,70007536931,70090646646,Contact
7286957,70007545158,70090845169,Contact
7446151,70007705489,70092439753,Contact
7446206,70007705544,70092439754,Contact
7584865,70007845004,70093247891,Contact
7631928,70007892468,70094147514,Contact
7848912,70008114338,70095228103,Contact
8083258,70008349181,70098323812,Contact
8083318,70008349241,70098415635,Contact
8083572,70008349496,70098415637,Contact
8584763,70008852041,70101975556,Contact
8585697,70008852975,70101177326,Contact
8592200,70008859496,70102681189,Contact
8592411,70008859707,70102772911,Contact
8592617,70008859913,70102815852,Contact
8595030,70008862327,70102977326,Contact
8737186,70009008685,70104186634,Contact
8771832,70009043339,70083812550,Contact
8804831,70009077618,70104989658,Contact
8804907,70009077694,70104989655,Contact
8805385,70009078172,70104989651,Contact
8805662,70009078449,70104417414,Contact
8806905,70009079692,70104276449,Contact
8807536,70009080323,70105040685,Contact
8838929,70009111752,70105314480,Contact
8839623,70009112446,70105261179,Contact
8839852,70009112675,70105261175,Contact
8841101,70009113924,70105261175,Contact
8851316,70009124144,70105421006,Contact
8910089,70009182936,70105991099,Contact
8920509,70009193333,70106132681,Contact
8920750,70009193563,70106169774,Contact
8920844,70009193657,70106126743,Contact
8929747,70009202303,70106239014,Contact
8929802,70009202358,70106273179,Contact
8929900,70009202456,70106297120,Contact
8971649,70009243761,70106580210,Contact
8971741,70009243853,70106633483,Contact
8971897,70009244008,70106633484,Contact
8978255,70009250368,70105991101,Contact
8978429,70009250542,70106709371,Contact
9010763,70009282882,70106416231,Contact
9011190,70009283309,70106512516,Contact
9014196,70009286316,70106988865,Contact
9057318,70009329439,70107371846,Contact
9057388,70009329509,70107446846,Contact
9057665,70009329786,70107371847,Contact
9058134,70009330256,70107371845,Contact
9064970,70009337093,70107585563,Contact
9065034,70009337157,70107585561,Contact
9065139,70009337262,70107216457,Contact
9084626,70009356737,70107779111,Contact
9127787,70009399908,70107977422,Contact
9136094,70009408216,70108106019,Contact
9146143,70009418269,70107371845,Contact
9158358,70009430492,70108415095,Contact
9162940,70009435075,70108563582,Contact
9163058,70009435193,70108563581,Contact
9163387,70009435522,70108501895,Contact
9163483,70009435618,70108501892,Contact
9175774,70009447910,70108641246,Contact
9198706,70009470843,70108826589,Contact
9264813,70009536959,70109567393,Contact
9265018,70009537164,70109508758,Contact
9280968,70009553118,70109818491,Contact
9281006,70009553157,70107371845,Contact
9301671,70009573823,70109948346,Contact
9301722,70009573874,70110080846,Contact
9301808,70009573960,70110132186,Contact
9319936,70009592089,70110268752,Contact
9320248,70009592401,70109948346,Contact
9334727,70009606887,70110412357,Contact
9335750,70009607910,70110412364,Contact
9359492,70009631659,70110412357,Contact
9388634,70009660805,70111173181,Contact
9389527,70009661698,70110934272,Contact
9389792,70009661963,70110639236,Contact
9406328,70009678507,70109567393,Contact
9418182,70009690372,70111318727,Contact
9418357,70009690547,70111317422,Contact
9418449,70009690639,70110412357,Contact
9418523,70009690713,70111453079,Contact
9455509,70009727705,70111719351,Contact
9455566,70009727762,70111584944,Contact
9458516,70009730714,70110408484,Contact
9486749,70009758952,70111719351,Contact
9506097,70009778307,70112178408,Contact
9522531,70009794750,70112381704,Contact
9522978,70009795197,70110408484,Contact
9524608,70009796825,70110412357,Contact
9581677,70009853908,70110412357,Contact
9590616,70009862851,70112852398,Contact
9590837,70009863071,70113163360,Contact
9590943,70009863177,70112704194,Contact
9600994,70009873230,70113262349,Contact
9689931,70009962160,70114096594,Contact
9705113,70009977343,70114245338,Contact
9715165,70009987397,70114245338,Contact
9768867,70010041103,70114932602,Contact
9779725,70010051965,70114835054,Contact
9779784,70010052024,70114835060,Contact
9828638,70010100879,70116029653,Contact
9828980,70010101222,70115455377,Contact
9829157,70010101399,70115539922,Contact
9839329,70010111603,70115539922,Contact
9840085,70010112363,70116168468,Contact
9852069,70010124330,70116383325,Contact
9898557,70010170824,70116782950,Contact
9899766,70010172033,70086889408,Contact
9905892,70010178160,70086889408,Contact
9919275,70010191550,70116782950,Contact
9930641,70010202926,70116782950,Contact
9930833,70010203118,70086889408,Contact
9946283,70010218573,70117408308,Contact
9946451,70010218741,70117263208,Contact
9947505,70010219795,70117292944,Contact
9990358,70010262649,70117292944,Contact
9998634,70010270925,70117585256,Contact
10007398,70010279675,70117638624,Contact
10008058,70010280331,70116782950,Contact
10018227,70010290474,70117898950,Contact
10019439,70010291685,70118044481,Contact
10073046,70010345323,70118504605,Contact
10074150,70010346428,70116782950,Contact
10077575,70010349856,70118542711,Contact
10078655,70010350939,70118297276,Contact
10095267,70010367556,70118297276,Contact
10096231,70010368521,70116782950,Contact
10115946,70010388242,70119106186,Contact
10131515,70010403804,70119272788,Contact
10171621,70010443919,70119272788,Contact
10218092,70010490397,70119272788,Contact
10242678,70010514970,70119272788,Contact
10288969,70010561327,70119860247,Contact
10290173,70010562533,70120361064,Contact
10554510,70010826935,70122752299,Contact
10554638,70010827063,70122665126,Contact
10555568,70010827994,70122885042,Contact
10555581,70010828007,70122756762,Contact
10556338,70010828764,70122665092,Contact
10558783,70010831210,70122665093,Contact
10559107,70010831534,70122665121,Contact
10559181,70010831608,70122665107,Contact
10560778,70010833205,70122665094,Contact
10568872,70010841298,70122665110,Contact
10571626,70010844053,70122752299,Contact
10571934,70010844361,70122752298,Contact
10577796,70010850205,70122967091,Contact
10639639,70010912034,70123179572,Contact
10660135,70010932464,70123915052,Contact
10670080,70010942420,70124077039,Contact
10670157,70010942497,70124035695,Contact
10679142,70010951489,70124288919,Contact
10683155,70010955504,70124318832,Contact
10683431,70010955781,70124332464,Contact
10686413,70010958743,70124398321,Contact
10689627,70010961958,70124470859,Contact
10689850,70010962181,70124446107,Contact
10689873,70010962204,70124470859,Contact
10689890,70010962221,70124455749,Contact
10706271,70010978604,70124583585,Contact
10707077,70010979410,70124654478,Contact
10707521,70010979854,70124661545,Contact
10710155,70010982489,70124494141,Contact
10710361,70010982695,70124494141,Contact
10710392,70010982726,70124654478,Contact
10710453,70010982787,70124661545,Contact
10710521,70010982855,70124503731,Contact
10710759,70010983090,70124583492,Contact
10710872,70010983203,70124440136,Contact
10710919,70010983250,70124440488,Contact
10710959,70010983290,70124458986,Contact
10710975,70010983306,70124661545,Contact
10710995,70010983326,70124702360,Contact
10717495,70010989827,70124332464,Contact
10727704,70011000045,70122752299,Contact
10727862,70011000203,70124897169,Contact
10730274,70011002617,70124965485,Contact
10730410,70011002753,70074023080,Contact
10733683,70011006030,70081514058,Contact
10733706,70011006053,70074023080,Contact
10733875,70011006222,70125008222,Contact
10734146,70011006494,70124980719,Contact
10737204,70011009555,70125055972,Contact
10741746,70011014094,70125089836,Contact
10742266,70011014614,70124980719,Contact
10751734,70011024084,70125008222,Contact
10751879,70011024229,70124583585,Contact
10752143,70011024493,70081514058,Contact
10772125,70011044479,70125551709,Contact
10772453,70011044807,70125467763,Contact
10772986,70011045340,70125369081,Contact
10773122,70011045476,70125555009,Contact
10774177,70011046531,70125466621,Contact
10774234,70011046588,70125467765,Contact
10774695,70011047050,70125366581,Contact
10775165,70011047522,70124965485,Contact
10775211,70011047568,70125203746,Contact
10776469,70011048826,70125517867,Contact
10781004,70011053361,70125592266,Contact
10781096,70011053453,70125636268,Contact
10784312,70011056671,70125654140,Contact
10784374,70011056733,70125654139,Contact
10784749,70011057108,70125654137,Contact
10785671,70011058030,70125654138,Contact
10789495,70011061845,70125615823,Contact
10789818,70011062168,70125596412,Contact
10789944,70011062294,70125722139,Contact
10790378,70011062728,70125757485,Contact
10792330,70011064684,70125673188,Contact
10795214,70011067568,70073143326,Contact
10799927,70011072271,70125466621,Contact
10800091,70011072435,70124440136,Contact
10800193,70011072537,70125722139,Contact
10800260,70011072604,70125654138,Contact
10802984,70011075329,70125916888,Contact
10803111,70011075456,70125922771,Contact
10803197,70011075542,70125922774,Contact
10803367,70011075712,70125410946,Contact
10803399,70011075744,70123293024,Contact
10803489,70011075834,70123293024,Contact
10803534,70011075879,70125967677,Contact
10803958,70011076303,70125950245,Contact
10812237,70011084587,70126076624,Contact
10812404,70011084755,70126036398,Contact
10812432,70011084783,70086071497,Contact
10812516,70011084867,70125467763,Contact
10812571,70011084922,70125466621,Contact
10812959,70011085311,70123550377,Contact
10813237,70011085589,70126089648,Contact
10813356,70011085708,70125654138,Contact
10813567,70011085919,70124332464,Contact
10815608,70011087961,70126108654,Contact
10815865,70011088218,70112178408,Contact
10819883,70011092237,70126139403,Contact
10819917,70011092271,70126139784,Contact
10819944,70011092298,70126140147,Contact
10820081,70011092435,70126191109,Contact
10823344,70011095700,70126131594,Contact
10840058,70011112407,70126440700,Contact
10840215,70011112564,70126364450,Contact
10840269,70011112618,70126367851,Contact
10840358,70011112707,70126361583,Contact
10840622,70011112972,70126366594,Contact
10841290,70011113640,70124398321,Contact
10841467,70011113817,70124455749,Contact
10841563,70011113913,70126461319,Contact
10841623,70011113973,70126332970,Contact
10843667,70011116015,70125654138,Contact
10844280,70011116630,70086071497,Contact
10844438,70011116793,70125922775,Contact
10844511,70011116866,70126502230,Contact
10844616,70011116976,70126505082,Contact
10848893,70011121257,70126508520,Contact
10848922,70011121286,70126595592,Contact
10849100,70011121464,70126505072,Contact
10853534,70011125896,70126621563,Contact
10859424,70011131771,70126328492,Contact
10859723,70011132072,70124494141,Contact
10859922,70011132271,70126702520,Contact
10862914,70011135272,70126679695,Contact
10862957,70011135315,70126764041,Contact
10863027,70011135385,70126770057,Contact
10866730,70011139094,70126787910,Contact
10866944,70011139308,70126799924,Contact
10867044,70011139408,70126840636,Contact
10867536,70011139900,70073143326,Contact
10867575,70011139939,70124440136,Contact
10867652,70011140016,70125922771,Contact
10867877,70011140241,70126191109,Contact
10867939,70011140303,70126323337,Contact
10868246,70011140610,70126364450,Contact
10868259,70011140623,70126366594,Contact
10871034,70011143396,70125636268,Contact
10871078,70011143440,70125654140,Contact
10871107,70011143469,70125727137,Contact
10900064,70011172442,70111872636,Contact
10948334,70011220662,70127929639,Contact
10995918,70011268278,70128600953,Contact
10996965,70011269325,70128216231,Contact
10998340,70011270701,70128426935,Contact
11002446,70011274805,70127638518,Contact
11002477,70011274836,70126923909,Contact
11002661,70011275019,70127046568,Contact
11002751,70011275108,70127055033,Contact
11002900,70011275257,70127293797,Contact
11003226,70011275583,70127295049,Contact
11003321,70011275678,70127306362,Contact
11003459,70011275816,70127326077,Contact
11003564,70011275921,70127352623,Contact
11006039,70011278396,70127494818,Contact
11007525,70011279887,70128936771,Contact
11007597,70011279959,70128885591,Contact
11012064,70011284424,70127178770,Contact
11012104,70011284464,70126366594,Contact
11012133,70011284493,70126191109,Contact
11012159,70011284519,70126679695,Contact
11012166,70011284526,70126508520,Contact
11012185,70011284545,70126764041,Contact
11012221,70011284581,70124494141,Contact
11012277,70011284637,70126328492,Contact
11012290,70011284650,70126131594,Contact
11032102,70011304464,70129165941,Contact
11034535,70011306899,70129187297,Contact
11034794,70011307158,70128774193,Contact
11049969,70011322317,70129492854,Contact
11060710,70011333061,70129157645,Contact
11068897,70011341255,70129165941,Contact
11096279,70011368649,70129933811,Contact
11112252,70011384598,70126502230,Contact
11112357,70011384703,70130306705,Contact
11112450,70011384796,70130306706,Contact
11112501,70011384847,70130306707,Contact
11113217,70011385563,70130306708,Contact
11113447,70011385793,70130327677,Contact
11120491,70011392848,70130306705,Contact
11120609,70011392966,70130306706,Contact
11128745,70011401101,70130461934,Contact
11129927,70011402284,70130495027,Contact
11130176,70011402533,70129165941,Contact
11130454,70011402811,70130306706,Contact
11132614,70011404973,70130533963,Contact
11132835,70011405194,70130533963,Contact
11140711,70011413072,70130723082,Contact
11141441,70011413802,70130724780,Contact
11152750,70011425115,70130978140,Contact
11162685,70011435030,70130724780,Contact
11163248,70011435591,70131159417,Contact
11171024,70011443346,70131212691,Contact
11172498,70011444820,70131312340,Contact
11182839,70011455166,70131425427,Contact
11182940,70011455267,70131312340,Contact
11183142,70011455469,70129165941,Contact
11183222,70011455549,70130461934,Contact
11189705,70011462023,70131554838,Contact
11196837,70011469120,70130461934,Contact
11197368,70011469651,70129165941,Contact
11212519,70011484805,70129165941,Contact
11217834,70011490123,70131961917,Contact
11217983,70011490272,70132108356,Contact
11223380,70011495655,70132274155,Contact
11223530,70011495805,70131961917,Contact
11223696,70011495971,70132108356,Contact
11231300,70011503578,70132274155,Contact
11231344,70011503622,70132108356,Contact
11235062,70011507341,70132495585,Contact
11270992,70011543253,70132638299,Contact
11271742,70011544003,70132274155,Contact
11275302,70011547568,70132708688,Contact
11279018,70011551277,70132108356,Contact
11286150,70011558406,70132941849,Contact
11286254,70011558510,70132708688,Contact
11302757,70011575023,70133235703,Contact
11303197,70011575463,70133168536,Contact
11303780,70011576046,70131961917,Contact
11307357,70011579620,70133168536,Contact
11307444,70011579707,70133316552,Contact
11311897,70011584150,70132941849,Contact
11311958,70011584211,70131312340,Contact
11311966,70011584219,70131312340,Contact
11313481,70011585734,70133349931,Contact
11316181,70011588434,70133473356,Contact
11320747,70011593011,70133626724,Contact
11321306,70011593573,70132108356,Contact
11321836,70011594103,70133168536,Contact
11342541,70011614796,70132708688,Contact
11342697,70011614952,70133805149,Contact
11342794,70011615049,70133730019,Contact
11353329,70011625572,70133732106,Contact
11353377,70011625620,70133735679,Contact
11353454,70011625697,70133948437,Contact
11353641,70011625884,70133980692,Contact
11353776,70011626019,70133948444,Contact
11353896,70011626139,70133948443,Contact
11364293,70011636542,70134075141,Contact
11364368,70011636617,70134157942,Contact
11365180,70011637429,70134175939,Contact
11373220,70011645456,70134338181,Contact
11373243,70011645480,70134333648,Contact
11373589,70011645826,70134075141,Contact
11373639,70011645876,70134226629,Contact
11373824,70011646061,70131961917,Contact
11380029,70011652272,70134512276,Contact
11380162,70011652405,70132941849,Contact
11420357,70011692593,70135169718,Contact
11428108,70011700343,70132708688,Contact
11428798,70011701034,70135265917,Contact
11429527,70011701763,70135502221,Contact
11429610,70011701846,70135619728,Contact
11438549,70011710786,70135709432,Contact
11441820,70011714078,70135798654,Contact
11455970,70011728234,70136044270,Contact
11456036,70011728300,70136091069,Contact
11461202,70011733465,70136044270,Contact
11461293,70011733556,70136091069,Contact
11461339,70011733602,70136200128,Contact
11461366,70011733629,70136191606,Contact
11462385,70011734648,70136248407,Contact
11464775,70011737038,70136248309,Contact
11464873,70011737136,70136248314,Contact
11464990,70011737252,70136248311,Contact
11465152,70011737414,70136191606,Contact
11465164,70011737426,70136275479,Contact
11485433,70011757703,70136310136,Contact
11485519,70011757789,70136093701,Contact
11485546,70011757816,70136281565,Contact
11485630,70011757900,70136281112,Contact
11487305,70011759575,70136492598,Contact
11487425,70011759695,70136696223,Contact
11487543,70011759813,70136606902,Contact
11490117,70011762389,70136628384,Contact
11490348,70011762620,70136710384,Contact
11490564,70011762836,70136719893,Contact
11494535,70011766809,70136776885,Contact
11494605,70011766879,70136842977,Contact
11514800,70011787086,70137174018,Contact
11529038,70011801323,70137182869,Contact
11529327,70011801612,70137455755,Contact
11530136,70011802421,70137512377,Contact
11530236,70011802521,70137182866,Contact
11532515,70011804803,70137379689,Contact
11532624,70011804912,70137512378,Contact
11532657,70011804945,70137343409,Contact
11532785,70011805073,70137174018,Contact
11533324,70011805612,70137598673,Contact
11537116,70011809399,70137174018,Contact
11537438,70011809721,70137598673,Contact
11537714,70011809997,70137676197,Contact
11537821,70011810104,70137182866,Contact
11541368,70011813653,70137755363,Contact
11544913,70011817198,70137834921,Contact
11544954,70011817239,70137865395,Contact
11545113,70011817398,70137343409,Contact
11545139,70011817424,70137676197,Contact
11545195,70011817480,70137512378,Contact
11545327,70011817612,70137379689,Contact
11553367,70011825651,70137919484,Contact
11554544,70011826828,70132708688,Contact
11559721,70011832006,70138135450,Contact
11559768,70011832053,70138064205,Contact
11559843,70011832129,70136719893,Contact
11559954,70011832240,70137834921,Contact
11560088,70011832374,70137676197,Contact
11560141,70011832426,70137343409,Contact
11560275,70011832559,70137182866,Contact
11560488,70011832768,70137512378,Contact
11560567,70011832846,70137379689,Contact
11567906,70011840180,70138285837,Contact
11569659,70011841933,70138323876,Contact
11588531,70011860807,70138323876,Contact
11588613,70011860889,70138433148,Contact
11588673,70011860949,70138285837,Contact
11591932,70011864210,70138501408,Contact
11592147,70011864425,70138587715,Contact
11592878,70011865157,70137598673,Contact
11597007,70011869273,70137343409,Contact
11597079,70011869345,70137676197,Contact
11597128,70011869394,70138454991,Contact
11597154,70011869420,70138454991,Contact
11604580,70011876845,70138804657,Contact
11604826,70011877091,70138877793,Contact
11604869,70011877134,70138323876,Contact
11605007,70011877273,70138877794,Contact
11605188,70011877454,70138881909,Contact
11605473,70011877739,70138881909,Contact
11607474,70011879743,70138928282,Contact
11607632,70011879901,70138933064,Contact
11607774,70011880043,70138920601,Contact
11608381,70011880650,70138804640,Contact
11608485,70011880754,70138954716,Contact
11612754,70011885024,70138501408,Contact
11613235,70011885505,70139057749,Contact
11613407,70011885677,70139028383,Contact
11613551,70011885821,70138932938,Contact
11613613,70011885883,70138867572,Contact
11620265,70011892539,70139103404,Contact
11620300,70011892574,70139103407,Contact
11620378,70011892652,70139112547,Contact
11620427,70011892701,70139179459,Contact
11620498,70011892772,70138804640,Contact
11620600,70011892874,70138877793,Contact
11620693,70011892967,70138804657,Contact
11624853,70011897129,70139256370,Contact
11628616,70011900892,70138587715,Contact
11628661,70011900937,70138933064,Contact
11628705,70011900980,70138954716,Contact
11628904,70011901180,70139028383,Contact
11628983,70011901259,70139103404,Contact
11629207,70011901483,70139103407,Contact
11629459,70011901735,70139256370,Contact
11629586,70011901862,70139326988,Contact
12157068,70012429150,70138867572,Contact
12157110,70012429192,70139028388,Contact
12157504,70012429586,70139326989,Contact
12157540,70012429622,70139256388,Contact
12159485,70012431568,70139670734,Contact
12160661,70012432744,70139670734,Contact
12172415,70012444496,70139929460,Contact
12176060,70012448142,70139929465,Contact
12176083,70012448165,70139915648,Contact
12176117,70012448199,70139863787,Contact
12176147,70012448229,70139969767,Contact
12176178,70012448260,70139929460,Contact
12180266,70012452343,70139929460,Contact
12180634,70012452711,70139863787,Contact
12180789,70012452866,70139969767,Contact
12180963,70012453040,70140000979,Contact
12180997,70012453074,70140000979,Contact
12181600,70012453677,70139929465,Contact
12181730,70012453807,70138932938,Contact
12181810,70012453887,70138877793,Contact
12183145,70012455226,70140130991,Contact
12184209,70012456290,70140031674,Contact
12188081,70012460114,70140141050,Contact
12188130,70012460163,70140141054,Contact
12188273,70012460306,70140209658,Contact
12188318,70012460351,70140209656,Contact
12188799,70012460832,70140209658,Contact
12196772,70012468804,70140350796,Contact
12196925,70012468957,70140361745,Contact
12196980,70012469012,70140315623,Contact
12197228,70012469260,70140361745,Contact
12197325,70012469357,70140376549,Contact
12197394,70012469426,70080984284,Contact
12219122,70012491161,70139326988,Contact
12219128,70012491167,70139326988,Contact
12219148,70012491187,70140000979,Contact
12219182,70012491221,70138932938,Contact
12219210,70012491249,70140141050,Contact
12219290,70012491329,70140141054,Contact
12219369,70012491408,70139670734,Contact
12219516,70012491552,70080984284,Contact
12219998,70012492034,70139929458,Contact
12235477,70012507514,70080984284,Contact
12235845,70012507882,70080984284,Contact
12236303,70012508340,70139929460,Contact
12236541,70012508578,70140278391,Contact
12236811,70012508848,70140350796,Contact
12238274,70012510311,70139256379,Contact
12238308,70012510345,70140626011,Contact
12238425,70012510462,70140209659,Contact
12238458,70012510495,70140426054,Contact
12238956,70012510993,70140897301,Contact
12239076,70012511113,70139028381,Contact
12243860,70012515866,70141135922,Contact
12244599,70012516607,70141219254,Contact
12244678,70012516686,70141142069,Contact
12245356,70012517363,70140926242,Contact
12252939,70012524926,70141292050,Contact
12265435,70012537423,70138932938,Contact
12265687,70012537675,70138933064,Contact
12266884,70012538873,70141634999,Contact
12266936,70012538925,70140897301,Contact
12268174,70012540164,70141142069,Contact
12268367,70012540357,70141292050,Contact
12268499,70012540489,70140926239,Contact
12268597,70012540587,70140926242,Contact
12273546,70012545454,70141715718,Contact
12283029,70012554920,70141969972,Contact
12283210,70012555101,70069090812,Contact
12283269,70012555160,70141715718,Contact
12283328,70012555219,70140926242,Contact
12283408,70012555299,70141292050,Contact
12283484,70012555375,70140897301,Contact
12286713,70012558606,70141994813,Contact
12290965,70012562860,70142020020,Contact
12319727,70012591566,70142020020,Contact
12319869,70012591709,70142141188,Contact
12319920,70012591760,70142154900,Contact
12319969,70012591809,70142215426,Contact
12319996,70012591836,70142272598,Contact
12320664,70012592504,70142344411,Contact
12320767,70012592608,70142154900,Contact
12320950,70012592791,70142538728,Contact
12321277,70012593118,70142327485,Contact
12322322,70012594162,70142215423,Contact
12322337,70012594177,70142382589,Contact
12322659,70012594499,70142538728,Contact
12322916,70012594756,70140209659,Contact
12323186,70012595026,70142647004,Contact
12323536,70012595376,70142652351,Contact
12323807,70012595647,70142162088,Contact
12328716,70012600522,70142660325,Contact
12328848,70012600654,70142708545,Contact
12329549,70012601356,70142382589,Contact
12348697,70012620441,70142882002,Contact
12348775,70012620519,70143011699,Contact
12349453,70012621199,70143070052,Contact
12351957,70012623705,70142790346,Contact
12352152,70012623900,70142882017,Contact
12352236,70012623984,70142808575,Contact
12352976,70012624726,70142708545,Contact
12356964,70012628707,70142808575,Contact
12357001,70012628744,70143126562,Contact
12357051,70012628794,70143162202,Contact
12357114,70012628857,70143139858,Contact
12358036,70012629785,70143225915,Contact
12360933,70012632680,70143225915,Contact
12361123,70012632870,70143240084,Contact
12361177,70012632924,70143219252,Contact
12362379,70012634130,70143279141,Contact
12365770,70012637486,70142790346,Contact
12365948,70012637664,70142882017,Contact
12368000,70012639717,70143279141,Contact
12378688,70012650412,70142020020,Contact
12378835,70012650559,70143162202,Contact
12378911,70012650635,70142808575,Contact
12378985,70012650709,70143225915,Contact
12379200,70012650924,70143575181,Contact
12379264,70012650988,70080984284,Contact
12379275,70012650999,70080984284,Contact
12405295,70012677043,70136719893,Contact
12405317,70012677065,70080984284,Contact
12408931,70012680677,70142790346,Contact
12428065,70012699826,70144308744,Contact
12443268,70012715037,70144581181,Contact
12452613,70012724385,70144756898,Contact
12452634,70012724406,70144770092,Contact
12452680,70012724451,70144738151,Contact
12452697,70012724468,70144834058,Contact
12462717,70012734490,70144517404,Contact
12462734,70012734507,70144695458,Contact
12502642,70012774417,70145167865,Contact
12502664,70012774439,70145444866,Contact
12502738,70012774513,70143279141,Contact
12503564,70012775339,70142020020,Contact
12504583,70012776358,70143225915,Contact
12513152,70012784925,70145744447,Contact
12513205,70012784978,70145167865,Contact
12513289,70012785062,70145444866,Contact
12522411,70012794187,70145878533,Contact
12522541,70012794317,70145862472,Contact
12522571,70012794347,70145912931,Contact
12533582,70012805363,70146100348,Contact
12537108,70012808891,70146235209,Contact
12542607,70012814394,70143225915,Contact
12551632,70012823420,70146435987,Contact
12551739,70012823527,70146497023,Contact
12568494,70012840282,70146624872,Contact
12568518,70012840306,70146570792,Contact
12573484,70012845275,70146777217,Contact
12602250,70012874028,70146496833,Contact
12673844,70012945620,70148396759,Contact
12678350,70012950127,70148396759,Contact
12703779,70012975553,70148869939,Contact
12709138,70012980914,70148870172,Contact
12714447,70012986225,70149125840,Contact
12714473,70012986251,70148870172,Contact
12716069,70012987850,70148977349,Contact
12716097,70012987878,70148687620,Contact
12716172,70012987953,70149125840,Contact
12720251,70012992030,70149185493,Contact
12720988,70012992769,70148527512,Contact
12721832,70012993615,70149185669,Contact
12722261,70012994044,70149125840,Contact
12725618,70012997402,70149319970,Contact
12758223,70013030006,70149507126,Contact
12758282,70013030065,70134075141,Contact
12758302,70013030085,70149125840,Contact
12760145,70013031928,70149911613,Contact
12760839,70013032622,70149850940,Contact
12762559,70013034342,70149718294,Contact
12762654,70013034438,70149699265,Contact
12762733,70013034518,70149650583,Contact
12769042,70013040826,70149945580,Contact
12769066,70013040850,70149507126,Contact
12769090,70013040874,70149650583,Contact
12774049,70013045834,70150023943,Contact
12775134,70013046919,70149972889,Contact
12775623,70013047408,70150086175,Contact
12779810,70013051595,70150076701,Contact
12780342,70013052129,70140692463,Contact
12790944,70013062735,70150278348,Contact
12791768,70013063561,70148977349,Contact
12815946,70013087733,70150578787,Contact
12826413,70013098201,70150816836,Contact
12826547,70013098336,70150841752,Contact
12827596,70013099389,70150840142,Contact
12827649,70013099442,70150807828,Contact
12827945,70013099738,70150771313,Contact
12828129,70013099922,70150751872,Contact
12830383,70013102176,70150706844,Contact
12831495,70013103288,70150981514,Contact
12835340,70013107133,70151091242,Contact
12836627,70013108420,70150771313,Contact
12841732,70013113525,70151132519,Contact
12841776,70013113569,70151108742,Contact
12841787,70013113580,70151108742,Contact
12845668,70013117467,70151238906,Contact
12846002,70013117801,70151091242,Contact
12846104,70013117903,70134075141,Contact
12849954,70013121756,70151295307,Contact
12853860,70013125660,70151335727,Contact
12871431,70013143230,70151606696,Contact
12872066,70013143865,70151708297,Contact
12872084,70013143883,70151717664,Contact
12882005,70013153804,70151747735,Contact
12882158,70013153957,70151821375,Contact
12882242,70013154041,70151795165,Contact
12883158,70013154957,70151880996,Contact
12883225,70013155024,70151951809,Contact
12883320,70013155119,70151949204,Contact
12883876,70013155675,70151731961,Contact
12890221,70013162024,70152011841,Contact
12890657,70013162460,70152043847,Contact
12891048,70013162852,70151132519,Contact
12891282,70013163085,70152127961,Contact
12905811,70013177624,70152185993,Contact
12905830,70013177643,70152270160,Contact
12905881,70013177694,70152287544,Contact
12905902,70013177715,70152127961,Contact
12905945,70013177758,70151431804,Contact
12905972,70013177785,70151335727,Contact
12906047,70013177860,70134075141,Contact
12906063,70013177876,70134075141,Contact
12906177,70013177992,70152313413,Contact
12906205,70013178020,70152320359,Contact
12906278,70013178093,70152355839,Contact
12906365,70013178180,70152336089,Contact
12906563,70013178378,70152429993,Contact
12909038,70013180854,70151708297,Contact
12910516,70013182332,70134075141,Contact
12913565,70013185378,70152467689,Contact
12913966,70013185779,70152499387,Contact
12914338,70013186151,70152547907,Contact
12918424,70013190239,70152583965,Contact
12923036,70013194850,70152698359,Contact
12923115,70013194929,70152705202,Contact
12923387,70013195201,70152707783,Contact
12923441,70013195255,70152710035,Contact
12924218,70013196032,70152728552,Contact
12924275,70013196089,70152733701,Contact
12925586,70013197401,70152743388,Contact
12925701,70013197516,70152697471,Contact
12925770,70013197585,70152702144,Contact
12925798,70013197613,70152762595,Contact
12934573,70013206391,70152863299,Contact
12934601,70013206419,70152864136,Contact
12934616,70013206434,70152911158,Contact
12934699,70013206517,70152932047,Contact
12934821,70013206639,70152918419,Contact
12935643,70013207462,70152863036,Contact
12935748,70013207567,70152864421,Contact
12935811,70013207630,70152914275,Contact
12936195,70013208014,70152909619,Contact
12936262,70013208081,70152914275,Contact
12936282,70013208101,70152864421,Contact
12936436,70013208255,70152928555,Contact
12940843,70013212663,70152894515,Contact
12942808,70013214629,70153139814,Contact
12943310,70013215132,70153094193,Contact
12943433,70013215255,70152773137,Contact
12943477,70013215299,70152781279,Contact
12943620,70013215442,70152789472,Contact
12944078,70013215900,70152793976,Contact
12955534,70013227358,70153390575,Contact
12955605,70013227429,70153214111,Contact
12955906,70013227730,70153218288,Contact
12956045,70013227869,70153274490,Contact
12956167,70013227991,70153255713,Contact
12956406,70013228230,70153216522,Contact
12962737,70013234562,70152300007,Contact
12962771,70013234596,70150911532,Contact
12962778,70013234603,70152894515,Contact
12962919,70013234744,70153474922,Contact
12963242,70013235067,70153543626,Contact
12963576,70013235401,70153421318,Contact
12963889,70013235714,70153306029,Contact
12964085,70013235910,70153094193,Contact
12971848,70013243673,70153561072,Contact
12971936,70013243761,70153561072,Contact
12972108,70013243933,70153560647,Contact
12972430,70013244255,70153583469,Contact
12975912,70013247737,70153598627,Contact
12990149,70013261976,70153779980,Contact
12993085,70013264915,70153970636,Contact
12993173,70013265003,70153964457,Contact
12993242,70013265072,70153857773,Contact
12993504,70013265334,70153908021,Contact
12993786,70013265616,70153912284,Contact
12994691,70013266521,70153914506,Contact
12997473,70013269305,70153756032,Contact
12997504,70013269336,70154052371,Contact
13011932,70013283757,70154320283,Contact
13012211,70013284036,70154342975,Contact
13012440,70013284265,70154324071,Contact
13012519,70013284344,70154153490,Contact
13012619,70013284444,70154350052,Contact
13016052,70013287878,70154187061,Contact
13017145,70013288971,70154375165,Contact
13020885,70013292710,70152894515,Contact
13021133,70013292958,70154421855,Contact
13034264,70013306081,70154611255,Contact
13034286,70013306103,70154634539,Contact
13034412,70013306229,70153748674,Contact
13047344,70013319160,70154635513,Contact
13069498,70013341317,70155441003,Contact
13172611,70013444442,70154877742,Contact
13172770,70013444601,70154878798,Contact
13172938,70013444769,70154783702,Contact
13173117,70013444948,70154763241,Contact
13173204,70013445035,70154884682,Contact
13173370,70013445201,70154935106,Contact
13173824,70013445655,70154882401,Contact
13174268,70013446099,70155025480,Contact
13174313,70013446144,70155196676,Contact
13178435,70013450269,70156935498,Contact
13178645,70013450479,70156935498,Contact
13178887,70013450721,70156802650,Contact
13178997,70013450831,70156108147,Contact
13179175,70013451009,70156130143,Contact
13179298,70013451132,70156425339,Contact
13179833,70013451667,70156251069,Contact
13179943,70013451778,70157050496,Contact
13187892,70013459723,70157553411,Contact
13188551,70013460382,70157426564,Contact
13188619,70013460450,70157454996,Contact
13188708,70013460539,70157444506,Contact
13188912,70013460743,70157538415,Contact
13189052,70013460883,70157514437,Contact
13189227,70013461058,70157384235,Contact
13197304,70013469142,70157635152,Contact
13207875,70013479712,70157669572,Contact
13211841,70013483679,70157735251,Contact
13211873,70013483711,70157713778,Contact
13211921,70013483759,70157711254,Contact
13215039,70013486879,70157869101,Contact
13219037,70013490877,70158211201,Contact
13219153,70013490993,70158189983,Contact
13229195,70013501036,70158351395,Contact
13229410,70013501251,70158373269,Contact
13229557,70013501398,70158403272,Contact
13229888,70013501729,70158389700,Contact
13235202,70013507044,70158481672,Contact
13240768,70013512611,70158528377,Contact
13240806,70013512649,70158501171,Contact
13240834,70013512677,70157869101,Contact
13240859,70013512702,70158222795,Contact
13240873,70013512716,70137834921,Contact
13247607,70013519450,70158652495,Contact
13247635,70013519478,70158545602,Contact
13247660,70013519503,70158583603,Contact
13247683,70013519526,70158661103,Contact
13247723,70013519566,70158660999,Contact
13248145,70013519989,70158681263,Contact
13266191,70013538035,70158853008,Contact
13266269,70013538113,70158892082,Contact
13266309,70013538153,70158980552,Contact
13273268,70013545110,70159021160,Contact
13275015,70013546858,70159086795,Contact
13275039,70013546882,70159111512,Contact
13299792,70013571638,70159541483,Contact
13303151,70013574998,70159588048,Contact
13304824,70013576671,70159689336,Contact
13309230,70013581077,70159752572,Contact
13309984,70013581831,70159789674,Contact
13310121,70013581968,70159815174,Contact
13310185,70013582032,70159848076,Contact
13312628,70013584475,70159830198,Contact
13317679,70013589520,70159886622,Contact
13317762,70013589603,70159435596,Contact
13317785,70013589626,70159391481,Contact
13317823,70013589664,70159395964,Contact
13317987,70013589828,70159391369,Contact
13318294,70013590135,70159448064,Contact
13318382,70013590223,70159345554,Contact
13318432,70013590273,70159253891,Contact
13319113,70013590954,70159240060,Contact
13324940,70013596784,70160142168,Contact
13325219,70013597063,70160018885,Contact
13328853,70013600704,70160208057,Contact
13328895,70013600746,70160155657,Contact
13334755,70013606610,70160358655,Contact
13334777,70013606632,70160363959,Contact
13334944,70013606800,70160578859,Contact
13335021,70013606877,70160575576,Contact
13335050,70013606906,70160579910,Contact
13335875,70013607732,70160411351,Contact
13335893,70013607751,70159789674,Contact
13344538,70013616410,70160784695,Contact
13344554,70013616426,70160784695,Contact
13344641,70013616513,70160782851,Contact
13346092,70013617964,70160363959,Contact
13346371,70013618243,70160294612,Contact
13353113,70013624985,70161018983,Contact
13353362,70013625234,70161018983,Contact
13359410,70013631284,70161043492,Contact
13394970,70013666822,70161049597,Contact
13403456,70013675308,70160208057,Contact
13403471,70013675323,70160363959,Contact
13403534,70013675386,70161068545,Contact
13403565,70013675417,70161559963,Contact
13403591,70013675443,70161560203,Contact
13403604,70013675456,70161633352,Contact
13403664,70013675516,70161540650,Contact
13403710,70013675562,70161542124,Contact
13403778,70013675630,70161412206,Contact
13406170,70013678022,70161261442,Contact
13406198,70013678050,70161261442,Contact
13413672,70013685522,70133805149,Contact
13413713,70013685563,70161106400,Contact
13413727,70013685577,70161043492,Contact
13413775,70013685625,70161224845,Contact
13414091,70013685941,70161233374,Contact
13414637,70013686487,70161154084,Contact
13414755,70013686605,70161162484,Contact
13414940,70013686791,70161467444,Contact
13415328,70013687178,70161665296,Contact
13415480,70013687330,70161808745,Contact
13415508,70013687358,70161660260,Contact
13415620,70013687470,70161670760,Contact
13415767,70013687617,70161539742,Contact
13415883,70013687733,70161708108,Contact
13415992,70013687842,70161808826,Contact
13418596,70013690445,70161808827,Contact
13418823,70013690672,70161808829,Contact
13419064,70013690913,70161808830,Contact
13419606,70013691455,70161808832,Contact
13419741,70013691590,70161808834,Contact
13419816,70013691663,70161808837,Contact
13419882,70013691728,70161808838,Contact
13419932,70013691778,70161808841,Contact
13420049,70013691895,70161808932,Contact
13420173,70013692019,70161808928,Contact
13420216,70013692062,70161808926,Contact
13420268,70013692114,70161808914,Contact
13420474,70013692320,70161808912,Contact
13420529,70013692375,70161808899,Contact
13423898,70013695744,70162232102,Contact
13423960,70013695806,70162181640,Contact
13424399,70013696245,70162175541,Contact
13424677,70013696523,70162132628,Contact
13424787,70013696633,70162122650,Contact
13428355,70013700201,70162156485,Contact
13428539,70013700385,70162262274,Contact
13436540,70013708386,70162359097,Contact
13437301,70013709147,70162299216,Contact
13437328,70013709174,70162300402,Contact
13437410,70013709256,70162308470,Contact
13437430,70013709276,70162301386,Contact
13437447,70013709293,70161808977,Contact
13437502,70013709348,70161808983,Contact
13437526,70013709372,70161808986,Contact
13437545,70013709391,70161808991,Contact
13437571,70013709417,70161808992,Contact
13437586,70013709432,70161809003,Contact
13437661,70013709507,70161691919,Contact
13437685,70013709531,70161799920,Contact
13437713,70013709559,70161777354,Contact
13437738,70013709584,70161808719,Contact
13437757,70013709603,70161808732,Contact
13452998,70013724842,70161808738,Contact
13453111,70013724955,70158677405,Contact
13453167,70013725011,70158681263,Contact
13453243,70013725087,70158759095,Contact
13453336,70013725180,70158746596,Contact
13453466,70013725310,70159351460,Contact
13453639,70013725483,70159435596,Contact
13453668,70013725512,70159752572,Contact
13453734,70013725578,70161808741,Contact
13453781,70013725625,70161808744,Contact
13454011,70013725855,70161808746,Contact
13454050,70013725894,70161808748,Contact
13454118,70013725962,70161808752,Contact
13454239,70013726083,70161808755,Contact
13458024,70013729866,70161808760,Contact
13458066,70013729908,70161808761,Contact
13458269,70013730111,70161808762,Contact
13458640,70013730482,70161808763,Contact
13458990,70013730832,70161808767,Contact
13459078,70013730920,70161808782,Contact
13459428,70013731269,70161808779,Contact
13459574,70013731416,70161808787,Contact
13459699,70013731541,70161808798,Contact
13459988,70013731830,70161808813,Contact
13460069,70013731911,70161808852,Contact
13460211,70013732053,70161808853,Contact
13460387,70013732229,70161808968,Contact
13460475,70013732317,70161809007,Contact
13460656,70013732498,70160208057,Contact
13460738,70013732580,70161068545,Contact
13462423,70013734265,70161965649,Contact
13462563,70013734405,70161949616,Contact
13462677,70013734519,70161843593,Contact
13462812,70013734654,70161867982,Contact
13462876,70013734718,70161921128,Contact
13463045,70013734887,70161841211,Contact
13463165,70013735007,70161992874,Contact
13463240,70013735082,70162006237,Contact
13463416,70013735258,70162012492,Contact
13463493,70013735335,70162016351,Contact
13463587,70013735429,70162070235,Contact
13463697,70013735539,70162413330,Contact
13463730,70013735572,70162402992,Contact
13463922,70013735764,70159124905,Contact
13464114,70013735956,70162501123,Contact
13464138,70013735980,70162503343,Contact
13464208,70013736050,70162541854,Contact
13464262,70013736104,70162448698,Contact
13464286,70013736128,70162711619,Contact
13464394,70013736236,70162708253,Contact
13464619,70013736461,70162548650,Contact
13464640,70013736482,70162599028,Contact
13464726,70013736568,70162553599,Contact
13464770,70013736612,70162688766,Contact
13464826,70013736668,70162401340,Contact
13469863,70013741706,70161808861,Contact
13469969,70013741812,70161808856,Contact
13471096,70013742939,70161808862,Contact
13471165,70013743008,70161808865,Contact
13471264,70013743107,70161808866,Contact
13471367,70013743210,70161808870,Contact
13471480,70013743323,70161808964,Contact
13471587,70013743430,70161808962,Contact
13471690,70013743533,70161808953,Contact
13471780,70013743623,70161808945,Contact
13472077,70013743921,70161808943,Contact
13472280,70013744124,70161808942,Contact
13472437,70013744281,70161808874,Contact
13472690,70013744534,70155516353,Contact
13472995,70013744839,70156076536,Contact
13476428,70013748272,70155619695,Contact
13476451,70013748295,70155771406,Contact
13476481,70013748325,70156061335,Contact
13476572,70013748416,70155763883,Contact
13476581,70013748425,70155763883,Contact
13476634,70013748478,70156530767,Contact
13476657,70013748501,70156644453,Contact
13476742,70013748586,70156016132,Contact
13476810,70013748654,70156141580,Contact
13476841,70013748685,70156149004,Contact
13476921,70013748765,70156175277,Contact
13477026,70013748871,70156134471,Contact
13477801,70013749645,70156344622,Contact
13482012,70013753854,70161808872,Contact
13482344,70013754186,70161808878,Contact
13486128,70013757964,70161808939,Contact
13563384,70013835230,70164259806,Contact
13563410,70013835256,70164261279,Contact
13563453,70013835299,70164270941,Contact
13563510,70013835356,70163983982,Contact
13563603,70013835449,70163206483,Contact
13563634,70013835480,70163217291,Contact
13563744,70013835591,70163317858,Contact
13563781,70013835629,70163368991,Contact
13563824,70013835672,70163472015,Contact
13563869,70013835717,70163503432,Contact
13563907,70013835755,70163622420,Contact
13563934,70013835782,70163626983,Contact
13564601,70013836450,70163652418,Contact
13565007,70013836856,70164431273,Contact
13565260,70013837109,70164435653,Contact
13565340,70013837189,70164414345,Contact
13565548,70013837397,70164330123,Contact
13568730,70013840579,70163789993,Contact
13568901,70013840750,70163984575,Contact
13579280,70013851129,70164478544,Contact
13579505,70013851354,70164527505,Contact
13579545,70013851394,70164539087,Contact
13580456,70013852305,70164431273,Contact
13601710,70013873565,70164652871,Contact
13601751,70013873606,70164723908,Contact
13601766,70013873621,70164723908,Contact
13601840,70013873695,70164737271,Contact
13601929,70013873784,70164743493,Contact
13601973,70013873828,70164743086,Contact
13602315,70013874170,70164478544,Contact
13603755,70013875614,70163652418,Contact
13603953,70013875811,70164760019,Contact
13604277,70013876136,70164787348,Contact
13604674,70013876537,70164776841,Contact
13604757,70013876620,70164867967,Contact
13608983,70013880852,70164899559,Contact
13609185,70013881054,70164899942,Contact
13609587,70013881456,70164903487,Contact
13609628,70013881498,70164916706,Contact
13614812,70013886683,70164759186,Contact
13614869,70013886740,70164781751,Contact
13614908,70013886779,70164947586,Contact
13615119,70013886990,70165020271,Contact
13615175,70013887046,70165036974,Contact
13615392,70013887263,70164985807,Contact
13615555,70013887421,70164956029,Contact
13615803,70013887660,70164723908,Contact
13626537,70013898385,70165218435,Contact
13627763,70013899611,70165116108,Contact
13627812,70013899660,70165109597,Contact
13627927,70013899775,70165104993,Contact
13629531,70013901379,70165084755,Contact
13629723,70013901571,70165067572,Contact
13637838,70013909686,70165256761,Contact
13638241,70013910089,70165254329,Contact
13638258,70013910106,70165236116,Contact
13638312,70013910160,70165263726,Contact
13638459,70013910308,70165257453,Contact
13638607,70013910455,70165352956,Contact
13638873,70013910721,70165327216,Contact
13652561,70013924409,70165380161,Contact
13652580,70013924428,70165327216,Contact
13652650,70013924498,70163014710,Contact
13674830,70013946688,70165919250,Contact
13674950,70013946809,70165828737,Contact
13675461,70013947323,70165650920,Contact
13675627,70013947490,70165664417,Contact
13676387,70013948250,70165876510,Contact
13676499,70013948362,70165846355,Contact
13679893,70013951757,70165891868,Contact
13679949,70013951813,70165843543,Contact
13680050,70013951914,70165961222,Contact
13680101,70013951965,70165969733,Contact
13680230,70013952094,70165970755,Contact
13680259,70013952123,70165961222,Contact
13680295,70013952159,70165961222,Contact
13680552,70013952416,70165536910,Contact
13684622,70013956487,70165529384,Contact
13684986,70013956851,70165997295,Contact
13685715,70013957580,70165692470,Contact
13685968,70013957833,70165961222,Contact
13688957,70013960821,70165476594,Contact
13689270,70013961134,70165991164,Contact
13689406,70013961270,70165999463,Contact
13689495,70013961359,70166004411,Contact
13689584,70013961448,70165995532,Contact
13689649,70013961513,70166048022,Contact
13689849,70013961713,70165995827,Contact
13689976,70013961840,70166109099,Contact
13690012,70013961876,70166112003,Contact
13690070,70013961934,70166109473,Contact
13690427,70013962291,70166139761,Contact
13704443,70013976318,70166209112,Contact
13704516,70013976391,70166236176,Contact
13704566,70013976441,70166167398,Contact
13704952,70013976827,70166271378,Contact
13705841,70013977716,70145406645,Contact
13705990,70013977865,70166295370,Contact
13708132,70013980007,70166424879,Contact
13708222,70013980097,70166400279,Contact
13708436,70013980311,70166401054,Contact
13708794,70013980669,70166385032,Contact
13709838,70013981713,70166379486,Contact
13718621,70013990503,70166478982,Contact
13718878,70013990760,70166568255,Contact
13718979,70013990862,70166583901,Contact
13719046,70013990929,70166585969,Contact
13719132,70013991015,70166489304,Contact
13738189,70014010073,70166489304,Contact
13738499,70014010383,70166598078,Contact
13738605,70014010489,70166621007,Contact
13739865,70014011749,70166621007,Contact
13742704,70014014585,70166702384,Contact
13742921,70014014802,70166544436,Contact
13743009,70014014889,70165846355,Contact
13743082,70014014962,70167064152,Contact
13743166,70014015046,70166761885,Contact
13743231,70014015111,70166828947,Contact
13743276,70014015156,70167065005,Contact
13743324,70014015204,70167065070,Contact
13743430,70014015310,70167065450,Contact
13743495,70014015375,70167065821,Contact
13743530,70014015410,70073147465,Contact
13743832,70014015712,70167065477,Contact
13743873,70014015753,70167078121,Contact
13747108,70014018986,70167078241,Contact
13752123,70014024002,70166441397,Contact
13752172,70014024051,70167079111,Contact
13752467,70014024346,70167079985,Contact
13752507,70014024386,70167081104,Contact
13752840,70014024719,70167274015,Contact
13752862,70014024741,70167272860,Contact
13756425,70014028303,70167287281,Contact
13756594,70014028471,70167337565,Contact
13756607,70014028484,70167387525,Contact
13757466,70014029342,70165517019,Contact
13757574,70014029450,70167392696,Contact
13760845,70014032721,70167404604,Contact
13760861,70014032737,70167416330,Contact
13761862,70014033738,70167401617,Contact
13761911,70014033787,70167401620,Contact
13761946,70014033822,70167401618,Contact
13762094,70014033970,70167401463,Contact
13764671,70014036547,70167400898,Contact
13764743,70014036619,70167401634,Contact
13764925,70014036801,70167401616,Contact
13764956,70014036832,70167401621,Contact
13764978,70014036854,70167401625,Contact
13765001,70014036877,70167401625,Contact
13765136,70014037012,70167401622,Contact
13765159,70014037035,70167401624,Contact
13767252,70014039128,70167540249,Contact
13768837,70014040712,70167524269,Contact
13769002,70014040877,70167422659,Contact
13769195,70014041070,70167405828,Contact
13769357,70014041232,70167422659,Contact
13769566,70014041441,70167405418,Contact
13769724,70014041599,70167537479,Contact
13770242,70014042117,70167575046,Contact
13770606,70014042481,70167589244,Contact
13774275,70014046149,70167589279,Contact
13774568,70014046442,70167589233,Contact
13774624,70014046498,70167589280,Contact
13774824,70014046698,70167589282,Contact
13775338,70014047212,70167654031,Contact
13775482,70014047356,70167707899,Contact
13775600,70014047474,70167695673,Contact
13775739,70014047613,70167589234,Contact
13775849,70014047723,70167589275,Contact
13783050,70014054925,70167589277,Contact
13783103,70014054978,70167589281,Contact
13783141,70014055016,70167684012,Contact
13783172,70014055047,70167665203,Contact
13783211,70014055086,70167653624,Contact
13783236,70014055111,70167621783,Contact
13783283,70014055158,70167666798,Contact
13783332,70014055207,70167664563,Contact
13783343,70014055218,70167610790,Contact
13783356,70014055231,70167609431,Contact
13783406,70014055281,70167606534,Contact
13783782,70014055657,70167591767,Contact
13783964,70014055839,70167589237,Contact
13784134,70014056009,70167714192,Contact
13784702,70014056577,70167776841,Contact
13784964,70014056839,70167755657,Contact
13785128,70014057003,70167740490,Contact
13785183,70014057058,70167856163,Contact
13785236,70014057111,70167758655,Contact
13786811,70014058686,70167742288,Contact
13787203,70014059078,70167852254,Contact
13787794,70014059669,70167880619,Contact
13787831,70014059706,70167871117,Contact
13787840,70014059715,70167871117,Contact
13787885,70014059760,70167870833,Contact
13798272,70014070148,70168118220,Contact
13798495,70014070371,70168052839,Contact
13799934,70014071810,70168130508,Contact
13802861,70014074737,70168187930,Contact
13802867,70014074743,70168187930,Contact
13803415,70014075291,70168177015,Contact
13807312,70014079189,70168202864,Contact
13809276,70014081153,70168301939,Contact
13809329,70014081206,70168298288,Contact
13809422,70014081299,70168222344,Contact
13811214,70014083092,70168341990,Contact
13811323,70014083201,70168338325,Contact
13812549,70014084428,70168290073,Contact
13812605,70014084483,70168340092,Contact
13816134,70014088013,70166544436,Contact
13816317,70014088196,70162012492,Contact
13816389,70014088268,70122665092,Contact
13816579,70014088458,70122752299,Contact
13817452,70014089330,70165999463,Contact
13819703,70014091586,70168572252,Contact
13819943,70014091826,70168557970,Contact
13821120,70014093003,70168555785,Contact
13821344,70014093228,70168385673,Contact
13821396,70014093280,70168501279,Contact
13821410,70014093294,70168555785,Contact
13821440,70014093325,70168534484,Contact
13830417,70014102307,70168701197,Contact
13830461,70014102351,70168705306,Contact
13830482,70014102372,70168613266,Contact
13830627,70014102517,70168693246,Contact
13830663,70014102553,70168701390,Contact
13831760,70014103650,70168673116,Contact
13834258,70014106148,70168716755,Contact
13834394,70014106284,70168709426,Contact
13834491,70014106381,70168725313,Contact
13835967,70014107857,70168725129,Contact
13839317,70014111207,70168761223,Contact
13842200,70014114090,70168766319,Contact
13847484,70014119376,70168884160,Contact
13847523,70014119415,70168883475,Contact
13847546,70014119438,70168783247,Contact
13851397,70014123288,70169052061,Contact
13866712,70014138602,70168885844,Contact
13866737,70014138627,70169053029,Contact
13867329,70014139219,70169270022,Contact
13867352,70014139242,70169264062,Contact
13867543,70014139433,70169240207,Contact
13868153,70014140043,70167724444,Contact
13868352,70014140242,70167728092,Contact
13868970,70014140860,70167609431,Contact
13869068,70014140958,70167728092,Contact
13871591,70014143481,70167776841,Contact
13871672,70014143564,70167880619,Contact
13871911,70014143803,70168000748,Contact
13872124,70014144016,70169437770,Contact
13872482,70014144374,70169429519,Contact
13872546,70014144438,70169419156,Contact
13872623,70014144515,70169321430,Contact
13872653,70014144545,70168981462,Contact
13872813,70014144705,70167274015,Contact
13872855,70014144747,70168002574,Contact
13885077,70014156973,70169685402,Contact
13885095,70014156991,70169667358,Contact
13885267,70014157163,70169624787,Contact
13885412,70014157308,70169596773,Contact
13885455,70014157351,70169614140,Contact
13886164,70014158060,70169735418,Contact
13894258,70014166155,70169896275,Contact
13894300,70014166197,70169819252,Contact
13895721,70014167618,70169807287,Contact
13895927,70014167824,70169836637,Contact
13896129,70014168026,70169851894,Contact
13905231,70014177128,70169941222,Contact
13907645,70014179543,70170031875,Contact
13907985,70014179883,70170027759,Contact
13908109,70014180007,70169991060,Contact
13908164,70014180062,70170083874,Contact
13912827,70014184726,70170113547,Contact
13913057,70014184956,70170113547,Contact
13913069,70014184968,70170126468,Contact
13913081,70014184980,70170194947,Contact
13913095,70014184994,70170115616,Contact
13937227,70014209124,70170096554,Contact
13946905,70014218808,70170724337,Contact
13948031,70014219934,70170896580,Contact
13948086,70014219989,70170895845,Contact
13948184,70014220087,70170895639,Contact
13948383,70014220286,70170856408,Contact
13948629,70014220531,70170892282,Contact
13948757,70014220659,70170886186,Contact
13948836,70014220738,70170845454,Contact
13949042,70014220944,70170788243,Contact
13951435,70014223337,70170772969,Contact
13952257,70014224160,70170906115,Contact
13952281,70014224184,70170918385,Contact
13953316,70014225219,70170923989,Contact
13961719,70014233623,70170999911,Contact
13961734,70014233638,70170952498,Contact
13961755,70014233659,70171009370,Contact
13965382,70014237287,70167274015,Contact
13966304,70014238209,70171076291,Contact
13966419,70014238324,70171112782,Contact
13966468,70014238373,70171166198,Contact
13966750,70014238655,70171203800,Contact
13970307,70014242212,70171229679,Contact
13974747,70014246652,70171369063,Contact
13974816,70014246721,70171357241,Contact
13975427,70014247332,70171370416,Contact
13990630,70014262535,70171672644,Contact
13990834,70014262739,70171674895,Contact
13993834,70014265739,70171609323,Contact
13996812,70014268717,70171580968,Contact
14001588,70014273496,70171701292,Contact
14002962,70014274869,70171697910,Contact
14003115,70014275022,70171849669,Contact
14003808,70014275715,70171848882,Contact
14005243,70014277150,70171755676,Contact
14005292,70014277199,70171747950,Contact
14011042,70014282952,70112852398,Contact
14016041,70014287951,70171963461,Contact
14016116,70014288026,70172017976,Contact
14017348,70014289258,70172063076,Contact
14020102,70014292012,70172064561,Contact
14020150,70014292060,70172063767,Contact
14024848,70014296758,70172110278,Contact
14030695,70014302607,70172326834,Contact
14030818,70014302730,70172238955,Contact
14033784,70014305696,70172238955,Contact
14034006,70014305918,70172238758,Contact
14037919,70014309830,70172431993,Contact
14037932,70014309843,70172329344,Contact
14037949,70014309860,70172444824,Contact
14054753,70014326664,70172678247,Contact
14054787,70014326698,70172688604,Contact
14055106,70014327017,70172698665,Contact
14055330,70014327241,70172750703,Contact
14065480,70014337386,70172825452,Contact
14065538,70014337444,70172879095,Contact
14065572,70014337478,70172833148,Contact
14074401,70014346309,70172979479,Contact
14074421,70014346329,70172976969,Contact
14074496,70014346404,70172327774,Contact
14074517,70014346425,70172086365,Contact
14081318,70014353225,70173092184,Contact
14082782,70014354689,70173075288,Contact
14082835,70014354742,70173052077,Contact
14095018,70014366927,70173361863,Contact
14095048,70014366957,70173353467,Contact
14095067,70014366976,70173353522,Contact
14095089,70014366998,70173401810,Contact
14100078,70014371987,70173486350,Contact
14103786,70014375695,70173632796,Contact
14103918,70014375827,70173625002,Contact
14103945,70014375854,70166401054,Contact
14103965,70014375874,70166544436,Contact
14103985,70014375894,70166544436,Contact
14104273,70014376182,70168341990,Contact
14104491,70014376400,70170415915,Contact
14104557,70014376466,70170509229,Contact
14104661,70014376570,70170498151,Contact
14119690,70014391603,70173960623,Contact
14119743,70014391656,70173859944,Contact
14119761,70014391674,70173859944,Contact
14119812,70014391725,70173828868,Contact
14120021,70014391934,70173805523,Contact
14124872,70014396785,70173985324,Contact
14125144,70014397057,70173985324,Contact
14125939,70014397852,70174005048,Contact
14126310,70014398223,70165999463,Contact
14126719,70014398632,70162181640,Contact
14126842,70014398755,70166440792,Contact
14126881,70014398794,70166440792,Contact
14126945,70014398858,70166441217,Contact
14127012,70014398925,70167065450,Contact
14127093,70014399007,70167078532,Contact
14127698,70014399612,70167081011,Contact
14130458,70014402372,70174020784,Contact
14130529,70014402443,70173656865,Contact
14130575,70014402489,70173651149,Contact
14130611,70014402525,70170414326,Contact
14130646,70014402560,70170406094,Contact
14130680,70014402594,70169000451,Contact
14130705,70014402619,70168966496,Contact
14130901,70014402815,70168341990,Contact
14131092,70014403006,70173190401,Contact
14131177,70014403091,70173117560,Contact
14131255,70014403169,70171893456,Contact
14131503,70014403417,70168673116,Contact
14131576,70014403490,70168341990,Contact
14131678,70014403592,70171609323,Contact
14131816,70014403730,70171541110,Contact
14131889,70014403803,70171489779,Contact
14132459,70014404373,70171479389,Contact
14132569,70014404483,70171440186,Contact
14132686,70014404600,70171383159,Contact
14132835,70014404749,70171381989,Contact
14133015,70014404929,70170648343,Contact
14133112,70014405026,70170357456,Contact
14133182,70014405096,70170329668,Contact
14135456,70014407370,70170294669,Contact
14135534,70014407448,70170280216,Contact
14135622,70014407536,70170233101,Contact
14135709,70014407623,70169558777,Contact
14135873,70014407787,70169132427,Contact
14136310,70014408224,70174043967,Contact
14136440,70014408354,70174182928,Contact
14136769,70014408683,70174093619,Contact
14136873,70014408787,70166932084,Contact
14137231,70014409145,70166498504,Contact
14137281,70014409195,70165827493,Contact
14137346,70014409260,70165802060,Contact
14137459,70014409373,70165796722,Contact
14137491,70014409405,70169101453,Contact
14137554,70014409468,70169100567,Contact
14137604,70014409518,70169087352,Contact
14137646,70014409560,70168363631,Contact
14137660,70014409574,70167909769,Contact
14137680,70014409594,70168118220,Contact
14137708,70014409622,70163038973,Contact
14137762,70014409676,70166583026,Contact
14140840,70014412754,70169202008,Contact
14140885,70014412799,70169498893,Contact
14140944,70014412858,70169200223,Contact
14141075,70014412989,70165795646,Contact
14141098,70014413012,70174208714,Contact
14141135,70014413049,70166437579,Contact
14141193,70014413107,70166734096,Contact
14143162,70014415076,70173774131,Contact
14145267,70014417181,70145406645,Contact
14145383,70014417297,70171706782,Contact
14145475,70014417389,70169469298,Contact
14145605,70014417519,70168725129,Contact
14145688,70014417602,70170312625,Contact
14145748,70014417662,70172803520,Contact
14145884,70014417798,70172750703,Contact
14146270,70014418184,70170296860,Contact
14146496,70014418410,70168000748,Contact
14146559,70014418473,70167117524,Contact
14146600,70014418514,70167079167,Contact
14146629,70014418543,70166964951,Contact
14146681,70014418595,70166939420,Contact
14146741,70014418655,70166828947,Contact
14146770,70014418684,70166806820,Contact
14146797,70014418711,70166907129,Contact
14146833,70014418747,70166784599,Contact
14146839,70014418753,70166771405,Contact
14150141,70014422056,70137379689,Contact
14150168,70014422083,70173670502,Contact
14150204,70014422119,70167894853,Contact
14150254,70014422169,70167589233,Contact
14154101,70014426016,70167589280,Contact
14154168,70014426083,70161808827,Contact
14154236,70014426151,70161808755,Contact
14154559,70014426474,70161808813,Contact
14154573,70014426488,70161808826,Contact
14154618,70014426533,70169202214,Contact
14157557,70014429472,70174529869,Contact
14157567,70014429482,70174518140,Contact
14157618,70014429533,70174499825,Contact
14157809,70014429725,70166828895,Contact
14157860,70014429776,70169973795,Contact
14158120,70014430036,70166929839,Contact
14158277,70014430193,70165961222,Contact
14158463,70014430379,70165805467,Contact
14159092,70014431008,70166503804,Contact
14159161,70014431077,70167078286,Contact
14159252,70014431168,70172771348,Contact
14161041,70014432957,70174582412,Contact
14161206,70014433122,70166845567,Contact
14161279,70014433195,70166567133,Contact
14161326,70014433242,70166492988,Contact
14161738,70014433654,70166546345,Contact
14161794,70014433710,70173755233,Contact
14161809,70014433725,70174582412,Contact
14161979,70014433895,70173486350,Contact
14184018,70014455935,70174983101,Contact
14184568,70014456485,70175112587,Contact
14184656,70014456573,70175100933,Contact
14184744,70014456661,70175072537,Contact
14185679,70014457596,70175128631,Contact
14185710,70014457627,70175156780,Contact
14185756,70014457673,70175156180,Contact
14189290,70014461207,70167081657,Contact
14189312,70014461229,70167081583,Contact
14189343,70014461260,70170415915,Contact
14189660,70014461577,70175269634,Contact
14198083,70014470000,70175336935,Contact
14198277,70014470195,70175328527,Contact
14203440,70014475359,70175374513,Contact
14208925,70014480844,70175540325,Contact
14208983,70014480902,70175535082,Contact
14213256,70014485175,70164478544,Contact
14213319,70014485238,70165104993,Contact
14213443,70014485362,70162448698,Contact
14213507,70014485426,70165536910,Contact
14213554,70014485473,70166295370,Contact
14213596,70014485515,70166441397,Contact
14213731,70014485650,70166621007,Contact
14216962,70014488884,70175572160,Contact
14217099,70014489021,70175636678,Contact
14222453,70014494374,70175709747,Contact
14222638,70014494560,70175720281,Contact
14222647,70014494569,70175695877,Contact
14225403,70014497326,70175735646,Contact
14239975,70014511896,70176061516,Contact
14240103,70014512024,70176122209,Contact
14240559,70014512480,70176037220,Contact
14240936,70014512857,70176066133,Contact
14241830,70014513751,70176038480,Contact
14242011,70014513932,70176025719,Contact
14244682,70014516603,70176092587,Contact
14250681,70014522598,70176292895,Contact
14250703,70014522620,70176198957,Contact
14251195,70014523112,70176314691,Contact
14255352,70014527269,70176299546,Contact
14255449,70014527366,70176236576,Contact
14272180,70014544099,70176366280,Contact
14272315,70014544234,70176352852,Contact
14282759,70014554690,70176634181,Contact
14282772,70014554703,70176637715,Contact
14282820,70014554751,70176561965,Contact
14282904,70014554835,70176518628,Contact
14282937,70014554868,70176613009,Contact
14282993,70014554924,70176610131,Contact
14283054,70014554985,70176609068,Contact
14283116,70014555048,70176627709,Contact
14323412,70014595365,70177159959,Contact
14323430,70014595383,70177139224,Contact
14323443,70014595396,70177130385,Contact
14323463,70014595416,70177113108,Contact
14323479,70014595432,70177134114,Contact
14323487,70014595440,70177113108,Contact
14323534,70014595487,70177165279,Contact
14323593,70014595546,70177186832,Contact
14325020,70014596974,70177192133,Contact
14325104,70014597058,70177192133,Contact
14333190,70014605147,70177213529,Contact
14333224,70014605181,70177243111,Contact
14333243,70014605200,70177276405,Contact
14338024,70014609980,70177192133,Contact
14343784,70014615742,70177365782,Contact
14347555,70014619515,70177382627,Contact
14350304,70014622278,70177392224,Contact
14393277,70014665279,70177734067,Contact
14393325,70014665327,70177739093,Contact
14401924,70014673930,70177812730,Contact
14401961,70014673967,70177815037,Contact
14402021,70014674027,70177883835,Contact
14406204,70014678210,70177841765,Contact
14406475,70014678481,70177896702,Contact
14406706,70014678712,70177898445,Contact
14411308,70014683329,70177908895,Contact
14417208,70014689232,70177927669,Contact
14419715,70014691752,70177925877,Contact
14435873,70014707917,70177953779,Contact
14436785,70014708829,70177963479,Contact
14437096,70014709141,70177963479,Contact
14437388,70014709433,70177969504,Contact
14437478,70014709523,70177955902,Contact
14437664,70014709709,70177964741,Contact
14437733,70014709778,70177969386,Contact
14441825,70014713893,70177964587,Contact
14441843,70014713912,70177974922,Contact
14441892,70014713961,70177891447,Contact
14441899,70014713968,70177972276,Contact
14442130,70014714200,70177972276,Contact
14451441,70014723527,70178008986,Contact
14464442,70014736543,70178036139,Contact
14464461,70014736562,70178037273,Contact
14467210,70014739316,70178040158,Contact
14467335,70014739441,70178038148,Contact
14471377,70014743487,70178051925,Contact
14477176,70014749292,70178068826,Contact
14478936,70014751052,70178065405,Contact
14479201,70014751317,70178054263,Contact
14490687,70014762807,70159830198,Contact
14490734,70014762854,70178083562,Contact
14491199,70014763319,70178096158,Contact
14501089,70014773222,70178106268,Contact
14501123,70014773256,70178104391,Contact
14509630,70014781772,70178125980,Contact
14509667,70014781809,70178126044,Contact
14510441,70014782583,70178126801,Contact
14510681,70014782823,70178128539,Contact
14517934,70014790079,70178147538,Contact
14522596,70014794744,70178159199,Contact
14522762,70014794910,70178158982,Contact
14526723,70014798871,70178158982,Contact
14526759,70014798907,70178161305,Contact
14528151,70014800299,70178177730,Contact
14528817,70014800965,70178174235,Contact
14535609,70014807761,70178194227,Contact
14535634,70014807786,70178186850,Contact
14540753,70014812906,70178196011,Contact
14540784,70014812937,70178200130,Contact
14550372,70014822523,70178213103,Contact
14550458,70014822609,70167589236,Contact
14550547,70014822699,70178213103,Contact
14552260,70014824412,70178226509,Contact
14554748,70014826900,70178230742,Contact
14554796,70014826948,70178230742,Contact
14554968,70014827120,70178230719,Contact
14555206,70014827358,70178229023,Contact
14559799,70014831950,70178233858,Contact
14563644,70014835795,70178244612,Contact
14563752,70014835903,70178246449,Contact
14563845,70014835996,70178242675,Contact
14567799,70014839953,70178254516,Contact
14567925,70014840079,70178264480,Contact
14568180,70014840334,70178077056,Contact
14568345,70014840499,70178076153,Contact
14568452,70014840606,70178070686,Contact
14568989,70014841143,70177952211,Contact
14569300,70014841455,70177946851,Contact
14569492,70014841647,70177941768,Contact
14569563,70014841718,70177674513,Contact
14569663,70014841818,70177941768,Contact
14569789,70014841944,70177597349,Contact
14572688,70014844843,70175814781,Contact
14572836,70014844991,70175763638,Contact
14572887,70014845042,70174802528,Contact
14573448,70014845603,70178271984,Contact
14578197,70014850352,70178273272,Contact
14578302,70014850457,70166441397,Contact
14578326,70014850481,70167079985,Contact
14578371,70014850526,70169624787,Contact
14578521,70014850676,70175572160,Contact
14578648,70014850803,70161660260,Contact
14584665,70014856821,70178285244,Contact
14585496,70014857653,70178289430,Contact
14585511,70014857668,70178289720,Contact
14588279,70014860441,70178069589,Contact
14588448,70014860610,70177761302,Contact
14588706,70014860868,70177057568,Contact
14588937,70014861099,70177039009,Contact
14589190,70014861352,70177035428,Contact
14589325,70014861487,70176946566,Contact
14589455,70014861617,70176908656,Contact
14589702,70014861864,70176881601,Contact
14591760,70014863921,70175907408,Contact
14591877,70014864038,70175899664,Contact
14592540,70014864701,70175894240,Contact
14593137,70014865298,70175848089,Contact
14593258,70014865419,70175809201,Contact
14593275,70014865436,70174762344,Contact
14593322,70014865483,70174754290,Contact
14593379,70014865541,70177948815,Contact
14593406,70014865568,70175823840,Contact
14593460,70014865621,70175807697,Contact
14613354,70014885520,70178342784,Contact
14613685,70014885851,70178334908,Contact
14616882,70014889048,70178335450,Contact
14621767,70014893936,70178364348,Contact
14622077,70014894246,70178356946,Contact
14622295,70014894464,70178365616,Contact
14631776,70014903951,70178378651,Contact
14636424,70014908601,70178385610,Contact
14636708,70014908885,70178385614,Contact
14640881,70014913062,70178395668,Contact
14649981,70014922164,70178414505,Contact
14650113,70014922296,70178411508,Contact
14650298,70014922481,70178403284,Contact
14650522,70014922705,70178410952,Contact
14654552,70014926732,70178421293,Contact
14685306,70014957486,70178428328,Contact
14756814,70015028992,70178426230,Contact
14757930,70015030109,70178334466,Contact
14758049,70015030228,70178430475,Contact
14759114,70015031293,70178464402,Contact
14759263,70015031442,70178464633,Contact
14761601,70015033780,70178463491,Contact
14764862,70015037044,70178452330,Contact
14766248,70015038430,70178461864,Contact
14766828,70015039010,70178452330,Contact
14768487,70015040669,70178453403,Contact
14779354,70015051539,70178482352,Contact
14829729,70015101917,70178490751,Contact
14829837,70015102025,70178476120,Contact
14830442,70015102630,70178474483,Contact
14831179,70015103367,70178466395,Contact
14831287,70015103475,70178466368,Contact
14834501,70015106689,70178442317,Contact
14834542,70015106730,70178324195,Contact
14834582,70015106770,70178320606,Contact
14834615,70015106803,70178320502,Contact
14834723,70015106911,70178314943,Contact
14834745,70015106933,70178073873,Contact
14834765,70015106953,70178513707,Contact
14835062,70015107250,70178450755,Contact
14835107,70015107295,70174927773,Contact
14835324,70015107512,70174712016,Contact
14838178,70015110367,70178523548,Contact
14847734,70015119923,70178537218,Contact
14847766,70015119955,70178559289,Contact
14847784,70015119973,70178559333,Contact
14847860,70015120049,70178539311,Contact
14849446,70015121634,70178561761,Contact
14876285,70015148474,70178614468,Contact
14876383,70015148572,70178602436,Contact
14879463,70015151652,70178622815,Contact
14879499,70015151688,70178621155,Contact
14888884,70015161070,70178651716,Contact
14889074,70015161260,70178641428,Contact
14889120,70015161306,70178599505,Contact
14889154,70015161340,70178589440,Contact
14889187,70015161373,70178586455,Contact
14889266,70015161452,70178529663,Contact
14897029,70015169221,70167117476,Contact
14897109,70015169301,70166761885,Contact
14897152,70015169344,70163147162,Contact
14897223,70015169415,70163147120,Contact
14897234,70015169426,70163048543,Contact
14897314,70015169506,70162878939,Contact
14897344,70015169536,70175798204,Contact
14897380,70015169572,70168967611,Contact
14897450,70015169642,70073144863,Contact
14897712,70015169904,70167401628,Contact
14897894,70015170086,70178655063,Contact
14897937,70015170129,70178673875,Contact
14905233,70015177427,70178685458,Contact
14909717,70015181911,70178408650,Contact
14925058,70015197252,70178769564,Contact
14925145,70015197339,70178770204,Contact
14925342,70015197536,70178763424,Contact
14925510,70015197704,70178765852,Contact
14927810,70015200004,70178787101,Contact
14931237,70015203431,70178792068,Contact
14931390,70015203584,70178791110,Contact
14931497,70015203691,70178792068,Contact
14938677,70015210872,70178805808,Contact
14938844,70015211040,70178814247,Contact
14942944,70015215141,70178818324,Contact
14943183,70015215380,70178814247,Contact
14943984,70015216184,70178814439,Contact
14944059,70015216259,70178822232,Contact
14944121,70015216321,70178820769,Contact
14947772,70015219974,70178825092,Contact
14947929,70015220131,70178837463,Contact
14949474,70015221676,70178837463,Contact
14956288,70015228493,70178852703,Contact
14957110,70015229315,70178856084,Contact
14980667,70015252870,70178863848,Contact
14980690,70015252893,70178863024,Contact
14980748,70015252951,70178897018,Contact
14980779,70015252982,70178894265,Contact
14980871,70015253074,70178903252,Contact
14981793,70015253998,70178894472,Contact
14990578,70015262784,70178924470,Contact
14992772,70015264978,70178919833,Contact
15001297,70015273514,70178931373,Contact
15007007,70015279224,70178944212,Contact
15007094,70015279311,70178932687,Contact
15007329,70015279546,70178936912,Contact
15008405,70015280622,70178944977,Contact
15008464,70015280681,70178934302,Contact
15011931,70015284149,70178950530,Contact
15012035,70015284253,70178953369,Contact
15012056,70015284274,70178950530,Contact
15016600,70015288819,70178967573,Contact
15021156,70015293380,70178970913,Contact
15021368,70015293592,70178971141,Contact
15021495,70015293719,70178968797,Contact
15029731,70015301957,70178984526,Contact
15029749,70015301975,70178984470,Contact
15029790,70015302016,70178992511,Contact
15045710,70015317937,70179017346,Contact
15045968,70015318195,70179014706,Contact
15046078,70015318305,70179013681,Contact
15046139,70015318366,70179019015,Contact
15046746,70015318973,70179003552,Contact
15047355,70015319582,70178999361,Contact
15055482,70015327712,70179047244,Contact
15055564,70015327794,70179049749,Contact
15055666,70015327896,70178585643,Contact
15062569,70015334800,70179061908,Contact
15063024,70015335255,70179062878,Contact
15063057,70015335288,70179057877,Contact
15065884,70015338115,70179067951,Contact
15066177,70015338408,70179072101,Contact
15072313,70015344550,70179080709,Contact
15072357,70015344594,70179083906,Contact
15075858,70015348095,70179098436,Contact
15076128,70015348365,70179086977,Contact
15085548,70015357794,70179107806,Contact
15122146,70015394385,70179148754,Contact
15180964,70015453203,70178875973,Contact
15181010,70015453249,70178888420,Contact
15181228,70015453467,70178890331,Contact
15181238,70015453477,70178890331,Contact
15181323,70015453562,70179131441,Contact
15184168,70015456410,70179298459,Contact
15184418,70015456660,70179155825,Contact
15184975,70015457217,70108415095,Contact
15185210,70015457452,70179149460,Contact
15185742,70015457984,70178762169,Contact
15189750,70015461994,70178744505,Contact
15192843,70015465087,70179331562,Contact
15192862,70015465106,70179272279,Contact
15193110,70015465354,70179322752,Contact
15193132,70015465376,70179332100,Contact
15193147,70015465391,70179332100,Contact
15193152,70015465396,70179322752,Contact
15193366,70015465610,70179147082,Contact
15193541,70015465785,70175100933,Contact
15193725,70015465969,70178681609,Contact
15194555,70015466799,70178689518,Contact
15194920,70015467164,70178715451,Contact
15202389,70015474633,70179358529,Contact
15202437,70015474681,70179357778,Contact
15202471,70015474715,70178724821,Contact
15202490,70015474734,70178728934,Contact
15210798,70015483041,70179373957,Contact
15218699,70015490945,70179377252,Contact
15218802,70015491048,70179383966,Contact
15233512,70015505759,70179412215,Contact
15233699,70015505947,70179409006,Contact
15233727,70015505975,70179421524,Contact
15233749,70015505997,70179421194,Contact
15234931,70015507179,70170388057,Contact
15242490,70015514736,70179434910,Contact
15244095,70015516341,70179435232,Contact
15244175,70015516421,70179435210,Contact
15247873,70015520120,70179446510,Contact
15248017,70015520264,70179447654,Contact
15258642,70015530895,70179470831,Contact
15272250,70015544505,70179504159,Contact
15272276,70015544531,70179505962,Contact
15275250,70015547501,70179518855,Contact
15280817,70015553064,70179523292,Contact
15290548,70015562797,70179535026,Contact
15290594,70015562843,70179535144,Contact
15290600,70015562849,70179535144,Contact
15294679,70015566928,70179545973,Contact
15294854,70015567103,70179540846,Contact
15299508,70015571756,70179545973,Contact
15299529,70015571778,70179556822,Contact
15299825,70015572074,70179564299,Contact
15300243,70015572492,70179564638,Contact
15301173,70015573422,70179565095,Contact
15308709,70015580961,70179571738,Contact
15314175,70015586427,70179587137,Contact
15317931,70015590184,70179614552,Contact
15323931,70015596183,70140626010,Contact
15332161,70015604415,70179631584,Contact
15335549,70015607805,70179634612,Contact
15335614,70015607870,70179634612,Contact
15350603,70015622849,70179656674,Contact
15350646,70015622892,70179651095,Contact
15350924,70015623170,70179470831,Contact
15350960,70015623206,70179447654,Contact
15356946,70015629191,70179656392,Contact
15360161,70015632404,70179682751,Contact
15360188,70015632431,70179672160,Contact
15368778,70015641021,70179689458,Contact
15368801,70015641044,70179689373,Contact
15368844,70015641087,70179685324,Contact
15368873,70015641116,70179685217,Contact
15378506,70015650750,70179714393,Contact
15379777,70015652021,70179707004,Contact
15379911,70015652155,70179705017,Contact
15380143,70015652387,70179709407,Contact
15394415,70015666663,70179739627,Contact
15398991,70015671239,70179751372,Contact
15408729,70015680977,70179768936,Contact
15416928,70015689185,70179778189,Contact
15417278,70015689535,70179791133,Contact
15417291,70015689548,70179791587,Contact
15417312,70015689569,70179786177,Contact
15419010,70015691267,70179763691,Contact
15419233,70015691490,70179752637,Contact
15424841,70015697093,70179794892,Contact
15430720,70015702975,70179752407,Contact
15433109,70015705363,70179813997,Contact
15433120,70015705374,70179815070,Contact
15435357,70015707612,70179824489,Contact
15442441,70015714695,70179828516,Contact
15449048,70015721301,70179844920,Contact
15463956,70015736210,70179865882,Contact
15464209,70015736463,70179873188,Contact
15477034,70015749287,70179895376,Contact
15477080,70015749333,70179883280,Contact
15479106,70015751359,70179902543,Contact
15479554,70015751807,70179901576,Contact
15484221,70015756474,70179914477,Contact
15484307,70015756560,70179906292,Contact
15484340,70015756593,70179915758,Contact
15494099,70015766352,70179926622,Contact
15494165,70015766418,70179924292,Contact
15494185,70015766438,70179924292,Contact
15494196,70015766449,70179924292,Contact
15495831,70015768084,70179936008,Contact
15501009,70015773261,70132708688,Contact
15501049,70015773301,70179753744,Contact
15501091,70015773343,70179753491,Contact
15501284,70015773536,70167728092,Contact
15504103,70015776355,70179941151,Contact
15521722,70015793975,70179973616,Contact
15535911,70015808164,70179985517,Contact
15536062,70015808316,70179990492,Contact
15536154,70015808407,70179975184,Contact
15539883,70015812136,70179963257,Contact
15544267,70015816518,70180018535,Contact
15544367,70015816618,70180016468,Contact
15544710,70015816961,70180006808,Contact
15544895,70015817146,70180005548,Contact
15549382,70015821633,70179978743,Contact
15549430,70015821681,70179951031,Contact
15549514,70015821765,70179952554,Contact
15549588,70015821839,70179962795,Contact
15549625,70015821876,70179956511,Contact
15549735,70015821986,70179954587,Contact
15549764,70015822015,70179953370,Contact
15577677,70015849930,70180066361,Contact
15577704,70015849957,70180078144,Contact
15599378,70015871632,70180103841,Contact
15603270,70015875524,70180105531,Contact
15603751,70015876005,70180081109,Contact
15604082,70015876336,70180080429,Contact
15604105,70015876359,70180084520,Contact
15604205,70015876459,70180091686,Contact
15604250,70015876504,70180053680,Contact
15604334,70015876588,70180046973,Contact
15604361,70015876615,70180047532,Contact
15604606,70015876860,70180034124,Contact
15604887,70015877141,70180030299,Contact
15607376,70015879630,70180181716,Contact
15607391,70015879645,70180161159,Contact
15607412,70015879666,70180180807,Contact
15607452,70015879707,70180161159,Contact
15617003,70015889261,70180213770,Contact
15629522,70015901782,70180228905,Contact
15635682,70015907947,70180248509,Contact
15639696,70015911963,70180063338,Contact
15639776,70015912043,70180060581,Contact
15640389,70015912656,70180107300,Contact
15642272,70015914540,70180105531,Contact
15643997,70015916265,70180264823,Contact
15655493,70015927765,70180280662,Contact
15655612,70015927884,70180273195,Contact
15685031,70015957306,70180333159,Contact
15687343,70015959616,70180327154,Contact
15687397,70015959670,70180327154,Contact
15687412,70015959685,70180325544,Contact
15687478,70015959751,70180307444,Contact
15687493,70015959766,70180306630,Contact
15687519,70015959792,70180306012,Contact
15695972,70015968247,70180347391,Contact
15696051,70015968326,70180346510,Contact
15699712,70015971987,70180357435,Contact
15708488,70015980768,70180362131,Contact
15708868,70015981148,70180366621,Contact
15718800,70015991082,70180444953,Contact
15745790,70016018074,70180477928,Contact
15745877,70016018161,70180485329,Contact
15746016,70016018301,70180481944,Contact
15746350,70016018635,70180472727,Contact
15746934,70016019219,70180485664,Contact
15751085,70016023370,70180497648,Contact
15751454,70016023739,70180463745,Contact
15751504,70016023789,70180467219,Contact
15754323,70016026608,70180496871,Contact
15764073,70016036359,70163147162,Contact
15764291,70016036577,70164478544,Contact
15764571,70016036857,70165104993,Contact
15764759,70016037045,70167065821,Contact
15764889,70016037175,70172086365,Contact
15765110,70016037396,70167079111,Contact
15765185,70016037471,70180030299,Contact
15765290,70016037576,70176236576,Contact
15765706,70016037992,70073147465,Contact
15768693,70016040978,70174005048,Contact
15768926,70016041211,70176610131,Contact
15769499,70016041784,70177165279,Contact
15769542,70016041827,70178765852,Contact
15769644,70016041929,70178335450,Contact
15769667,70016041952,70178378651,Contact
15769694,70016041979,70178324195,Contact
15769730,70016042015,70177382627,Contact
15772469,70016044750,70180526804,Contact
15772496,70016044777,70180521667,Contact
15772570,70016044851,70176198957,Contact
15772589,70016044870,70167589279,Contact
15772604,70016044885,70153306029,Contact
15772635,70016044916,70167405828,Contact
15772957,70016045238,70179763691,Contact
15773141,70016045422,70179714393,Contact
15773500,70016045781,70178096158,Contact
15773781,70016046062,70169941222,Contact
15773872,70016046153,70171580968,Contact
15774481,70016046763,70178586455,Contact
15774661,70016046944,70178461864,Contact
15777412,70016049695,70178395668,Contact
15777613,70016049896,70176627709,Contact
15777737,70016050020,70179978743,Contact
15778111,70016050394,70178395668,Contact
15781123,70016053406,70178791110,Contact
15781130,70016053413,70172879095,Contact
15781145,70016053428,70173859944,Contact
15781226,70016053509,70177964741,Contact
15781234,70016053517,70178314943,Contact
15781237,70016053520,70178385614,Contact
15781248,70016053531,70178442317,Contact
15781255,70016053538,70149319970,Contact
15781274,70016053557,70168725313,Contact
15781290,70016053573,70171076291,Contact
15781306,70016053589,70171229679,Contact
15781336,70016053619,70178430475,Contact
15781343,70016053626,70178641428,Contact
15781416,70016053699,70178968797,Contact
15781623,70016053906,70179086977,Contact
15781910,70016054193,70180538278,Contact
15790130,70016062413,70180086391,Contact
15790162,70016062446,70174871011,Contact
15790428,70016062713,70180548412,Contact
15790581,70016062866,70180547939,Contact
15790806,70016063091,70180559356,Contact
15790955,70016063240,70180559355,Contact
15791008,70016063293,70180559356,Contact
15792244,70016064529,70180544093,Contact
15792507,70016064792,70180541413,Contact
15796191,70016068475,70178935489,Contact
15796404,70016068688,70178308481,Contact
15796444,70016068728,70171381293,Contact
15796644,70016068927,70161808837,Contact
15796696,70016068979,70167401621,Contact
15796718,70016069001,70167401626,Contact
15796745,70016069028,70167401634,Contact
15796789,70016069072,70167589234,Contact
15796848,70016069131,70134157942,Contact
15796960,70016069243,70161808926,Contact
15797141,70016069424,70161808899,Contact
15797247,70016069530,70165991164,Contact
15797314,70016069596,70155134026,Contact
15797363,70016069646,70161808832,Contact
15797425,70016069708,70175543184,Contact
15797487,70016069770,70175543186,Contact
15797686,70016069969,70167065005,Contact
15797730,70016070013,70175543168,Contact
15803199,70016075481,70178317655,Contact
15803250,70016075532,70180534400,Contact
15810031,70016082316,70180584526,Contact
15810094,70016082379,70180565896,Contact
15810417,70016082702,70180565632,Contact
15810480,70016082765,70180565501,Contact
15812775,70016085060,70180593962,Contact
15812890,70016085175,70168000748,Contact
15813238,70016085523,70162741335,Contact
15813405,70016085690,70162741880,Contact
15813638,70016085923,70171422022,Contact
15813858,70016086143,70175156180,Contact
15814007,70016086292,70176299546,Contact
15814479,70016086764,70153216522,Contact
15817906,70016090191,70158222795,Contact
15818062,70016090347,70166489304,Contact
15829204,70016101494,70180577974,Contact
15831167,70016103459,70180587970,Contact
15831520,70016103812,70180613267,Contact
15835961,70016108256,70180613366,Contact
15836438,70016108733,70180624008,Contact
15846202,70016118497,70180632478,Contact
15846229,70016118524,70180632460,Contact
15846599,70016118894,70167589237,Contact
15846640,70016118935,70167401618,Contact
15850188,70016122483,70170570937,Contact
15850587,70016122882,70172110278,Contact
15850894,70016123189,70165969733,Contact
15851065,70016123360,70153583469,Contact
15851212,70016123507,70175543173,Contact
15852051,70016124345,70175543171,Contact
15852470,70016124764,70175543183,Contact
15852592,70016124886,70175543187,Contact
15852674,70016124968,70175543196,Contact
15852990,70016125284,70175543195,Contact
15868959,70016141254,70180654677,Contact
15868981,70016141276,70180653947,Contact
15869015,70016141310,70180652331,Contact
15869093,70016141388,70180654699,Contact
15869155,70016141450,70180651413,Contact
15870739,70016143034,70180534400,Contact
15878450,70016150753,70180496871,Contact
15878522,70016150825,70155134026,Contact
15881035,70016153338,70180678734,Contact
15881083,70016153386,70180677316,Contact
15881397,70016153700,70180671061,Contact
15881474,70016153777,70180671061,Contact
15882937,70016155240,70133316552,Contact
15883071,70016155374,70180641375,Contact
15883232,70016155535,70170031875,Contact
15883467,70016155770,70168222344,Contact
15883867,70016156170,70168701390,Contact
15883942,70016156245,70167665203,Contact
15884027,70016156330,70170194947,Contact
15884981,70016157284,70170294669,Contact
15885024,70016157327,70153390575,Contact
15888111,70016160422,70180699826,Contact
15888354,70016160665,70145637388,Contact
15900741,70016173054,70180701439,Contact
15900765,70016173078,70180642648,Contact
15900820,70016173133,70180681947,Contact
15900870,70016173183,70169437770,Contact
15900904,70016173217,70152918419,Contact
15900981,70016173294,70167401463,Contact
15901032,70016173345,70167401622,Contact
15901058,70016173371,70167589277,Contact
15901089,70016173402,70167589281,Contact
15901136,70016173449,70161809003,Contact
15901180,70016173493,70161808779,Contact
15901295,70016173608,70161808829,Contact
15901550,70016173863,70161808853,Contact
15901774,70016174087,70167852254,Contact
15902014,70016174327,70114268404,Contact
15902507,70016174821,70172771348,Contact
15902898,70016175212,70175543189,Contact
15903570,70016175884,70175543191,Contact
15903806,70016176120,70066666447,Contact
15908543,70016180858,70152702144,Contact
15908660,70016180975,70152864421,Contact
15908824,70016181139,70153306029,Contact
15908935,70016181250,70166385032,Contact
15909017,70016181332,70167695673,Contact
15909390,70016181705,70177576599,Contact
15909521,70016181836,70177953589,Contact
15909582,70016181897,70114932602,Contact
15909796,70016182111,70153914506,Contact
15909846,70016182161,70151091242,Contact
15909903,70016182218,70165961222,Contact
15909946,70016182261,70169941222,Contact
15910004,70016182319,70175543178,Contact
15910086,70016182401,70168000748,Contact
15911015,70016183330,70169197139,Contact
15913132,70016185449,70180718534,Contact
15913152,70016185469,70180717801,Contact
15913168,70016185485,70180719394,Contact
15913205,70016185522,70155988885,Contact
15913237,70016185554,70180677394,Contact
15913419,70016185736,70180577812,Contact
15918942,70016191259,70180715855,Contact
15920059,70016192376,70180623902,Contact
15920297,70016192614,70180328431,Contact
15921187,70016193504,70180722056,Contact
15921286,70016193603,70180727498,Contact
15924459,70016196777,70180594072,Contact
15930948,70016203266,70180741089,Contact
15930997,70016203315,70180742734,Contact
15931084,70016203402,70180743839,Contact
15944574,70016216898,70180755475,Contact
15944602,70016216926,70180755137,Contact
15944612,70016216936,70180752009,Contact
15946712,70016219040,70171299703,Contact
15951632,70016223963,70152733701,Contact
15951977,70016224308,70152728552,Contact
15952223,70016224554,70166734216,Contact
15952322,70016224653,70168000748,Contact
15953441,70016225772,70180766671,Contact
15953703,70016226034,70180444953,Contact
15953743,70016226074,70180472727,Contact
15956165,70016228497,70179429253,Contact
15959782,70016232115,70180523779,Contact
15961622,70016233955,70180780646,Contact
15963844,70016236172,70180779551,Contact
15963866,70016236194,70180781460,Contact
15963889,70016236217,70180780294,Contact
15963907,70016236235,70180707443,Contact
15963925,70016236253,70180750376,Contact
15964022,70016236349,70180750805,Contact
15964097,70016236424,70168202864,Contact
15964124,70016236451,70165969733,Contact
15964136,70016236463,70168725313,Contact
15964153,70016236480,70175636678,Contact
15964524,70016236851,70133732106,Contact
15964609,70016236936,70150841752,Contact
15964948,70016237275,70153756032,Contact
15965458,70016237785,70179786177,Contact
15965557,70016237884,70173401810,Contact
15965600,70016237927,70176627709,Contact
15965718,70016238045,70176634181,Contact
15968788,70016241115,70176637715,Contact
15969341,70016241668,70178805808,Contact
15969473,70016241800,70138932938,Contact
15970818,70016243145,70151747735,Contact
15971315,70016243642,70180790639,Contact
15971369,70016243696,70180793586,Contact
15974597,70016246921,70169053029,Contact
15975996,70016248320,70180800138,Contact
15976083,70016248407,70152429993,Contact
15976342,70016248666,70165891868,Contact
15976713,70016249037,70166848924,Contact
15981743,70016254069,70180805543,Contact
15993876,70016266194,70180809806,Contact
15995286,70016267605,70180785571,Contact
16003594,70016275916,70159231807,Contact
16028537,70016300865,70180864641,Contact
16029497,70016301824,70180867957,Contact
16029664,70016301991,70180868529,Contact
16029678,70016302005,70180858161,Contact
16029887,70016302214,70180865418,Contact
16036886,70016309214,70180870476,Contact
16036974,70016309301,70180872858,Contact
16037049,70016309377,70180871811,Contact
16037098,70016309426,70180870377,Contact
16040217,70016312549,70180817556,Contact
16040252,70016312584,70180833140,Contact
16040292,70016312624,70180835790,Contact
16040357,70016312689,70180880788,Contact
16040359,70016312691,70180880788,Contact
16040742,70016313074,70180874810,Contact
16041297,70016313629,70180744677,Contact
16041735,70016314067,70180768936,Contact
16041833,70016314165,70180824980,Contact
16042082,70016314414,70180768916,Contact
16042241,70016314573,70180805543,Contact
16042466,70016314797,70180887416,Contact
16045359,70016317690,70180880788,Contact
16046008,70016318339,70180889423,Contact
16047634,70016319965,70180867800,Contact
16047791,70016320122,70175543175,Contact
16047873,70016320204,70175543170,Contact
16048009,70016320340,70175543190,Contact
16048058,70016320389,70175821209,Contact
16048106,70016320437,70179564638,Contact
16048271,70016320602,70180742734,Contact
16048360,70016320691,70152914275,Contact
16048665,70016320996,70179978743,Contact
16050708,70016323039,70180889776,Contact
16050945,70016323276,70180898198,Contact
16050977,70016323308,70180896454,Contact
16051006,70016323337,70180901152,Contact
16052365,70016324697,70180896689,Contact
16053204,70016325537,70180899243,Contact
16053365,70016325698,70180899243,Contact
16058277,70016330610,70180905251,Contact
16058413,70016330746,70180904366,Contact
16062027,70016334356,70180910606,Contact
16062054,70016334383,70180910845,Contact
16062999,70016335328,70167079985,Contact
16063155,70016335484,70167609431,Contact
16064695,70016337024,70170415915,Contact
16067932,70016340261,70180919682,Contact
16069836,70016342165,70180444953,Contact
16071878,70016344207,70180926521,Contact
16073393,70016345723,70180828434,Contact
16091941,70016364271,70180943162,Contact
16092016,70016364346,70180940283,Contact
16092064,70016364394,70180944444,Contact
16115363,70016387685,70180979331,Contact
16124552,70016396866,70180993873,Contact
16124637,70016396951,70180994972,Contact
16125545,70016397859,70180995363,Contact
16131309,70016403626,70180996607,Contact
16132318,70016404635,70181000296,Contact
16133478,70016405796,70181002312,Contact
16133497,70016405815,70181000296,Contact
16133692,70016406011,70181007698,Contact
16136408,70016408726,70181008106,Contact
16136432,70016408750,70181017183,Contact
16138753,70016411072,70181015403,Contact
16170227,70016442551,70181056169,Contact
16170276,70016442600,70181018797,Contact
16170295,70016442619,70181054143,Contact
16253446,70016525754,70181162827,Contact
16269694,70016542007,70181205632,Contact
16269715,70016542028,70181193300,Contact
16269755,70016542068,70181193164,Contact
16269783,70016542096,70181170900,Contact
16269933,70016542246,70181095839,Contact
16272156,70016544468,70102522140,Contact
16288694,70016561001,70180842711,Contact
16292134,70016564441,70181256837,Contact
16292185,70016564492,70181257560,Contact
16292871,70016565178,70181268022,Contact
16295712,70016568019,70181212610,Contact
16295810,70016568117,70181154578,Contact
16296147,70016568454,70181054290,Contact
16296293,70016568600,70181070321,Contact
16296880,70016569187,70181080093,Contact
16296971,70016569278,70181018797,Contact
16306768,70016579075,70181327367,Contact
16325284,70016597595,70181342015,Contact
16329847,70016602158,70181342159,Contact
16330212,70016602523,70181343993,Contact
16330767,70016603078,70178235156,Contact
16331067,70016603378,70179813997,Contact
16331202,70016603513,70164899595,Contact
16347444,70016619752,70181399812,Contact
16348057,70016620364,70181329985,Contact
16349831,70016622133,70181389456,Contact
16350431,70016622733,70181385539,Contact
16351137,70016623439,70181321271,Contact
16363632,70016635930,70181455086,Contact
16363679,70016635977,70181455291,Contact
16364406,70016636704,70181456851,Contact
16367157,70016639454,70181481455,Contact
16375363,70016647658,70181477958,Contact
16375404,70016647698,70181477958,Contact
16375520,70016647814,70181478244,Contact
16375652,70016647946,70181480142,Contact
16375851,70016648145,70181480496,Contact
16375965,70016648259,70181486995,Contact
16386960,70016659247,70181452290,Contact
16386992,70016659279,70181452814,Contact
16386997,70016659284,70181451975,Contact
16387008,70016659295,70181453208,Contact
16404391,70016676669,70181525921,Contact
16404414,70016676692,70181525739,Contact
16404440,70016676718,70181524241,Contact
16404517,70016676795,70181452580,Contact
16404570,70016676848,70181452416,Contact
16404663,70016676941,70181518432,Contact
16404736,70016677014,70181512581,Contact
16406170,70016678449,70181510333,Contact
16412269,70016684548,70181499607,Contact
16412441,70016684720,70181497999,Contact
16412528,70016684807,70181497687,Contact
16466397,70016738672,70181594018,Contact
16466673,70016738948,70181588914,Contact
16468607,70016740882,70181587226,Contact
16468791,70016741066,70181579463,Contact
16469382,70016741657,70181551889,Contact
16469759,70016742034,70181548234,Contact
16475977,70016748252,70181596530,Contact
16476025,70016748300,70181546836,Contact
16476222,70016748497,70181537282,Contact
16476398,70016748673,70181497532,Contact
16476783,70016749058,70181497125,Contact
16477172,70016749447,70181491526,Contact
16477572,70016749847,70181491444,Contact
16477753,70016750028,70181490821,Contact
16477820,70016750095,70181490821,Contact
16478690,70016750965,70181488964,Contact
16478819,70016751094,70181488872,Contact
16482045,70016754320,70181488872,Contact
16482645,70016754920,70181488248,Contact
16488514,70016760779,70165919250,Contact
16488564,70016760829,70166424879,Contact
16488663,70016760928,70170892282,Contact
16488847,70016761112,70172017976,Contact
16489468,70016761733,70166295370,Contact
16489670,70016761935,70173486350,Contact
16489821,70016762086,70177192133,Contact
16491407,70016763672,70176561965,Contact
16491525,70016763790,70157869101,Contact
16493309,70016765574,70177927669,Contact
16496271,70016768536,70166371789,Contact
16496512,70016768777,70169129701,Contact
16496566,70016768831,70169005053,Contact
16525101,70016797368,70181635702,Contact
16525132,70016797399,70181621536,Contact
16525146,70016797413,70181605710,Contact
16525157,70016797424,70181548234,Contact
16525194,70016797461,70181587226,Contact
16525274,70016797541,70181551836,Contact
16525362,70016797630,70181498196,Contact
16525387,70016797654,70181498196,Contact
16525487,70016797754,70181497144,Contact
16525496,70016797763,70181498196,Contact
16527601,70016799868,70181510965,Contact
16527810,70016800077,70181473709,Contact
16530199,70016802466,70181453022,Contact
16530400,70016802667,70181453709,Contact
16530587,70016802854,70181453822,Contact
16530751,70016803018,70181453736,Contact
16531550,70016803817,70181485515,Contact
16531842,70016804109,70181485718,Contact
16532039,70016804306,70181453387,Contact
16532388,70016804655,70181454465,Contact
16532539,70016804806,70181456351,Contact
16532695,70016804962,70181458105,Contact
16532825,70016805092,70181485356,Contact
16532872,70016805139,70181485002,Contact
16532982,70016805249,70181485295,Contact
16533096,70016805363,70181485432,Contact
16541282,70016813548,70181669209,Contact
16542817,70016815083,70181669209,Contact
16544050,70016816316,70181670051,Contact
16544912,70016817178,70181677823,Contact
16545079,70016817345,70181678700,Contact
16560166,70016832431,70181690393,Contact
16560193,70016832458,70181697733,Contact
16560249,70016832514,70181678084,Contact
16560269,70016832534,70181486631,Contact
16560347,70016832612,70181619088,Contact
16560367,70016832632,70181612126,Contact
16560606,70016832871,70181606074,Contact
16561878,70016834143,70181508691,Contact
16562192,70016834457,70181510829,Contact
16562868,70016835133,70181489550,Contact
16568750,70016841015,70181489550,Contact
16568828,70016841093,70181702619,Contact
16574261,70016846523,70181508199,Contact
16574310,70016846572,70181504171,Contact
16574532,70016846794,70181473201,Contact
16574611,70016846873,70181481213,Contact
16575333,70016847595,70181497469,Contact
16575914,70016848176,70181498604,Contact
16576258,70016848520,70181497111,Contact
16576470,70016848732,70181497498,Contact
16576481,70016848743,70181497498,Contact
16581857,70016854118,70181498374,Contact
16599847,70016872118,70181747125,Contact
16599906,70016872177,70181746405,Contact
16599990,70016872261,70181487063,Contact
16600627,70016872897,70181486758,Contact
16600818,70016873088,70181486670,Contact
16601156,70016873426,70181486670,Contact
16605348,70016877617,70181486610,Contact
16605546,70016877815,70181486179,Contact
16612550,70016884819,70181757863,Contact
16612753,70016885022,70181752612,Contact
16616568,70016888837,70181757863,Contact
16616671,70016888940,70181749711,Contact
16616980,70016889249,70181767085,Contact
16617085,70016889354,70181767172,Contact
16617626,70016889895,70181767501,Contact
16618651,70016890920,70181768155,Contact
16636440,70016908708,70181790612,Contact
16636532,70016908800,70181781402,Contact
16636733,70016909001,70181790806,Contact
16640218,70016912486,70181791511,Contact
16640300,70016912568,70181790806,Contact
16640477,70016912745,70181792523,Contact
16640644,70016912912,70181792608,Contact
16640807,70016913075,70181792676,Contact
16641086,70016913354,70181792807,Contact
16647232,70016919500,70181796825,Contact
16647401,70016919669,70181797565,Contact
16654833,70016927101,70181797148,Contact
16654900,70016927168,70181797215,Contact
16654974,70016927242,70181803496,Contact
16655033,70016927301,70181804392,Contact
16655081,70016927349,70181646232,Contact
16655354,70016927622,70181485462,Contact
16655404,70016927672,70181484995,Contact
16655509,70016927777,70181471649,Contact
16659775,70016932044,70181814449,Contact
16659798,70016932067,70181814400,Contact
16659833,70016932102,70181814127,Contact
16659875,70016932144,70181814127,Contact
16660318,70016932587,70181814449,Contact
16660457,70016932727,70181814346,Contact
16682386,70016954668,70181854111,Contact
16694175,70016966460,70181453612,Contact
16694554,70016966839,70181882993,Contact
16694569,70016966854,70181882556,Contact
16694628,70016966913,70181662094,Contact
16694667,70016966952,70181643021,Contact
16694729,70016967014,70181889510,Contact
16694746,70016967031,70181887065,Contact
16694764,70016967049,70181833939,Contact
16694804,70016967089,70181831058,Contact
16694850,70016967135,70181813078,Contact
16694863,70016967148,70181768903,Contact
16704900,70016977211,70181749010,Contact
16704962,70016977273,70181711328,Contact
16705021,70016977332,70181930294,Contact
16705035,70016977346,70181930294,Contact
16705096,70016977407,70181909897,Contact
16705225,70016977536,70181903563,Contact
16705750,70016978061,70181902587,Contact
16710720,70016983054,70181663331,Contact
16711040,70016983374,70181663196,Contact
16715061,70016987424,70181971495,Contact
16716628,70016988991,70181915568,Contact
16720240,70016992632,70181971700,Contact
16720401,70016992793,70181994810,Contact
16720420,70016992812,70181661707,Contact
16720605,70016992997,70181450484,Contact
16720698,70016993090,70181497023,Contact
16720715,70016993107,70181497023,Contact
16720759,70016993151,70181496846,Contact
16720781,70016993173,70181496714,Contact
16720828,70016993220,70181496617,Contact
16726551,70016998976,70182007321,Contact
16726634,70016999059,70182007803,Contact
16726643,70016999068,70182005647,Contact
16731789,70017004216,70182127912,Contact
16731815,70017004242,70182127948,Contact
16731902,70017004329,70182128093,Contact
16789398,70017061865,70182147136,Contact
16789415,70017061882,70182126955,Contact
16789580,70017062047,70182013761,Contact
16789607,70017062074,70182013392,Contact
16789633,70017062100,70181998416,Contact
16789963,70017062430,70182013761,Contact
16799495,70017071965,70182368101,Contact
16799675,70017072145,70182364153,Contact
16800514,70017072984,70182373665,Contact
16800524,70017072994,70182379134,Contact
16805150,70017077620,70181794687,Contact
16809767,70017082236,70182408422,Contact
16809858,70017082327,70182401294,Contact
16810005,70017082474,70182393907,Contact
16817638,70017090106,70182426027,Contact
16817651,70017090119,70182401066,Contact
16857821,70017130270,70182540977,Contact
16858896,70017131345,70182555269,Contact
16858904,70017131353,70182555269,Contact
16868181,70017140630,70182583684,Contact
16868197,70017140647,70182580380,Contact
16868767,70017141217,70182588909,Contact
16870267,70017142718,70182538845,Contact
16870283,70017142732,70182536008,Contact
16878503,70017150958,70182601647,Contact
16878625,70017151080,70182381784,Contact
16878630,70017151085,70182485653,Contact
16878640,70017151095,70182495295,Contact
16878703,70017151158,70182515617,Contact
16878760,70017151215,70182520755,Contact
16878799,70017151254,70182530031,Contact
16878805,70017151260,70182530031,Contact
16878926,70017151381,70182591910,Contact
16879005,70017151460,70182592885,Contact
16879777,70017152232,70181484664,Contact
16879799,70017152254,70181485492,Contact
16882357,70017154812,70182538830,Contact
16882358,70017154813,70182538835,Contact
16890180,70017162617,70182631963,Contact
16890997,70017163437,70182613590,Contact
16891002,70017163442,70182614802,Contact
16891010,70017163450,70182620185,Contact
16891024,70017163464,70182642320,Contact
16891034,70017163474,70182530994,Contact
16891075,70017163515,70181485847,Contact
16891083,70017163523,70181485847,Contact
16891086,70017163526,70181485847,Contact
16891092,70017163532,70175543195,Contact
16891102,70017163542,70177942563,Contact
16891144,70017163584,70168964189,Contact
16891164,70017163604,70180959696,Contact
16891181,70017163621,70177613749,Contact
16891191,70017163631,70168979135,Contact
16894124,70017166567,70160076418,Contact
16894138,70017166581,70181473201,Contact
16894144,70017166587,70182214180,Contact
16894163,70017166606,70182210588,Contact
16894212,70017166655,70181658797,Contact
16894217,70017166660,70182187479,Contact
16894222,70017166665,70182350348,Contact
16894270,70017166713,70182653153,Contact
16894275,70017166718,70182354966,Contact
16894469,70017166910,70182653327,Contact
16894507,70017166948,70182653313,Contact
16894525,70017166966,70182653228,Contact
16894546,70017166987,70182653153,Contact
16894990,70017167431,70182539017,Contact
16911532,70017183962,70182700495,Contact
16915516,70017187943,70182703030,Contact
16915547,70017187974,70182702546,Contact
16915634,70017188061,70182703303,Contact
16915652,70017188079,70181732079,Contact
16915709,70017188136,70182655376,Contact
16915726,70017188153,70182674598,Contact
16915766,70017188193,70182676921,Contact
16915802,70017188229,70182687797,Contact
16915860,70017188287,70179883704,Contact
16915866,70017188293,70182694863,Contact
16915901,70017188328,70182716371,Contact
16915926,70017188353,70182707599,Contact
16920737,70017193165,70182672383,Contact
16921226,70017193654,70182603138,Contact
16924750,70017197178,70182716839,Contact
16925067,70017197495,70182706191,Contact
16930448,70017202879,70182741465,Contact
16930463,70017202894,70182747804,Contact
16934755,70017207186,70182199712,Contact
16935077,70017207507,70182547071,Contact
16935140,70017207570,70182603138,Contact
16935185,70017207615,70182637212,Contact
16935295,70017207725,70182640422,Contact
16936409,70017208839,70182732806,Contact
16936416,70017208847,70182728526,Contact
16936421,70017208852,70180991365,Contact
16936424,70017208856,70182725609,Contact
16936435,70017208869,70182732806,Contact
16939528,70017211970,70181737722,Contact
16942671,70017215150,70182648348,Contact
16942808,70017215287,70182307524,Contact
16946486,70017218965,70182622327,Contact
16950637,70017223137,70182801345,Contact
16950648,70017223148,70182801854,Contact
16950663,70017223163,70182809545,Contact
16951283,70017223783,70182760381,Contact
16951357,70017223857,70182766101,Contact
16960621,70017233139,70182819836,Contact
16960700,70017233218,70182782500,Contact
16960716,70017233234,70182782500,Contact
16960732,70017233250,70182771535,Contact
16960738,70017233256,70182771535,Contact
16961080,70017233598,70182724006,Contact
16961099,70017233617,70182691247,Contact
16975971,70017248485,70182878946,Contact
16975980,70017248494,70182880897,Contact
16981753,70017254270,70182877550,Contact
16981793,70017254310,70155134026,Contact
16981902,70017254419,70180847881,Contact
16981911,70017254428,70182855755,Contact
16991616,70017264133,70182914401,Contact
16992479,70017264994,70182874351,Contact
16992868,70017265383,70182890950,Contact
16992900,70017265415,70182892338,Contact
16992909,70017265424,70182904041,Contact
16992947,70017265462,70182927438,Contact
16997172,70017269697,70182923689,Contact
16997360,70017269885,70182938008,Contact
16997704,70017270229,70182291150,Contact
17002257,70017274786,70182948454,Contact
17007791,70017280318,70183046727,Contact
17007853,70017280380,70183044198,Contact
17007877,70017280404,70083841591,Contact
17007913,70017280440,70182929351,Contact
17009730,70017282256,70183057366,Contact
17013076,70017285601,70180785680,Contact
17013191,70017285716,70183072114,Contact
17013569,70017286094,70080271772,Contact
17023949,70017296473,70183113236,Contact
17029325,70017301854,70183125959,Contact
17029342,70017301871,70183125296,Contact
17029346,70017301875,70183125296,Contact
17030649,70017303178,70083413853,Contact
17030697,70017303226,70084262427,Contact
17030789,70017303318,70127929639,Contact
17030913,70017303442,70139929460,Contact
17031158,70017303687,70159231807,Contact
17031164,70017303693,70160277513,Contact
17031204,70017303733,70161808972,Contact
17031312,70017303841,70073147041,Contact
17031523,70017304052,70183113236,Contact
17031554,70017304083,70073151322,Contact
17031563,70017304092,70086764819,Contact
17034326,70017306856,70183152122,Contact
17034923,70017307456,70183152122,Contact
17035029,70017307562,70183126634,Contact
17042433,70017314973,70181485197,Contact
17042438,70017314978,70181204790,Contact
17042506,70017315046,70073151106,Contact
17042671,70017315211,70182260949,Contact
17047409,70017319949,70183191340,Contact
17047493,70017320033,70181960142,Contact
17047499,70017320039,70181960088,Contact
17047509,70017320049,70181960105,Contact
17047588,70017320128,70181960143,Contact
17047595,70017320135,70159705179,Contact
17056656,70017329198,70183222738,Contact
17057888,70017330431,70183224732,Contact
17061404,70017333953,70183192279,Contact
17061452,70017334001,70183195211,Contact
17061854,70017334403,70183171408,Contact
17061882,70017334431,70183170194,Contact
17061904,70017334453,70183158669,Contact
17061952,70017334501,70183155563,Contact
17061998,70017334547,70183156872,Contact
17062008,70017334557,70183157276,Contact
17065957,70017338445,70183244614,Contact
17066794,70017339282,70165753610,Contact
17066837,70017339325,70181884053,Contact
17066849,70017339337,70132867251,Contact
17072100,70017344591,70183249924,Contact
17073531,70017346022,70183224732,Contact
17073557,70017346048,70183238719,Contact
17081064,70017353492,70183289554,Contact
17081992,70017354420,70183288594,Contact
17082110,70017354538,70183292200,Contact
17085364,70017357794,70183264955,Contact
17086026,70017358461,70183302783,Contact
17092047,70017364458,70183047309,Contact
17094657,70017367069,70183292200,Contact
17094823,70017367236,70183320299,Contact
17098231,70017370645,70183341373,Contact
17098471,70017370885,70178085950,Contact
17100969,70017373348,70183352817,Contact
17100981,70017373360,70183341745,Contact
17101013,70017373392,70183352817,Contact
17101043,70017373422,70183352898,Contact
17101594,70017373975,70183341745,Contact
17102564,70017374945,70183338881,Contact
17105425,70017377806,70183266736,Contact
17105528,70017377909,70183360311,Contact
17107102,70017379483,70183211735,Contact
17107156,70017379537,70089030461,Contact
17110811,70017383072,70183352898,Contact
17111201,70017383471,70183379634,Contact
17126048,70017398417,70183391926,Contact
17126073,70017398442,70183352817,Contact
17126092,70017398461,70183294833,Contact
17126119,70017398488,70183360311,Contact
17126152,70017398521,70183379634,Contact
17126274,70017398643,70182828536,Contact
17126280,70017398649,70182828536,Contact
17126327,70017398696,70183210547,Contact
17127091,70017399472,70183244614,Contact
17127172,70017399553,70181597604,Contact
17129601,70017401983,70178088163,Contact
17129605,70017401987,70178452083,Contact
17130072,70017402454,70183426215,Contact
17132455,70017404837,70073152250,Contact
17132645,70017405027,70182538900,Contact
17132707,70017405091,70183379634,Contact
17133082,70017405466,70182466916,Contact
17133199,70017405583,70181737722,Contact
17133245,70017405629,70181884053,Contact
17133486,70017405870,70183352817,Contact
17133533,70017405917,70183352363,Contact
17133888,70017406272,70183428609,Contact
17134105,70017406489,70182703126,Contact
17134294,70017406678,70183210547,Contact
17134364,70017406748,70182323204,Contact
17134847,70017407231,70182871383,Contact
17134900,70017407284,70182929334,Contact
17134916,70017407300,70183436721,Contact
17134945,70017407329,70182929884,Contact
17134956,70017407340,70182855715,Contact
17135030,70017407414,70183439357,Contact
17135221,70017407606,70142264702,Contact
17135237,70017407622,70179777269,Contact
17135335,70017407719,70183409315,Contact
17138752,70017411135,70183244614,Contact
17138783,70017411166,70183445402,Contact
17138816,70017411199,70183360311,Contact
17139794,70017412177,70183451577,Contact
17140037,70017412420,70183451577,Contact
17143496,70017415892,70131468173,Contact
17148504,70017420910,70183360311,Contact
17148665,70017421071,70183470513,Contact
17148673,70017421079,70183473507,Contact
17150223,70017422629,70183470513,Contact
17153387,70017425793,70183484893,Contact
17153395,70017425801,70181960172,Contact
17153419,70017425825,70183484955,Contact
17153663,70017426070,70183481726,Contact
17153882,70017426289,70183485290,Contact
17157639,70017430046,70182908579,Contact
17157666,70017430073,70183491529,Contact
17158087,70017430494,70183487583,Contact
17158809,70017431216,70183496784,Contact
17161570,70017433977,70183496784,Contact
