Id,Title,Description,Status,Due date,Owner id,Created by id,Updated by id,Created at,Updated at,Outcome,Task type,Completed date
70003795504,call back,Shared details through whats app.,Completed,2022-11-17 10:30:00 UTC,70000110350,70000110350,70000110350,2022-11-16 09:10:02 UTC,2022-11-17 06:02:18 UTC,,Follow up,2022-11-17 06:01:40 UTC
70003796532,Follow up,Call back after 5 pm,Completed,2022-11-16 17:00:00 UTC,70000110352,70000110352,70000110352,2022-11-16 10:40:17 UTC,2022-11-17 06:16:01 UTC,,Call reminder,2022-11-17 06:15:58 UTC
70003796605,follow up,Advice me call her back after 7 pm,Completed,2022-11-16 10:46:00 UTC,70000110352,70000110352,70000110352,2022-11-16 10:47:52 UTC,2022-11-17 06:15:50 UTC,,,2022-11-17 06:15:11 UTC
70003805071,Follow up,,Completed,2022-11-18 06:43:00 UTC,70000110350,70000110350,70000110350,2022-11-17 06:43:55 UTC,2022-11-18 06:43:51 UTC,Left message,Follow up,2022-11-18 06:43:49 UTC
70003822158,Bad Timing,Tried calling so many times client is not  lifting my call...All details sent through whats app,Overdue,2022-11-30 05:12:00 UTC,70000110352,70000110352,70000110352,2022-11-19 05:15:31 UTC,2022-11-19 05:15:31 UTC,No response,Follow up,
70003822226,Channel Partner,This Client is a Channel partner,Overdue,2022-11-20 05:24:00 UTC,70000110352,70000110352,70000110352,2022-11-19 05:28:29 UTC,2022-11-19 05:28:29 UTC,Not interested,,
70003822240,Mobile number is in complete,Since the mobile number is incomplete.. All details sent through email....,Overdue,2022-11-20 05:29:00 UTC,70000110352,70000110352,70000110352,2022-11-19 05:32:20 UTC,2022-11-19 05:32:20 UTC,,,
70003834189,No response,Tried calling so many times to client. Client is not lifting the phone calls,Overdue,2022-11-22 07:28:00 UTC,70000110352,70000110352,70000110352,2022-11-21 07:30:02 UTC,2022-11-21 07:30:02 UTC,,,
70003834223,no Response,Again tried calling client is not lifting my calls ..Alll details sent through whats app,Overdue,2022-11-22 07:31:00 UTC,70000110352,70000110352,70000110352,2022-11-21 07:33:00 UTC,2022-11-21 07:33:00 UTC,,,
70003852389,Bad timing,Tried calling so many times client is not responding my calls.. All details sent through email and whats app,Overdue,2022-11-24 05:43:00 UTC,70000110352,70000110352,70000110352,2022-11-23 05:45:55 UTC,2022-11-23 05:45:55 UTC,No response,Follow up,
70003852559,follow up,Discussed with client over phone now.. Client says they need ready made ones ..All details sent through email and whats app.. Client said will check with there parents and revert back,Overdue,2022-11-24 06:05:00 UTC,70000110352,70000110352,70000110352,2022-11-23 06:07:02 UTC,2022-11-23 06:07:02 UTC,Left message,Follow up,
70003852627,Bad timing,"Client advice me to call him tommorrow rigt no he is very in meetings
 Client responded me by 1 pm now and said his budget is up to 1.5 cr and maximum up 2crore only. And also pitched regarding our up coming projects too according to his budget",Overdue,2022-11-24 06:10:00 UTC,70000110352,70000110352,70000110352,2022-11-23 06:12:14 UTC,2022-11-23 07:26:01 UTC,Left message,Follow up,
70003861920,customer,Client need ready made flat for her parents ...Explained and whats app our project.. . Client said will check and revert back to us if needed after having discussion with there parents,Overdue,2022-11-25 05:53:00 UTC,70000110352,70000110352,70000110352,2022-11-24 05:55:20 UTC,2022-11-24 05:55:20 UTC,,,
70003861957,bad timing,Tried calling so many times client is not answering my calls.. All details sent through whats app and email,Completed,2022-11-25 05:58:00 UTC,70000110352,70000110352,70000110352,2022-11-24 05:59:26 UTC,2022-11-24 05:59:26 UTC,,Follow up,2022-11-24 05:59:22 UTC
70003864400,follow up,"",Completed,2022-12-22 09:44:00 UTC,70000110350,70000110350,70000110350,2022-11-24 09:44:42 UTC,2022-12-22 09:39:29 UTC,,Follow up,2022-12-22 09:39:29 UTC
70003870270,Bad timing,Tried calling so many times.. Client is disconnecting my calls..All details sent through whats app ,Overdue,2022-11-26 05:32:00 UTC,70000110352,70000110352,70000110352,2022-11-25 05:34:14 UTC,2022-11-25 05:34:14 UTC,No response,Follow up,
70003870529,Follow up,Client  will take a call once model flat is ready...Client need 3 bhk flat in our project..All details sent through whats app and email,Overdue,2022-11-26 06:02:00 UTC,70000110352,70000110352,70000110352,2022-11-25 06:05:02 UTC,2022-11-25 06:05:02 UTC,Interested,Follow up,
70003909936,Ready made ones,Client need ready to move in flats at sreenagar colony...wanted 3 bhk flat. Unfortunately our flats is under construction,Overdue,2022-11-27 05:36:00 UTC,70000110352,70000110352,70000110352,2022-11-26 05:38:58 UTC,2022-11-26 05:38:58 UTC,Interested,Follow up,
70003910307,follow up,After discussing with client ... All details sent through whats app..Client said will check and revert back to us,Overdue,2022-11-27 06:28:00 UTC,70000110352,70000110352,70000110352,2022-11-26 06:29:51 UTC,2022-11-26 06:29:51 UTC,,,
70003920287,bad timing,lMobile pHone is not getting connect tried calling so many times...All details sent trough whats app and email,Overdue,2022-11-29 05:54:00 UTC,70000110352,70000110352,70000110352,2022-11-28 05:57:55 UTC,2022-11-28 05:57:55 UTC,No response,Follow up,
70003924765,BAD TIMING,tRIED CALLING SO MANY TIME CLIENT IS NOT ANSWERING MY CALL ALL DETAILS SENT THROUGH WHATS APP AND EMAIL,Overdue,2022-11-29 09:18:00 UTC,70000110352,70000110352,70000110352,2022-11-28 09:57:09 UTC,2022-11-28 09:57:09 UTC,Left message,,
70003935312,follow up,As discussed with client all details sent through email ..Client said will check and revert back if needed,Overdue,2022-11-30 06:04:00 UTC,70000110352,70000110352,70000110352,2022-11-29 06:06:42 UTC,2022-11-29 06:06:42 UTC,,Follow up,
70003935438,bad timing,The person you are calling are not answering tried calling so many times..All details sent through whats app and email,Overdue,2022-11-30 06:11:00 UTC,70000110352,70000110352,70000110352,2022-11-29 06:13:41 UTC,2022-11-29 06:13:41 UTC,,Follow up,
70003935500,bad timing,The person you are calling is not answering..tried calling so many times all details sent through email and whats app,Overdue,2022-11-30 06:16:00 UTC,70000110352,70000110352,70000110352,2022-11-29 06:17:46 UTC,2022-11-29 06:17:46 UTC,,Follow up,
70003935650,follow up,Client responded my calls after two hours...And adviced me to forward all details through whats app . Client said will check and revert back if needed,Completed,2022-11-30 06:25:00 UTC,70000110352,70000110352,70000110352,2022-11-29 06:27:25 UTC,2022-11-29 06:27:25 UTC,,,2022-11-29 06:25:34 UTC
70003936150,Bad Timing,Tried calling so many times..Client is not answering my calls.. All details sent through whats app and email,Completed,2022-11-30 06:55:00 UTC,70000110352,70000110352,70000110352,2022-11-29 06:56:46 UTC,2022-11-29 06:56:46 UTC,,Follow up,2022-11-29 06:56:41 UTC
70003936267,bad Timing,Tried calling so many times..Client is not answering my calls..All details sent through whats app and emails,Completed,2022-11-30 06:59:00 UTC,70000110352,70000110352,70000110352,2022-11-29 07:01:36 UTC,2022-11-29 07:01:36 UTC,,Follow up,2022-11-29 07:01:25 UTC
70003944916,Bad Timing,Client said not now and disconnect my call..All details sent through email and whats app,Completed,2022-12-01 05:30:00 UTC,70000110352,70000110352,70000110352,2022-11-30 05:32:05 UTC,2022-11-30 05:32:05 UTC,Not interested,Follow up,2022-11-30 05:31:59 UTC
70003944947,Bad Timing,Client said not now and disconnecting my call.. All details sent through email and whats app,Completed,2022-12-01 05:34:00 UTC,70000110352,70000110352,70000110352,2022-11-30 05:35:53 UTC,2022-11-30 05:35:53 UTC,No response,Follow up,2022-11-30 05:35:48 UTC
70003951108,Follow up,Client need ready made flat and client budget is up to 2.5 crore only..unfortunately our project is under construction right now,Overdue,2022-12-01 07:14:00 UTC,70000110352,70000110352,70000110352,2022-11-30 07:16:20 UTC,2022-11-30 07:16:20 UTC,,Follow up,
70003959190,follow up,After discussion with client .Client said will discus with his daughter and revert back to me if needed and also advice me to send all details through brouchure,Completed,2022-12-02 05:59:00 UTC,70000110352,70000110352,70000110352,2022-12-01 06:02:01 UTC,2022-12-01 06:02:01 UTC,,,2022-12-01 06:01:55 UTC
70003959688,Bad Timing,This number is not in use....Pls check the number....Tried calling so many times all details sent through email ....,Completed,2022-12-02 06:51:00 UTC,70000110352,70000110352,70000110352,2022-12-01 06:52:55 UTC,2022-12-01 06:52:55 UTC,,,2022-12-01 06:52:51 UTC
70004030128,Bad Timing,Tried Calling so many times (this number is switched off),Completed,2022-12-09 06:06:00 UTC,70000110352,70000110352,70000110352,2022-12-08 06:07:17 UTC,2022-12-08 06:07:17 UTC,,,2022-12-08 06:07:13 UTC
70004041866,follow up,All details sent through whats app...After having discussion with client.Client said will revert back if needed after discussion with there parents ,Completed,2022-12-10 11:52:00 UTC,70000110352,70000110352,70000110352,2022-12-09 12:02:54 UTC,2022-12-09 12:02:54 UTC,,,2022-12-09 12:02:51 UTC
70004054825,Not interested,Customer replied iam not looking any property & disconnect the call ,Completed,2022-12-12 05:23:00 UTC,70000110351,70000110351,70000110351,2022-12-12 05:34:38 UTC,2025-05-03 07:32:29 UTC,Not interested,,2025-05-03 07:32:29 UTC
70004092919,follow up,THE CLIENT SMS ME RIGHT NOW BUSY IN MEETING WILL CALL BACK ME LATER .,Completed,2022-12-17 10:36:00 UTC,70000110352,70000110352,70000110352,2022-12-16 10:38:55 UTC,2022-12-17 06:03:08 UTC,Left message,Follow up,2022-12-16 10:39:22 UTC
70004098005,follow up ,"",Overdue,2023-01-10 05:59:00 UTC,70000110352,70000110352,70000110352,2022-12-17 06:02:20 UTC,2022-12-17 06:02:20 UTC,Left message,Follow up,
70004099304,follow up,yesterday client adviced me to call him today after lunch..today i called client now he says he will call back to me if he is free,Overdue,2022-12-20 08:59:00 UTC,70000110352,70000110352,70000110352,2022-12-17 09:02:25 UTC,2022-12-17 09:02:25 UTC,Left message,Follow up,
70004099322,follow up,,Completed,2022-12-18 09:03:00 UTC,70000110352,70000110352,70000110352,2022-12-17 09:04:24 UTC,2022-12-17 09:04:24 UTC,,,2022-12-17 09:03:55 UTC
70004115557,follow up,Client looking property for his brother who is working in qatar..All details sent through whats app and email. Client said will check and revert back if needed,Completed,2022-12-20 09:14:00 UTC,70000110352,70000110352,70000110352,2022-12-19 09:21:29 UTC,2022-12-19 09:21:56 UTC,Left message,,2022-12-19 09:21:56 UTC
70004115721,follow up,Client advice me to send all details through whats app.. Client said right now he is busy will check and revert back if needed,Overdue,2022-12-28 09:32:00 UTC,70000110352,70000110352,70000110352,2022-12-19 09:34:01 UTC,2022-12-19 09:34:01 UTC,,Follow up,
70004115780,follow up,All details sent through whats app..client said will check and revert back after having discussion with his brother who is in qatar if needed,Completed,2022-12-20 09:34:00 UTC,70000110352,70000110352,70000110352,2022-12-19 09:38:28 UTC,2022-12-19 09:38:28 UTC,,,2022-12-19 09:34:13 UTC
70004115882,customer,Client budget is up to 1.5 crore only wanted two bhk flat in saidapet area only,Completed,2022-12-20 09:44:00 UTC,70000110352,70000110352,70000110352,2022-12-19 09:46:01 UTC,2022-12-19 09:46:01 UTC,,Follow up,2022-12-19 09:44:52 UTC
70004116129,follow up,After discuuing with client over phone ..Client advice me to call her back tommorrow afternoon ,Completed,2022-12-20 10:01:00 UTC,70000110352,70000110352,70000110352,2022-12-19 10:03:10 UTC,2022-12-19 10:03:10 UTC,,Follow up,2022-12-19 10:02:00 UTC
70004116518,open deal,Client budget is only up to 85 lakhs only wanted 3 bhk flat in our project,Completed,2022-12-20 10:27:00 UTC,70000110352,70000110352,70000110352,2022-12-19 10:28:36 UTC,2022-12-19 10:28:36 UTC,,,2022-12-19 10:27:45 UTC
70004135984,No Response,Tried calling so many times ....Client is not answering my call.. All detail sent through email and whats app,Completed,2022-12-22 10:12:00 UTC,70000110352,70000110352,70000110352,2022-12-21 10:14:24 UTC,2022-12-21 10:14:24 UTC,,,2022-12-21 10:12:55 UTC
70004136267,Follow up,After discussion with client...Client said will check and revert back if needed,Overdue,2022-12-22 10:22:00 UTC,70000110352,70000110352,70000110352,2022-12-21 10:40:10 UTC,2022-12-21 10:40:10 UTC,,,
70004136684,Disconnecting calls,Tried calling so many times..Client is disconnecting my calls.All details sent through  whats app and email,Completed,2022-12-22 11:20:00 UTC,70000110352,70000110352,70000110352,2022-12-21 11:22:54 UTC,2022-12-21 11:22:54 UTC,,,2022-12-21 11:22:21 UTC
70004159848,Bad timing,Client has responded my calls before i say hello client disconnect my call.. tried calling so many times..All details sent through whats app and email,Completed,2022-12-25 06:31:00 UTC,70000110352,70000110352,70000110352,2022-12-24 06:33:45 UTC,2022-12-24 06:33:45 UTC,,,2022-12-24 06:31:47 UTC
70004228295,Follow up,"Client need 2000 sqft of flat in teynampet ,adyar,rapuram area. Tried convinced him for saidapet project...all details sent through whats app and email. Client said will check and revert back",Completed,2022-12-31 06:29:00 UTC,70000110352,70000110352,70000110352,2022-12-30 06:34:27 UTC,2022-12-30 06:34:27 UTC,,,2022-12-30 06:30:01 UTC
70004229198,Follow up,"Held up with office work
will connect back on Saturday or Sunday",Completed,2022-12-31 12:00:00 UTC,70000124684,70000124684,70000124684,2022-12-30 08:10:40 UTC,2023-01-05 09:10:26 UTC,Left message,Call reminder,2023-01-05 09:10:24 UTC
70004229484,Call Remainder,call again and push for the site visit,Completed,2023-01-01 13:00:00 UTC,70000124684,70000124684,70000124684,2022-12-30 08:40:32 UTC,2023-01-05 09:10:05 UTC,Left message,Call reminder,2023-01-05 09:10:02 UTC
70004229515,Call Back Remainder,Held up with the work call back after some times ,Completed,2022-12-30 18:00:00 UTC,70000124684,70000124684,70000124684,2022-12-30 08:45:43 UTC,2022-12-31 06:58:20 UTC,,,2022-12-31 06:58:16 UTC
70004229643,Call Remainder,Call back tomorrow ,Completed,2022-12-31 13:15:00 UTC,70000124684,70000124684,70000124684,2022-12-30 09:00:38 UTC,2023-01-05 09:10:36 UTC,Left message,,2023-01-05 09:10:33 UTC
70004229736,Call back Remainder,Mailed her the deatils,Completed,2022-12-30 10:30:00 UTC,70000124684,70000124684,70000124684,2022-12-30 09:10:57 UTC,2022-12-30 09:24:11 UTC,,Call reminder,2022-12-30 09:23:34 UTC
70004230565,Call Remainder,Call after 6 PM,Completed,2022-12-30 18:00:00 UTC,70000124684,70000124684,70000124684,2022-12-30 10:27:41 UTC,2022-12-31 06:25:27 UTC,,Call reminder,2022-12-31 06:25:24 UTC
70004230613,Call remainder,"Currently out of station

will get back after a week",Completed,2023-01-04 12:30:00 UTC,70000124684,70000124684,70000124684,2022-12-30 10:32:27 UTC,2023-01-07 09:46:07 UTC,Left message,,2023-01-07 09:46:05 UTC
70004230678,Call Remainder,"Called him for Site Visit,

Told to call on 2nd Jan",Completed,2023-01-02 12:00:00 UTC,70000124684,70000124684,70000124684,2022-12-30 10:38:55 UTC,2023-01-07 10:03:41 UTC,Left message,Call reminder,2023-01-07 10:03:39 UTC
70004230725,Call Remainder,Will get back after 6th of Jan,Completed,2023-01-06 12:00:00 UTC,70000124684,70000124684,70000124684,2022-12-30 10:42:37 UTC,2023-01-07 10:03:33 UTC,Left message,Call reminder,2023-01-07 10:03:32 UTC
70004230798,Call Remainder,"Yet to discuss with the family
will get back to you after Jan First",Completed,2023-01-01 12:00:00 UTC,70000124684,70000124684,70000124684,2022-12-30 10:50:17 UTC,2023-01-07 09:58:29 UTC,Left message,Call reminder,2023-01-07 09:58:27 UTC
70004235179,Bad timming,Tried calling so many times..client is not answering my calls all details sent through whats app and email,Completed,2023-01-01 05:40:00 UTC,70000110352,70000110352,70000110352,2022-12-31 05:41:12 UTC,2022-12-31 05:41:12 UTC,,,2022-12-31 05:40:18 UTC
70004235218,Wrong number,The dialed number does not exist.. Pls check the number you have dialed,Completed,2023-01-01 05:44:00 UTC,70000110352,70000110352,70000110352,2022-12-31 05:45:44 UTC,2022-12-31 05:45:44 UTC,,,2022-12-31 05:44:38 UTC
70004244383,follow up,Client said she needs a flat in 3 bhk flat at adyar only..All details of our project vipasnaa sent through whats app.. Client said she will revert back to me if needed,Completed,2023-01-03 06:35:00 UTC,70000110352,70000110352,70000110352,2023-01-02 06:39:56 UTC,2023-01-02 06:39:56 UTC,,,2023-01-02 06:35:34 UTC
70004244962,two bhk flat,Client need two bhk flat in sree nagar colony. Budget is up to 1.5 cr only area they prefer is adyar/velachery/ saidapet,Completed,2023-01-03 07:35:00 UTC,70000110352,70000110352,70000110352,2023-01-02 07:37:18 UTC,2023-01-02 07:37:18 UTC,,,2023-01-02 07:35:27 UTC
70004245129,follow up,Discussed with client ... Client adviced me to send all details through whats app. And also said will call back to me if needed,Completed,2023-01-03 07:53:00 UTC,70000110352,70000110352,70000110352,2023-01-02 07:55:04 UTC,2023-01-02 07:55:04 UTC,,,2023-01-02 07:55:00 UTC
70004270899,lost,Client budget is only 1 crore only wanted 3 bhk flat in our project ..Unfortunately our budget starts from 3.5 crore only,Completed,2023-01-05 06:44:00 UTC,70000110352,70000110352,70000110352,2023-01-04 06:45:44 UTC,2023-01-04 06:45:44 UTC,,,2023-01-04 06:44:21 UTC
70004271037,open deal,Client need 3 bhk apartment in adyar only....buget 2.8 crore only,Completed,2023-01-05 06:57:00 UTC,70000110352,70000110352,70000110352,2023-01-04 06:59:40 UTC,2023-01-04 06:59:40 UTC,,,2023-01-04 06:57:45 UTC
70004271399,Call back remainder,Call after 5,Completed,2023-01-04 17:15:00 UTC,70000124684,70000124684,70000124684,2023-01-04 07:31:09 UTC,2023-01-05 08:39:55 UTC,,Call reminder,2023-01-05 08:39:52 UTC
70004271463,Call back Remainder,Call me back in a hour,Completed,2023-01-04 14:00:00 UTC,70000124684,70000124684,70000124684,2023-01-04 07:34:43 UTC,2023-01-05 06:29:10 UTC,,Call reminder,2023-01-05 06:29:07 UTC
70004271637,Call beck remainder,"Bit busy in the meeting 
call back tomorrow evening ",Completed,2023-01-05 17:30:00 UTC,70000124684,70000124684,70000124684,2023-01-04 07:53:45 UTC,2023-01-06 10:58:54 UTC,,Call reminder,2023-01-06 10:58:51 UTC
70004274409,lost,Client says he himself a buider in ambattur circle and said thank you so much,Completed,2023-01-05 10:57:00 UTC,70000110352,70000110352,70000110352,2023-01-04 10:58:55 UTC,2023-01-04 10:58:55 UTC,,,2023-01-04 10:58:01 UTC
70004280722,Open deal,just now again discuss with client ...Client says his budget is only up to 2 crores only wanted three or two bhk looking in area ashok nagar and kk nagar,Completed,2023-01-06 07:03:00 UTC,70000110352,70000110352,70000110352,2023-01-05 07:04:51 UTC,2023-01-05 07:04:51 UTC,,,2023-01-05 07:03:13 UTC
70004297871,Follow up,Again called today client says he is travelling..will call back once he is free,Completed,2023-01-08 05:42:00 UTC,70000110352,70000110352,70000110352,2023-01-07 05:43:53 UTC,2023-01-07 05:43:53 UTC,,Follow up,2023-01-07 05:42:56 UTC
70004298253,Customer,Tried calling for past two days... Client responded now and said he will call me once he is free,Completed,2023-01-08 06:17:00 UTC,70000110352,70000110352,70000110352,2023-01-07 06:19:06 UTC,2023-01-07 06:19:06 UTC,,,2023-01-07 06:18:01 UTC
70004331307,Open deal,Client budget is up to 1.5 crore ....unfortunately our flat cost starts from  3.5 crore  only,Completed,2023-01-11 05:34:00 UTC,70000110352,70000110352,70000110352,2023-01-10 05:37:34 UTC,2023-01-10 05:37:34 UTC,,,2023-01-10 05:34:38 UTC
70004331584,Bad timing,Tried calling thrice..Client is not answering my calls ..All details sent through email,Completed,2023-01-11 06:00:00 UTC,70000110352,70000110352,70000110352,2023-01-10 06:01:28 UTC,2023-01-10 06:01:28 UTC,,,2023-01-10 06:00:41 UTC
70004331656,open Deal,Client budget is up to 2 crore only wanted 3 bhk flat in our project...Unfortunately our projects starts from 3.5 crore only,Completed,2023-01-11 06:06:00 UTC,70000110352,70000110352,70000110352,2023-01-10 06:07:54 UTC,2023-01-10 06:07:54 UTC,,,2023-01-10 06:06:50 UTC
70004341641,general enquiry,Discussed with client now over phone ..All details sent through whats app and email..Client will check and revert back to me if needed,Completed,2023-01-12 06:28:00 UTC,70000110352,70000110352,70000110352,2023-01-11 06:30:08 UTC,2023-01-11 06:30:08 UTC,,,2023-01-11 06:30:05 UTC
70004349517,bad Timing,The dialed number does not existing..Pls check the number you have dialed..tried calling so many times..All details sent through email ,Completed,2023-01-13 05:21:00 UTC,70000110352,70000110352,70000110352,2023-01-12 05:24:40 UTC,2023-01-13 05:25:55 UTC,,,2023-01-13 05:25:55 UTC
70004349531,Bad timming,The dialed number does not exisrt... Pls  check the number you have dialed.All details sent through email,Completed,2023-01-13 05:24:00 UTC,70000110352,70000110352,70000110352,2023-01-12 05:26:16 UTC,2023-01-12 05:26:16 UTC,,,2023-01-12 05:24:51 UTC
70004366996,Call back Remainder,Call back on Monday,Completed,2023-01-16 12:30:00 UTC,70000124684,70000124684,70000124684,2023-01-14 09:10:07 UTC,2023-01-23 07:15:42 UTC,,Call reminder,2023-01-23 07:15:40 UTC
70004432733,Call Back Remainder,Help up with work Call back in the evening,Overdue,2023-01-23 18:45:00 UTC,70000124684,70000124684,70000124684,2023-01-23 07:09:55 UTC,2023-01-23 07:09:55 UTC,,Call reminder,
70004487831,Budget is only 1.5 crore only,Client budget is up to 1.5 crore only wanted 3 bhk flat in modapair/ kilpauk only,Completed,2023-01-28 07:29:00 UTC,70000110352,70000110352,70000110352,2023-01-27 07:30:47 UTC,2023-01-27 07:30:47 UTC,,,2023-01-27 07:29:39 UTC
70004487914,Bad Timing,The person you are calling is not answering...tried calling so many times...All details sent through email,Completed,2023-01-28 07:36:00 UTC,70000110352,70000110352,70000110352,2023-01-27 07:38:07 UTC,2023-01-27 07:38:07 UTC,,,2023-01-27 07:36:59 UTC
70004488052,Responded,Client responded me after some time..Explained all the details of our project through whats app.. Client said will check and revert back if needed,Completed,2023-01-28 07:49:00 UTC,70000110352,70000110352,70000110352,2023-01-27 07:50:57 UTC,2023-01-27 07:50:57 UTC,,,2023-01-27 07:49:23 UTC
70004488974,Follow up,Discussed with client now...Client advice me to send all details through whats app..Client said will check and revert,Completed,2023-01-28 09:15:00 UTC,70000110352,70000110352,70000110352,2023-01-27 09:16:38 UTC,2023-01-27 09:16:38 UTC,,,2023-01-27 09:15:47 UTC
70004606247,Follow up,Again follow up with client now .. Client says he will call me if needed,Completed,2023-02-02 07:30:00 UTC,70000110352,70000110352,70000110352,2023-02-01 07:31:40 UTC,2023-02-01 07:31:40 UTC,,,2023-02-01 07:31:35 UTC
70004614760,Customer,Client will has still not discuss with there family regarding vipaasna project..Client will check and revert back if needed,Completed,2023-02-03 07:05:00 UTC,70000110352,70000110352,70000110352,2023-02-02 07:06:43 UTC,2023-02-02 07:06:43 UTC,,,2023-02-02 07:05:21 UTC
70004783057,Follow up,After discussion with client now...Client adviced me to send project details through whats app. And if needed will check and revert back,Completed,2023-02-14 11:11:00 UTC,70000110352,70000110352,70000110352,2023-02-13 11:12:31 UTC,2023-02-13 11:12:31 UTC,,,2023-02-13 11:12:26 UTC
70004807368,no response over phone,tried calling so many times client is not answering my calls.. Client is responding through sms only...all details sent through sms,Completed,2023-02-16 10:31:00 UTC,70000110352,70000110352,70000110352,2023-02-15 10:35:02 UTC,2023-02-15 10:35:02 UTC,,,2023-02-15 10:31:07 UTC
70004816849,Follow up by email,Tried calling so many times client is not answering my call..All detailsa sent through email,Completed,2023-02-17 09:56:00 UTC,70000110352,70000110352,70000110352,2023-02-16 09:57:44 UTC,2023-02-16 09:57:44 UTC,,,2023-02-16 09:56:51 UTC
70004816934,budget,Client is looking three bhk flat in thoraipakkam area budget is 1.5 crore,Completed,2023-02-17 10:02:00 UTC,70000110352,70000110352,70000110352,2023-02-16 10:04:55 UTC,2023-02-16 10:04:55 UTC,,,2023-02-16 10:04:48 UTC
70004817609,customer,Client looking property  at medawakkam and velachery only,Completed,2023-02-17 10:52:00 UTC,70000110352,70000110352,70000110352,2023-02-16 10:54:55 UTC,2023-02-16 10:54:55 UTC,,,2023-02-16 10:52:10 UTC
70004824290,Bad timing,Tried calling so many times since two client is not answering my calls ..All details sent through email,Completed,2023-02-18 05:07:00 UTC,70000110352,70000110352,70000110352,2023-02-17 05:07:59 UTC,2023-02-17 05:07:59 UTC,,,2023-02-17 05:07:05 UTC
70004825447,follow up,Client says he is in dubai by next week will reach chennai and give a calll to me,Completed,2023-02-18 06:27:00 UTC,70000110352,70000110352,70000110352,2023-02-17 06:28:45 UTC,2023-02-17 06:28:45 UTC,,,2023-02-17 06:27:46 UTC
70004825722,open deal,Client says having no any idea for purchasing any property right now,Completed,2023-02-18 06:45:00 UTC,70000110352,70000110352,70000110352,2023-02-17 06:47:20 UTC,2023-02-17 06:47:20 UTC,,,2023-02-17 06:45:52 UTC
70004898581,General enqiry,This client himself a builder and it was an general enquiry,Completed,2023-02-25 06:20:00 UTC,70000110352,70000110352,70000110352,2023-02-24 06:22:08 UTC,2023-02-24 06:22:08 UTC,,,2023-02-24 06:20:57 UTC
70004898634,Unqualified,Client says he has no idea to purchase any property right now,Completed,2023-02-25 06:25:00 UTC,70000110352,70000110352,70000110352,2023-02-24 06:26:45 UTC,2023-02-24 06:26:45 UTC,,,2023-02-24 06:26:41 UTC
70004960250,Bad timing,Tried calling client so many times client is not responding my calls,Completed,2023-03-01 11:26:00 UTC,70000110352,70000110352,70000110352,2023-02-28 11:27:29 UTC,2023-02-28 11:27:29 UTC,,,2023-02-28 11:26:42 UTC
70005011706,bad timing,Client says he is not looking any property for purchase,Completed,2023-03-04 05:21:00 UTC,70000110352,70000110352,70000110352,2023-03-03 05:25:25 UTC,2023-03-03 05:25:25 UTC,,,2023-03-03 05:25:14 UTC
70005012284,follow up,Client said he will do site visit by this week end and then decide..All details sent through whats app,Completed,2023-03-04 05:47:00 UTC,70000110352,70000110352,70000110352,2023-03-03 05:48:24 UTC,2023-03-03 05:48:24 UTC,,,2023-03-03 05:47:23 UTC
70005012396,open deal,Client looking apartment at ashok nagar and kk nagar area only. Next to to his office only,Completed,2023-03-04 05:54:00 UTC,70000110352,70000110352,70000110352,2023-03-03 05:56:22 UTC,2023-03-03 05:56:22 UTC,,,2023-03-03 05:54:49 UTC
70005013114,follow up,"After discussion with client, They have informed me the site visit to be scheduled by this week end. They also advice me to send all relevent documents through whats app",Completed,2023-03-04 06:30:00 UTC,70000110352,70000110352,70000110352,2023-03-03 06:33:13 UTC,2023-03-03 06:33:13 UTC,,,2023-03-03 06:30:47 UTC
70005043108,looking property at velachery and medavakkam area,Client is keen on velachery and medawakkam area only not in saidapet,Completed,2023-03-07 06:23:00 UTC,70000110352,70000110352,70000110352,2023-03-06 06:24:40 UTC,2023-03-06 06:24:40 UTC,,,2023-03-06 06:23:33 UTC
70005043964,Bad timing,The number you are trying to reach eithor switched off or busy .. Pls try after some times,Overdue,2023-03-07 06:32:00 UTC,70000110352,70000110352,70000110352,2023-03-06 06:37:04 UTC,2023-03-06 06:37:04 UTC,,,
70005043978,bad timing,The number you are trying to reach either switched off or not reachable at the moment,Completed,2023-03-07 06:37:00 UTC,70000110352,70000110352,70000110352,2023-03-06 06:38:11 UTC,2023-03-06 06:38:11 UTC,,,2023-03-06 06:37:18 UTC
70005044619,Open deal,Client budget is up to 2crores only wanted 3 bhk flat in our project.. But project cost starts from 3.2 crore onwards,Completed,2023-03-07 07:15:00 UTC,70000110352,70000110352,70000110352,2023-03-06 07:17:02 UTC,2023-03-06 07:17:02 UTC,,,2023-03-06 07:15:54 UTC
70005048268,customer,Client advise me to send details in whats app. Client said will consult with vaastu person and then revert,Completed,2023-03-07 10:29:00 UTC,70000110352,70000110352,70000110352,2023-03-06 10:31:12 UTC,2023-03-06 10:31:12 UTC,,,2023-03-06 10:29:53 UTC
70005064611,bad timing,The dialed number does not exist... Tried calling so many times..All details sent through email,Overdue,2023-03-09 06:16:00 UTC,70000110352,70000110352,70000110352,2023-03-08 06:17:10 UTC,2023-03-08 06:17:10 UTC,,,
70005064625,bad timing,The dialed number does not exist....Tried calling so many times ..All details sent through email,Completed,2023-03-09 06:17:00 UTC,70000110352,70000110352,70000110352,2023-03-08 06:18:29 UTC,2023-03-08 06:18:29 UTC,,,2023-03-08 06:17:34 UTC
70005119273,Open deal,Client looking property at kilpauk/ alwarpet/ nungambakkam/poes garden area only,Completed,2023-03-14 10:56:00 UTC,70000110352,70000110352,70000110352,2023-03-13 10:57:51 UTC,2023-03-13 10:57:51 UTC,,,2023-03-13 10:56:48 UTC
70005125646,bad timing,Tried calling so many times ..Client is not responding my calls.. All details sent through email,Completed,2023-03-15 05:43:00 UTC,70000110352,70000110352,70000110352,2023-03-14 05:44:46 UTC,2023-03-14 05:44:46 UTC,,,2023-03-14 05:43:36 UTC
70005156772,follow up,As discussed with client all details sent through whats app ..Client said will check and revert,Completed,2023-03-17 10:17:00 UTC,70000110352,70000110352,70000110352,2023-03-16 10:20:20 UTC,2023-03-16 10:20:20 UTC,,,2023-03-16 10:17:55 UTC
70005163377,open deal,Client budget is only up to 1.5 crores wanted 3 bhk apartment in sreenagar colony onl.y.. Our project cost starts from 3.21 crores onwards,Completed,2023-03-18 05:38:00 UTC,70000110352,70000110352,70000110352,2023-03-17 05:40:10 UTC,2023-03-17 05:40:10 UTC,,,2023-03-17 05:38:26 UTC
70005163470,Bad timing,Tried calling so many times since yesterday.. Client is not responding . All details of our project forwarded through email and sms,Completed,2023-03-18 05:41:00 UTC,70000110352,70000110352,70000110352,2023-03-17 05:43:17 UTC,2023-03-17 05:43:17 UTC,,,2023-03-17 05:42:02 UTC
70005163492,bad timing,e dialed number does not exist.. tried callling so  many times. All details sent through email,Completed,2023-03-18 05:45:00 UTC,70000110352,70000110352,70000110352,2023-03-17 05:46:20 UTC,2023-03-17 05:46:20 UTC,,,2023-03-17 05:45:25 UTC
70005192655,General enquiry,I spoke with the client and described about our property.The client requested that i shall sent all details through whats app.They mentioned that they will get back to us if they are intrested,Completed,2023-03-21 07:01:00 UTC,70000110352,70000110352,70000110352,2023-03-20 07:03:54 UTC,2023-03-20 07:03:54 UTC,,,2023-03-20 07:01:06 UTC
70005196282,Bad timing,Client not answering calls for past two days.Sent project details via email and whats app.Need response,Completed,2023-03-21 10:39:00 UTC,70000110352,70000110352,70000110352,2023-03-20 10:41:59 UTC,2023-03-20 10:41:59 UTC,,,2023-03-20 10:39:51 UTC
70005225433,BAd timing,Tried calling this client sinced yesterday The number is busy and client is nt responding,Completed,2023-03-24 06:05:00 UTC,70000110352,70000110352,70000110352,2023-03-23 06:06:20 UTC,2023-03-23 06:06:20 UTC,,,2023-03-23 06:05:05 UTC
70005236588,Bad timing,I tried to call a customer but they they kept me on hanging. I have already send necessary details of our project through whats app and email,Completed,2023-03-25 06:12:00 UTC,70000110352,70000110352,70000110352,2023-03-24 06:14:29 UTC,2023-03-24 06:14:29 UTC,,,2023-03-24 06:12:35 UTC
70005238615,Customer,Having discussed with client now. Client budget is up to 1.5 crore only.. our project starts from 3.5 crore only.. According to client project we have explained him about our new project and noted his number . Onse approval comes will up date client for new project,Completed,2023-03-25 06:43:00 UTC,70000110352,70000110352,70000110352,2023-03-24 06:45:56 UTC,2023-03-24 06:45:56 UTC,,,2023-03-24 06:43:16 UTC
70005241396,bad timing,Tried calling customer so many times client is not responding my calls.. All details sent through emaiil and whats app,Completed,2023-03-25 10:10:00 UTC,70000110352,70000110352,70000110352,2023-03-24 10:12:22 UTC,2023-03-24 10:12:22 UTC,,,2023-03-24 10:10:59 UTC
70005241448,Bad timing,Called twice to client...Client said i am driving my car will call you back once free,Completed,2023-03-25 10:14:00 UTC,70000110352,70000110352,70000110352,2023-03-24 10:15:28 UTC,2023-03-24 10:15:28 UTC,,,2023-03-24 10:14:11 UTC
70005249414,First phone call,Lead wants us to call her on Monday ,Completed,2023-03-27 14:00:00 UTC,70000110351,70000089514,70000089514,2023-03-25 09:42:55 UTC,2023-04-10 04:49:10 UTC,,Follow up,2023-04-10 04:49:10 UTC
70005265457,Open deal,Client wants to buy a property in thoraipakkam for less than one crore. Client doesnt want to consider our project in saidapet area,Completed,2023-03-28 05:45:00 UTC,70000110352,70000110352,70000110352,2023-03-27 05:47:35 UTC,2023-03-27 05:47:35 UTC,,,2023-03-27 05:45:39 UTC
70005265883,Wrong person name,"The client claims the mobile number is provided is accurate,however,There is no record of a person name mohammed Associated with that number",Completed,2023-03-28 06:05:00 UTC,70000110352,70000110352,70000110352,2023-03-27 06:08:05 UTC,2023-03-27 06:08:05 UTC,,,2023-03-27 06:05:52 UTC
70005301708,Budget ,Client budget is 85 lakhs only wanted two bhk flat... in our project Starts from 3.5 crore onwards,Completed,2023-03-28 11:16:00 UTC,70000110352,70000110352,70000110352,2023-03-27 11:17:50 UTC,2023-03-27 11:17:50 UTC,,,2023-03-27 11:16:29 UTC
70005321274,Budget,After discussion with client all details sent through whats app . Client budget is 2.5 crore only. And our project coat starts from 3.21 crore onwards,Completed,2023-03-29 05:27:00 UTC,70000110352,70000110352,70000110352,2023-03-28 05:29:42 UTC,2023-03-28 05:29:42 UTC,,,2023-03-28 05:27:42 UTC
70005321811,Bad timing ,The person you are calling is not answering pls call after some time,Completed,2023-03-29 05:46:00 UTC,70000110352,70000110352,70000110352,2023-03-28 05:47:21 UTC,2023-03-28 05:47:21 UTC,,,2023-03-28 05:46:35 UTC
70005321863,Bad timing,The number you are trying to reach is switched off.. Pls try later.. Tried calling so many times All details sent through whats app and email,Completed,2023-03-29 05:51:00 UTC,70000110352,70000110352,70000110352,2023-03-28 05:52:30 UTC,2023-03-28 05:52:30 UTC,,,2023-03-28 05:51:22 UTC
70005332610,not intrested,"The client initiates the call with a greeting but abruptly terminates the conversation. Despite multiple attempts to reconnect, the same behavior persists.",Completed,2023-03-30 05:54:00 UTC,70000110352,70000110352,70000110352,2023-03-29 05:55:23 UTC,2023-03-29 05:55:23 UTC,,,2023-03-29 05:54:42 UTC
70005338327,Opendeal,"Looking for a property in the areas of Guindy, Saidapet, Royapettah, or Egmore with a budget of up to 1 crore.",Completed,2023-03-30 10:50:00 UTC,70000110352,70000110352,70000110352,2023-03-29 10:51:39 UTC,2023-03-29 10:51:39 UTC,,,2023-03-29 10:50:47 UTC
70005360487,Open Deal,"As per our phone conversation, I have sent you all the project details via WhatsApp. Client said will revert back to me if intrested her budget is up to 2.5 crore only",Completed,2023-03-31 09:37:00 UTC,70000110352,70000110352,70000110352,2023-03-30 09:39:42 UTC,2023-03-30 09:39:42 UTC,,,2023-03-30 09:39:39 UTC
70005360677,open deal,"After conversation with client via phone,They have prefernce for a flat in perungudi /omr area rather than Saida pet area",Completed,2023-03-31 09:54:00 UTC,70000110352,70000110352,70000110352,2023-03-30 09:56:41 UTC,2023-03-30 09:56:41 UTC,,,2023-03-30 09:54:40 UTC
70005360907,Follow up,As per client request they have advised me to schedule a casll at 6pm in evening as currently they are occupied in a meeting,Completed,2023-03-31 10:10:00 UTC,70000110352,70000110352,70000110352,2023-03-30 10:12:15 UTC,2023-03-30 10:12:15 UTC,,,2023-03-30 10:10:48 UTC
70005370563,Number busy,The dialed number is currently busy..Tried calling so many times..All details of our project sent through email,Completed,2023-04-01 10:21:00 UTC,70000110352,70000110352,70000110352,2023-03-31 10:25:16 UTC,2023-03-31 10:25:16 UTC,,,2023-03-31 10:22:36 UTC
70005370715,Open deal,Client budget is 2.25crore only wanted 3 bhk apartment in our project. But our project cost starts from 3.5 crore onwards,Completed,2023-04-01 10:38:00 UTC,70000110352,70000110352,70000110352,2023-03-31 10:40:06 UTC,2023-03-31 10:40:06 UTC,,,2023-03-31 10:38:52 UTC
70005376130,Wanted Flat near office area,"A customer wants to buy a two-bedroom apartment in Ramapuram area, and their budget is not limited. They will talk to their family and let us know their decision later. They want the property to be close to their workplace.",Completed,2023-04-02 07:26:00 UTC,70000110352,70000110352,70000110352,2023-04-01 07:27:43 UTC,2023-04-01 07:27:43 UTC,,,2023-04-01 07:27:20 UTC
70005376160,No response,"I have been trying to contact the customer for the past two days, but they are not answering my calls.",Completed,2023-04-02 07:31:00 UTC,70000110352,70000110352,70000110352,2023-04-01 07:31:36 UTC,2023-04-01 07:31:36 UTC,,,2023-04-01 07:31:07 UTC
70005377267,Ready to occupy flats,The customer has mentioned that she is currently occupied with her children and will let us know if she is interested. She is specifically looking for properties that are move-in ready.,Completed,2023-04-02 10:21:00 UTC,70000110352,70000110352,70000110352,2023-04-01 10:22:56 UTC,2023-04-01 10:22:56 UTC,,,2023-04-01 10:21:41 UTC
70005391181,Next Week end site visit once model flatr is ready,"After Our telephone conversation, the client suggested that i should provide all details via whats app,During our discussion the client also said that they will be also visiting site visit by next wend and will make there decission after seeing the model flat",Completed,2023-04-04 05:33:00 UTC,70000110352,70000110352,70000110352,2023-04-03 05:37:23 UTC,2023-04-03 05:37:23 UTC,,,2023-04-03 05:33:16 UTC
70005413700,Open deal,"Customer wants a 3 BHK apartment in Annanagar/Alwarpet/Adyar area, with a budget of 3.5 crores. They do not want a property in Saidapet area.",Completed,2023-04-06 06:16:00 UTC,70000110352,70000110352,70000110352,2023-04-05 06:16:46 UTC,2023-04-05 06:16:46 UTC,,,2023-04-05 06:16:25 UTC
70005413980,Follow up,Customer requested a call at 6 pm today As they are currently unavailable to speak,Completed,2023-04-06 06:33:00 UTC,70000110352,70000110352,70000110352,2023-04-05 06:34:56 UTC,2023-04-05 06:34:56 UTC,,,2023-04-05 06:33:36 UTC
70005500110,out of station,The Client has informed me that right now they are in rajastan. Abd also said they will keep in touch once coming down to chennai by this month end,Completed,2023-04-14 05:21:00 UTC,70000110352,70000110352,70000110352,2023-04-13 05:24:08 UTC,2023-04-13 05:24:08 UTC,,,2023-04-13 05:21:36 UTC
70005500663,Bad Timing,The person you are calling are calling is not answering pls call after some time.. Tried calling so many times,Completed,2023-04-14 05:31:00 UTC,70000110352,70000110352,70000110352,2023-04-13 05:33:12 UTC,2023-04-13 05:33:12 UTC,,,2023-04-13 05:31:30 UTC
70005501858,bad timing,Client disconnected my call. Responded via sms only.. All details sent through email,Completed,2023-04-14 06:41:00 UTC,70000110352,70000110352,70000110352,2023-04-13 06:42:10 UTC,2023-04-13 06:42:10 UTC,,,2023-04-13 06:41:03 UTC
70005811183,Out of service,The number you have called is temporary out of service,Completed,2023-04-16 08:56:00 UTC,70000110352,70000110352,70000110352,2023-04-15 08:57:53 UTC,2023-04-15 08:57:53 UTC,,,2023-04-15 08:57:00 UTC
70005811220,Bad Timing,The number you are trying to reach is currently switched off.. Tried calling so many times,Completed,2023-04-16 09:01:00 UTC,70000110352,70000110352,70000110352,2023-04-15 09:02:16 UTC,2023-04-15 09:02:16 UTC,,,2023-04-15 09:01:13 UTC
70005811250,Not intrested,Client said will cyou back if intrested,Completed,2023-04-16 09:05:00 UTC,70000110352,70000110352,70000110352,2023-04-15 09:06:17 UTC,2023-04-15 09:06:17 UTC,,,2023-04-15 09:05:42 UTC
70005811346,Budget,Client looking property at saligram or koyembedu with budget of 1 cr only not in saidapet,Completed,2023-04-16 09:21:00 UTC,70000110352,70000110352,70000110352,2023-04-15 09:22:19 UTC,2023-04-15 09:22:19 UTC,,,2023-04-15 09:21:17 UTC
70005811370,Not Connecting,The line gets disconnected tried calling so many times,Completed,2023-04-16 09:26:00 UTC,70000110352,70000110352,70000110352,2023-04-15 09:27:01 UTC,2023-04-15 09:27:01 UTC,,,2023-04-15 09:26:14 UTC
70005837568,BAd timing,Line gets disconnected tried calling so many times,Completed,2023-04-19 04:58:00 UTC,70000110352,70000110352,70000110352,2023-04-18 04:59:38 UTC,2023-04-18 04:59:38 UTC,,,2023-04-18 04:59:01 UTC
70005837698,Customer,The client has a budget of up to 3 crores and is highly intrested in purchasing a property in adyar/kotturpuram or alwarpet. How ever client son is not intrested buying a property in sree nagar colony,Completed,2023-04-19 05:17:00 UTC,70000110352,70000110352,70000110352,2023-04-18 05:20:51 UTC,2023-04-18 05:20:51 UTC,,,2023-04-18 05:18:10 UTC
70005861023,Customer,"After gathering all the necessary information from us via phone, The client mentioned that they will provide me with updates as situation progress",Completed,2023-04-21 05:06:00 UTC,70000110352,70000110352,70000110352,2023-04-20 05:08:53 UTC,2023-04-20 05:08:53 UTC,,,2023-04-20 05:06:52 UTC
70005861146,Bad Timing ,The numder you are calling is out of network coverage area. Tried calling so many times. All details sent through email and whats app,Completed,2023-04-21 05:14:00 UTC,70000110352,70000110352,70000110352,2023-04-20 05:15:46 UTC,2023-04-20 05:15:46 UTC,,,2023-04-20 05:14:32 UTC
70005861870,Customer,Client said by mistakenly scrolled our site. Client said right now not intrested in buying any property right now,Completed,2023-04-21 06:07:00 UTC,70000110352,70000110352,70000110352,2023-04-20 06:08:11 UTC,2023-04-20 06:08:11 UTC,,,2023-04-20 06:07:17 UTC
70005871326,Budget,Client budget is up to 1 crore wanted 3 bhk flat in our project. But our project cost starts from 3.21 crore onwards,Completed,2023-04-22 05:47:00 UTC,70000110352,70000110352,70000110352,2023-04-21 05:48:26 UTC,2023-04-21 05:48:26 UTC,,,2023-04-21 05:47:20 UTC
70005871441,budget,Client budget is up to 60 lakhs only. Our project costs starts from 3.21 crores only,Completed,2023-04-22 05:55:00 UTC,70000110352,70000110352,70000110352,2023-04-21 05:56:57 UTC,2023-04-21 05:56:57 UTC,,,2023-04-21 05:56:02 UTC
70005904308,Bad timing,The person you are calling is not answering  tried calling so many times,Completed,2023-04-25 05:15:00 UTC,70000110352,70000110352,70000110352,2023-04-24 05:16:21 UTC,2023-04-24 05:16:21 UTC,,,2023-04-24 05:15:34 UTC
70005904933,Budget,Client budget is up to 1.5 crore only and our project cost starts from 3.21 crores onwards,Completed,2023-04-25 06:04:00 UTC,70000110352,70000110352,70000110352,2023-04-24 06:05:18 UTC,2023-04-24 06:05:18 UTC,,,2023-04-24 06:04:17 UTC
70005906467,Budget,Client budget is up to 60 lakhs wanted two bhk in medawakkam/ Pallikarnai/ veleachery only,Completed,2023-04-25 07:52:00 UTC,70000110352,70000110352,70000110352,2023-04-24 07:54:03 UTC,2023-04-24 07:54:03 UTC,,,2023-04-24 07:53:01 UTC
70005907503,Customer,Client said by this weekend will have a site visit. Before coming client will give me a call..All details sent through whats app,Completed,2023-04-25 09:11:00 UTC,70000110352,70000110352,70000110352,2023-04-24 09:12:48 UTC,2023-04-24 09:12:48 UTC,,,2023-04-24 09:11:40 UTC
70005907541,bad timing,"The number you have dialed is current 
ly busy. Pls try later. Tried calling so many times",Completed,2023-04-25 09:15:00 UTC,70000110352,70000110352,70000110352,2023-04-24 09:16:44 UTC,2023-04-24 09:16:44 UTC,,,2023-04-24 09:15:44 UTC
70005908227,Customer,Client budget is up to 2 crores only wanted 3 bhk flat in our project. But our project starts from 3.21 crore onwards,Completed,2023-04-25 09:29:00 UTC,70000110352,70000110352,70000110352,2023-04-24 09:31:04 UTC,2023-04-24 09:31:04 UTC,,,2023-04-24 09:29:22 UTC
70005925150,Saligramam location,Follow up ,Completed,2023-05-31 11:39:00 UTC,70000110350,70000110350,70000110350,2023-04-25 11:40:29 UTC,2023-05-15 11:36:21 UTC,,,2023-05-15 11:36:13 UTC
70005934522,Follow up post site visit,"Client was in rajasthan, have to follow up ",Overdue,2023-04-29 15:00:00 UTC,70000110352,70000089514,70000089514,2023-04-26 06:07:19 UTC,2023-04-26 06:07:19 UTC,,Follow up,
70005982299,Bad timing,The number you are trying to reach is currently busy. Tried calling so many times.,Completed,2023-04-28 06:08:00 UTC,70000110352,70000110352,70000110352,2023-04-27 06:09:54 UTC,2023-04-27 06:09:54 UTC,,,2023-04-27 06:08:48 UTC
70005982349,bad timing,The person you are calling is not answering tired calling so many times,Completed,2023-04-28 06:13:00 UTC,70000110352,70000110352,70000110352,2023-04-27 06:14:17 UTC,2023-04-27 06:14:17 UTC,,,2023-04-27 06:13:13 UTC
70005983250,budget,Client is intrested in vipaasna project but client budget is 2.5 crore only and also client doesnt wants to go for loan. Our project starts from 3.21 cr,Completed,2023-04-28 07:02:00 UTC,70000110352,70000110352,70000110352,2023-04-27 07:04:26 UTC,2023-04-27 07:04:26 UTC,,,2023-04-27 07:02:54 UTC
70005984265,Budget,Client budget is up to 2 crores only wanted aprtment in adyar/alwarpet. Client is intrested in vipaasna project but project costs starts from 3.21 crores,Completed,2023-04-28 08:02:00 UTC,70000110352,70000110352,70000110352,2023-04-27 08:04:21 UTC,2023-04-27 08:04:21 UTC,,,2023-04-27 08:02:58 UTC
70005986022,Budget,Client budget is up to 1.5cr only wanted 3bhk flat in sreenagar colony vipaasna project. But our budget starts from 3.21 crores only,Completed,2023-04-28 10:18:00 UTC,70000110352,70000110352,70000110352,2023-04-27 10:19:23 UTC,2023-04-27 10:19:23 UTC,,,2023-04-27 10:18:07 UTC
70005995784,Wrong name,"Client name is ganeshan and not sabarinathan. Right now client is not looking any property,was just scrolloing our website",Completed,2023-04-29 06:01:00 UTC,70000110352,70000110352,70000110352,2023-04-28 06:03:12 UTC,2023-04-28 06:03:12 UTC,,,2023-04-28 06:01:50 UTC
70006010556,Follow up,As per client commitment in whats app. Client was supposed to have site visit today. Now client says will call me once he is free,Completed,2023-04-30 06:03:00 UTC,70000110352,70000110352,70000110352,2023-04-29 06:05:22 UTC,2023-04-29 06:05:22 UTC,,,2023-04-29 06:03:34 UTC
70006018283,budget,Client need lessor flats in alwarpet only. Not in saidapet area. Budget up t0 2.5 cr,Completed,2023-04-30 11:08:00 UTC,70000110352,70000110352,70000110352,2023-04-29 11:13:46 UTC,2023-04-29 11:13:46 UTC,,,2023-04-29 11:12:16 UTC
70006018291,budget,Client budget is up to 2.5 cr wanted flat in alwarpet area only not in saidapet area,Completed,2023-04-30 11:13:00 UTC,70000110352,70000110352,70000110352,2023-04-29 11:14:49 UTC,2023-04-29 11:14:49 UTC,,,2023-04-29 11:13:55 UTC
70006033361,Wrong number,Mobile number does not exist tried calling so many times,Completed,2023-05-02 04:50:00 UTC,70000110352,70000110352,70000110352,2023-05-01 04:51:20 UTC,2023-05-01 04:51:20 UTC,,,2023-05-01 04:50:39 UTC
70006033380,Budget,Client budget is up to 1crore only and our project starts from 3.3cr,Completed,2023-05-02 04:56:00 UTC,70000110352,70000110352,70000110352,2023-05-01 04:57:33 UTC,2023-05-01 04:57:33 UTC,,,2023-05-01 04:56:43 UTC
70006033412,BadTiming,The person you are calling is not answering tried calling so m any times,Completed,2023-05-02 05:00:00 UTC,70000110352,70000110352,70000110352,2023-05-01 05:01:48 UTC,2023-05-01 05:01:48 UTC,,,2023-05-01 05:00:50 UTC
70006033498,junk lead,Client is disconnecting a call tried calling so many times,Completed,2023-05-02 05:15:00 UTC,70000110352,70000110352,70000110352,2023-05-01 05:16:14 UTC,2023-05-01 05:16:14 UTC,,,2023-05-01 05:15:19 UTC
70006086950,Invalid,The number you have dialed is invalid. Pls check the number you have dialed,Completed,2023-05-04 10:49:00 UTC,70000110352,70000110352,70000110352,2023-05-03 10:50:40 UTC,2023-05-03 10:50:40 UTC,,,2023-05-03 10:49:58 UTC
70006087042,Rental only,Client looking flat for rental only.. Not for purchase,Completed,2023-05-04 10:56:00 UTC,70000110352,70000110352,70000110352,2023-05-03 10:57:11 UTC,2023-05-03 10:57:11 UTC,,,2023-05-03 10:56:32 UTC
70006087099,budget,"Client budget is up to 1.2 rores only wanted 3 bhk flat in sreenagar colony. Our project cost starts from 3,21 crores onwards",Completed,2023-05-04 11:01:00 UTC,70000110352,70000110352,70000110352,2023-05-03 11:02:52 UTC,2023-05-03 11:02:52 UTC,,,2023-05-03 11:01:46 UTC
70006094370,bad timing,The number you are trying to reach is out of coverage area. tried calling so many times,Completed,2023-05-05 05:08:00 UTC,70000110352,70000110352,70000110352,2023-05-04 05:09:26 UTC,2023-05-04 05:09:26 UTC,,,2023-05-04 05:08:29 UTC
70006094708,Bad Timing,The number you have dialed is currently busy. Tried calling so many times,Completed,2023-05-05 05:14:00 UTC,70000110352,70000110352,70000110352,2023-05-04 05:15:50 UTC,2023-05-04 05:15:50 UTC,,,2023-05-04 05:15:00 UTC
70006095406,Junk,Client is not looking any property right now..and said thank you,Completed,2023-05-05 06:04:00 UTC,70000110352,70000110352,70000110352,2023-05-04 06:05:44 UTC,2023-05-04 06:05:44 UTC,,,2023-05-04 06:04:48 UTC
70006095816,Intrested,Client is not in station right now by next week end client will give a call for site visit,Completed,2023-05-05 06:38:00 UTC,70000110352,70000110352,70000110352,2023-05-04 06:40:31 UTC,2023-05-04 06:40:31 UTC,,,2023-05-04 06:38:37 UTC
70006095926,Junk,Client says right now he is not looking for any property right now,Completed,2023-05-05 06:46:00 UTC,70000110352,70000110352,70000110352,2023-05-04 06:47:06 UTC,2023-05-04 06:47:06 UTC,,,2023-05-04 06:46:32 UTC
70006096493,Already purchased,Client has already finalized the apartment last month itself with budget of 1.5 cr,Completed,2023-05-05 07:29:00 UTC,70000110352,70000110352,70000110352,2023-05-04 07:31:06 UTC,2023-05-04 07:31:06 UTC,,,2023-05-04 07:29:57 UTC
70006097467,junk lead,Client says they are not looking for any apartment right now,Completed,2023-05-05 09:08:00 UTC,70000110352,70000110352,70000110352,2023-05-04 09:08:56 UTC,2023-05-04 09:08:56 UTC,,,2023-05-04 09:08:11 UTC
70006097526,Bad timing,Tried calling so many times client is not answering..all details sent through whats app,Completed,2023-05-05 09:15:00 UTC,70000110352,70000110352,70000110352,2023-05-04 09:16:27 UTC,2023-05-04 09:16:27 UTC,,,2023-05-04 09:15:14 UTC
70006097580,budget,Client budget is up to one crore only looking property at velachery/ medavakkam only,Completed,2023-05-05 09:20:00 UTC,70000110352,70000110352,70000110352,2023-05-04 09:21:54 UTC,2023-05-04 09:21:54 UTC,,,2023-05-04 09:21:01 UTC
70006097624,Not Intrested,Client says not intrested in buying any property,Completed,2023-05-05 09:25:00 UTC,70000110352,70000110352,70000110352,2023-05-04 09:25:58 UTC,2023-05-04 09:25:58 UTC,,,2023-05-04 09:25:20 UTC
70006097726,Follow up,After discussion with client all details sent through whats app . Client said will revert back after discussing with family if intrested,Completed,2023-05-05 09:35:00 UTC,70000110352,70000110352,70000110352,2023-05-04 09:36:43 UTC,2023-05-04 09:36:43 UTC,,,2023-05-04 09:35:08 UTC
70006097773,Bad Timing,Tried calling so many times. Client is not answering ..All details sent through whats app,Completed,2023-05-05 09:38:00 UTC,70000110352,70000110352,70000110352,2023-05-04 09:39:18 UTC,2023-05-04 09:39:18 UTC,,,2023-05-04 09:38:32 UTC
70006097798,Budget,Client budget is up to 2 cr wanted three bhk apartment in our project. But our project cost starts from 3.21 cr onwards,Completed,2023-05-05 09:41:00 UTC,70000110352,70000110352,70000110352,2023-05-04 09:42:15 UTC,2023-05-04 09:42:15 UTC,,,2023-05-04 09:41:10 UTC
70006106969,Dropped,Client says they have dropped the plan right now because right now they are thinking for daughter overseas studies,Completed,2023-05-06 06:06:00 UTC,70000110352,70000110352,70000110352,2023-05-05 06:09:13 UTC,2023-05-05 06:09:13 UTC,,,2023-05-05 06:06:40 UTC
70006106986,Dropped,Client says they have dropped the plan riht now because of there daughter overseas studies,Completed,2023-05-06 06:09:00 UTC,70000110352,70000110352,70000110352,2023-05-05 06:10:31 UTC,2023-05-05 06:10:31 UTC,,,2023-05-05 06:09:25 UTC
70006107104,Customer,After discussing with client all details sent through wahts app. Client will check aand revert back if needed.,Completed,2023-05-06 06:23:00 UTC,70000110352,70000110352,70000110352,2023-05-05 06:24:42 UTC,2023-05-05 06:24:42 UTC,,,2023-05-05 06:23:37 UTC
70006107186,Bad timing,The person you are calling is not answering .Tried calling so many times ..All details sent through whats app,Completed,2023-05-06 06:29:00 UTC,70000110352,70000110352,70000110352,2023-05-05 06:30:44 UTC,2023-05-05 06:30:44 UTC,,,2023-05-05 06:29:40 UTC
70006157425,follow up,Follow up ,Overdue,2023-05-17 09:29:00 UTC,70000110350,70000110350,70000110350,2023-05-10 09:30:05 UTC,2023-05-10 09:30:05 UTC,,,
70006157549,follow up ,follow up,Completed,2023-05-11 09:41:00 UTC,70000110350,70000110350,70000110350,2023-05-10 09:41:30 UTC,2023-05-11 10:26:21 UTC,,,2023-05-11 10:26:21 UTC
70006157684,follow up,,Overdue,2023-05-11 12:30:00 UTC,70000110350,70000110350,70000110350,2023-05-10 09:51:50 UTC,2023-05-10 09:51:50 UTC,,,
70006171363,Replied to call tomorrow,,Completed,2023-05-12 10:25:00 UTC,70000110350,70000110350,70000110350,2023-05-11 10:26:03 UTC,2023-05-11 10:26:03 UTC,,,2023-05-11 10:25:28 UTC
70006205586,follow ,,Completed,2023-05-16 10:30:00 UTC,70000110350,70000110350,70000110350,2023-05-15 09:41:39 UTC,2023-05-16 09:59:32 UTC,,,2023-05-16 09:59:28 UTC
70006215608,To follow up,,Completed,2023-05-20 10:21:00 UTC,70000110350,70000110350,70000110350,2023-05-16 10:22:03 UTC,2023-05-20 10:07:24 UTC,,,2023-05-20 10:07:03 UTC
70006309720,follow up,,Completed,2023-05-26 09:54:00 UTC,70000110350,70000110350,70000110350,2023-05-25 09:54:17 UTC,2023-05-26 09:39:27 UTC,,,2023-05-26 09:39:25 UTC
70006316556,Bad timing,Tried calling so many times ..Client is disconnecting my calls.. All details sent through email,Completed,2023-05-27 06:13:00 UTC,70000110352,70000110352,70000110352,2023-05-26 06:14:35 UTC,2023-05-26 06:14:35 UTC,,,2023-05-26 06:13:24 UTC
70006317542,Bad Timing,Client adviced me to call her back after 4 pm right now she is in school,Completed,2023-05-27 07:19:00 UTC,70000110352,70000110352,70000110352,2023-05-26 07:20:30 UTC,2023-05-26 07:20:30 UTC,,,2023-05-26 07:19:29 UTC
70006317587,Bad timing,The number you have dialed is crrently busy..Pls try later.         tried calling so many times,Completed,2023-05-27 07:22:00 UTC,70000110352,70000110352,70000110352,2023-05-26 07:24:16 UTC,2023-05-26 07:24:16 UTC,,,2023-05-26 07:22:49 UTC
70006320295,budget,Client budget is only up to 70 lakhs wanted two bhk flat in sreenagar colony,Completed,2023-05-27 11:10:00 UTC,70000110352,70000110352,70000110352,2023-05-26 11:11:26 UTC,2023-05-26 11:11:26 UTC,,,2023-05-26 11:10:35 UTC
70006320750,Cutting calls,Tried calling so many times client is disconnecting my calls all details sent through email,Completed,2023-05-27 11:48:00 UTC,70000110352,70000110352,70000110352,2023-05-26 11:51:56 UTC,2023-05-26 11:51:56 UTC,,,2023-05-26 11:48:18 UTC
70006348386,not  intrested,Client said as of now not intrested of buying any property,Completed,2023-05-30 07:31:00 UTC,70000110352,70000110352,70000110352,2023-05-29 07:32:53 UTC,2023-05-29 07:32:53 UTC,,,2023-05-29 07:31:42 UTC
70006348474,Bad Timing,The number you are calling is out of coverage area.. Tried calling so many times. All details sent through email,Completed,2023-05-30 07:39:00 UTC,70000110352,70000110352,70000110352,2023-05-29 07:40:58 UTC,2023-05-29 07:40:58 UTC,,,2023-05-29 07:39:48 UTC
70006348602,general enquiry,As Discussed with client now . Client adviced me to forward all detsails through whats app and also said will revert back if intrested,Completed,2023-05-30 07:50:00 UTC,70000110352,70000110352,70000110352,2023-05-29 07:52:37 UTC,2023-05-29 07:52:37 UTC,,,2023-05-29 07:50:44 UTC
70006348670,not intrested,Client is not intrested in buyig any property right now.. was just scrolling our property,Completed,2023-05-30 07:57:00 UTC,70000110352,70000110352,70000110352,2023-05-29 07:58:31 UTC,2023-05-29 07:58:31 UTC,,,2023-05-29 07:57:35 UTC
70006348743,Bad Timing,The person you are calling is not answering tried calling so many times..All details sent through email,Completed,2023-05-30 08:03:00 UTC,70000110352,70000110352,70000110352,2023-05-29 08:05:05 UTC,2023-05-29 08:05:32 UTC,,,2023-05-29 08:05:32 UTC
70006348845,Budget,Client budget is up to 1.75 cr only wanted 3 bhk apartment in saida pet area. Our project costs starts from 3.21 cr onwards,Completed,2023-05-30 08:12:00 UTC,70000110352,70000110352,70000110352,2023-05-29 08:14:28 UTC,2023-05-29 08:14:28 UTC,,,2023-05-29 08:12:33 UTC
70006348890,Bad timing,Tried calling so many times... client is not answering ..all details sent through email,Completed,2023-05-30 08:17:00 UTC,70000110352,70000110352,70000110352,2023-05-29 08:18:48 UTC,2023-05-29 08:18:48 UTC,,,2023-05-29 08:17:12 UTC
70006358636,Temporarily out of service,The number you are calling is temporary out of service ...Pls try later,Completed,2023-05-31 06:01:00 UTC,70000110352,70000110352,70000110352,2023-05-30 06:02:00 UTC,2023-05-30 06:02:00 UTC,,,2023-05-30 06:01:05 UTC
70006372728,Bad Timing,Tried calling since yesterday client is not answering my calls.. All details sent through email,Completed,2023-06-01 06:02:00 UTC,70000110352,70000110352,70000110352,2023-05-31 06:03:53 UTC,2023-05-31 06:03:53 UTC,,,2023-05-31 06:02:34 UTC
70006373105,Follow up ,Client responded after so many follow ups. Client said he is in goa for project work and also advice me to forward all details through whats app.And also said he will call back and have a site visit once he is in chennai,Completed,2023-06-01 06:29:00 UTC,70000110352,70000110352,70000110352,2023-05-31 06:32:27 UTC,2023-05-31 06:32:27 UTC,,,2023-05-31 06:29:42 UTC
70006373477,Budget 2.5 crore only,Client need 3 bhk apartment in our project... Wanted ready to move in budget up to 2.5 crore only,Completed,2023-06-01 06:57:00 UTC,70000110352,70000110352,70000110352,2023-05-31 06:59:05 UTC,2023-05-31 06:59:05 UTC,,,2023-05-31 06:57:37 UTC
70006376525,Follow up,Client advice me to call her back after 8 pm today,Completed,2023-06-01 10:50:00 UTC,70000110352,70000110352,70000110352,2023-05-31 10:51:28 UTC,2023-05-31 10:51:28 UTC,,,2023-05-31 10:50:56 UTC
70006419040,budget,Client budget is up to 80 lakhs only looking property at saidapet area,Completed,2023-06-03 05:04:00 UTC,70000110352,70000110352,70000110352,2023-06-02 05:06:01 UTC,2023-06-02 05:06:01 UTC,,,2023-06-02 05:04:56 UTC
70006419658,Follow up,After discussion with client all details sent through whats app. Client said will visit site by next weekend  once he is free,Completed,2023-06-03 06:04:00 UTC,70000110352,70000110352,70000110352,2023-06-02 06:06:13 UTC,2023-06-02 06:06:13 UTC,,,2023-06-02 06:04:53 UTC
70006419814,Vadapalani ,Client need 3 bhk apartment in vadapalani area only not in saidapet,Completed,2023-06-03 06:20:00 UTC,70000110352,70000110352,70000110352,2023-06-02 06:21:30 UTC,2023-06-02 06:21:30 UTC,,,2023-06-02 06:20:14 UTC
70006419998,Budget,After discussion with client ...All details sent through whats app.. Client will check and revert back to us if needed,Completed,2023-06-03 06:35:00 UTC,70000110352,70000110352,70000110352,2023-06-02 06:36:09 UTC,2023-06-02 06:36:09 UTC,,,2023-06-02 06:35:09 UTC
70006428066,Bad Timing,Tried calling so many times client is not answering my calls right now..All details sent through email,Completed,2023-06-04 05:54:00 UTC,70000110352,70000110352,70000110352,2023-06-03 05:55:47 UTC,2023-06-03 05:55:47 UTC,,,2023-06-03 05:54:45 UTC
70006446470,Budget,Client budget is up to 1.5 crore only wanted 3 bhk flat in saidapet or guindy,Completed,2023-06-06 06:55:00 UTC,70000110352,70000110352,70000110352,2023-06-05 06:56:16 UTC,2023-06-05 06:56:16 UTC,,,2023-06-05 06:55:19 UTC
70006446536,Bad Timing,Tried Calling so many times.. Client is disconnecting my calls.. All details sent through email,Completed,2023-06-06 06:58:00 UTC,70000110352,70000110352,70000110352,2023-06-05 07:02:54 UTC,2023-06-05 07:02:54 UTC,,,2023-06-05 06:58:41 UTC
70006446677,Budget,As discussed with client all  details sent through email. Client budget is up to 1 cr only,Completed,2023-06-06 07:12:00 UTC,70000110352,70000110352,70000110352,2023-06-05 07:13:41 UTC,2023-06-05 07:13:41 UTC,,,2023-06-05 07:12:35 UTC
70006446739,Not intrested,Client said right now not intrested in buying any property,Completed,2023-06-06 07:17:00 UTC,70000110352,70000110352,70000110352,2023-06-05 07:18:31 UTC,2023-06-05 07:18:31 UTC,,,2023-06-05 07:17:44 UTC
70006449342,Budget,Client budget is up to 2 crore only wanted 3 bhk or two bhk flat in alwarpet/adyar/ Ra puram / Saidapet,Completed,2023-06-06 10:55:00 UTC,70000110352,70000110352,70000110352,2023-06-05 10:57:04 UTC,2023-06-05 10:57:04 UTC,,,2023-06-05 10:55:58 UTC
70006449523,Follow up,After discussion with client ...All details sent through whats app. Client said by this week end or wednesday will have site visit and then decide,Completed,2023-06-06 11:09:00 UTC,70000110352,70000110352,70000110352,2023-06-05 11:10:50 UTC,2023-06-05 11:10:50 UTC,,,2023-06-05 11:09:29 UTC
70006449669,not intrested,Client says as of now he is not intreested in buying any property right now. He may refer to his friends if needed,Completed,2023-06-06 11:22:00 UTC,70000110352,70000110352,70000110352,2023-06-05 11:24:00 UTC,2023-06-05 11:24:00 UTC,,,2023-06-05 11:22:37 UTC
70006449726,Bad timing,The person you are calling is not answering... Tried calling so many times..All details sent through email,Completed,2023-06-06 11:28:00 UTC,70000110352,70000110352,70000110352,2023-06-05 11:29:17 UTC,2023-06-05 11:29:17 UTC,,,2023-06-05 11:28:05 UTC
70006456632,Budget,After discussion with client all details sent through whats app. Client said will check and revert back to me if needed,Completed,2023-06-07 06:55:00 UTC,70000110352,70000110352,70000110352,2023-06-06 06:56:26 UTC,2023-06-06 06:56:26 UTC,,,2023-06-06 06:55:22 UTC
70006482854,General Enquiry,Discussed with clients brother. He says he will forward all detail to her sister and revert back if needed,Completed,2023-06-09 09:45:00 UTC,70000110352,70000110352,70000110352,2023-06-08 09:46:39 UTC,2023-06-08 09:46:39 UTC,,,2023-06-08 09:45:26 UTC
70006482908,Brokers,This lead is channel partner lead,Completed,2023-06-09 09:49:00 UTC,70000110352,70000110352,70000110352,2023-06-08 09:50:15 UTC,2023-06-08 09:50:15 UTC,,,2023-06-08 09:49:43 UTC
70006482998,Badtiming,Right now client is busy in video confrence and said will revert back if needed,Completed,2023-06-09 09:53:00 UTC,70000110352,70000110352,70000110352,2023-06-08 09:54:21 UTC,2023-06-08 09:54:21 UTC,,,2023-06-08 09:53:31 UTC
70006489673,BAd Timing ,The number you are calling is out of network coverage area..tried calling so many times..All details sent through email,Completed,2023-06-10 05:51:00 UTC,70000110352,70000110352,70000110352,2023-06-09 05:52:56 UTC,2023-06-09 05:52:56 UTC,,,2023-06-09 05:51:23 UTC
70006489831,General Enquiry,Right now client is in pondicherry.. All details sent through whats app. Client said will check and revert back if needed,Completed,2023-06-10 06:04:00 UTC,70000110352,70000110352,70000110352,2023-06-09 06:06:47 UTC,2023-06-09 06:06:47 UTC,,,2023-06-09 06:05:02 UTC
70006489909,Budget,Client need three bhk flat in ashok nagar/tnagar/guindy budget up to 2 crore only,Completed,2023-06-10 06:11:00 UTC,70000110352,70000110352,70000110352,2023-06-09 06:13:05 UTC,2023-06-09 06:13:05 UTC,,,2023-06-09 06:11:33 UTC
70006490015,Follow up,After discussion with client all details sent through whats app.. Client said they may have site visit this week end and revert back if needed,Completed,2023-06-10 06:20:00 UTC,70000110352,70000110352,70000110352,2023-06-09 06:22:37 UTC,2023-06-09 06:22:37 UTC,,,2023-06-09 06:20:15 UTC
70006490141,Out of service,The number you are calling is temperorly out of service.. Tried calling so many times..,Completed,2023-06-10 06:29:00 UTC,70000110352,70000110352,70000110352,2023-06-09 06:31:02 UTC,2023-06-09 06:31:02 UTC,,,2023-06-09 06:29:47 UTC
70006502224,Follow up,Discussed with client now.. Client said by next week they will try to come for site visit,Completed,2023-06-11 06:07:00 UTC,70000110352,70000110352,70000110352,2023-06-10 06:07:58 UTC,2023-06-10 06:07:58 UTC,,,2023-06-10 06:07:06 UTC
70006502291,Bad Timing,The person you are calling is not answering...Tried calling so many times...,Completed,2023-06-11 06:16:00 UTC,70000110352,70000110352,70000110352,2023-06-10 06:17:43 UTC,2023-06-10 06:17:43 UTC,,,2023-06-10 06:16:46 UTC
70006502313,Busy,Client said he will me once he is free...All details sent through whats app,Completed,2023-06-11 06:20:00 UTC,70000110352,70000110352,70000110352,2023-06-10 06:21:47 UTC,2023-06-10 06:21:47 UTC,,,2023-06-10 06:21:01 UTC
70006502623,Bad Timing,The number yo have called is not answering.. Tried calling so many times,Completed,2023-06-11 06:51:00 UTC,70000110352,70000110352,70000110352,2023-06-10 06:52:56 UTC,2023-06-10 06:52:56 UTC,,,2023-06-10 06:51:07 UTC
70006502774,Bad timing,Client said next week he will try to have site visit. This week is not possible. And Also said he will give a call befor he comes for site visit,Completed,2023-06-11 06:57:00 UTC,70000110352,70000110352,70000110352,2023-06-10 06:59:46 UTC,2023-06-10 06:59:46 UTC,,,2023-06-10 06:57:30 UTC
70006524822,Site visit done,Client visited site along with vaastu person. They said if vaastu gives approval then they may come for negotation.. till this weekend client ask us to call back,Completed,2023-06-13 06:17:00 UTC,70000110352,70000110352,70000110352,2023-06-12 06:19:39 UTC,2023-06-12 06:19:39 UTC,,,2023-06-12 06:17:21 UTC
70006535994,Bad Timing,The number you are calling is currently busy. tried calling so many times,Completed,2023-06-14 06:18:00 UTC,70000110352,70000110352,70000110352,2023-06-13 06:18:56 UTC,2023-06-13 06:18:56 UTC,,,2023-06-13 06:18:10 UTC
70006537048,Wrong number,Client says this is wrong number no such ravi kumar,Completed,2023-06-14 07:22:00 UTC,70000110352,70000110352,70000110352,2023-06-13 07:24:03 UTC,2023-06-13 07:24:03 UTC,,,2023-06-13 07:23:01 UTC
70006540446,Bad Timing,Tried calling so many times client is disconnecting my calls.. All details sent through emails,Completed,2023-06-14 11:35:00 UTC,70000110352,70000110352,70000110352,2023-06-13 11:36:54 UTC,2023-06-13 11:36:54 UTC,,,2023-06-13 11:35:58 UTC
70006560889,Bad Timing,The person you are calling is not answering..tried calling since yesterday,Completed,2023-06-16 06:10:00 UTC,70000110352,70000110352,70000110352,2023-06-15 06:11:43 UTC,2023-06-15 06:11:43 UTC,,,2023-06-15 06:10:13 UTC
70006560966,Budget,Client budget is up to 85 lakhs wanted 2 bhk apartment  only in our project,Completed,2023-06-16 06:16:00 UTC,70000110352,70000110352,70000110352,2023-06-15 06:17:54 UTC,2023-06-15 06:17:54 UTC,,,2023-06-15 06:16:56 UTC
70006573803,Enquiry,Discussed with client last night.. Client responded and said will discuss with her husban dand revert back if needed,Completed,2023-06-17 05:10:00 UTC,70000110352,70000110352,70000110352,2023-06-16 05:12:02 UTC,2023-06-16 05:12:02 UTC,,,2023-06-16 05:10:48 UTC
70006586330,Budget,Client buget is up to 60 lakhs only wanted 2 bhk apt. At guindy estates only,Completed,2023-06-18 08:41:00 UTC,70000110352,70000110352,70000110352,2023-06-17 08:42:54 UTC,2023-06-17 08:42:54 UTC,,,2023-06-17 08:42:01 UTC
70006586391,Not intrested,Client says they are not looking any property right now,Completed,2023-06-18 08:49:00 UTC,70000110352,70000110352,70000110352,2023-06-17 08:50:29 UTC,2023-06-17 08:50:29 UTC,,,2023-06-17 08:49:51 UTC
70006586468,Budget,Client budget is up to 1 crore only wanted 3 bhk apartment in guindy area only,Completed,2023-06-18 08:55:00 UTC,70000110352,70000110352,70000110352,2023-06-17 08:56:11 UTC,2023-06-17 08:56:11 UTC,,,2023-06-17 08:55:22 UTC
70006587489,Budget,Client need 4 bhk flat in saidapet /guindy area budget up to 2.5 cr only. And our project starts from 3.41 cr onwards,Completed,2023-06-18 10:57:00 UTC,70000110352,70000110352,70000110352,2023-06-17 10:58:47 UTC,2023-06-17 10:58:47 UTC,,,2023-06-17 10:57:38 UTC
70006610975,Bad Timing,Client said right now i am in a meeting will call back once he is free,Completed,2023-06-20 09:22:00 UTC,70000110352,70000110352,70000110352,2023-06-19 09:23:29 UTC,2023-06-19 09:23:29 UTC,,,2023-06-19 09:22:46 UTC
70006611030,Bad timing,The you are calling right now is either switced off or not reachable at the momment. Tried calling so many times,Completed,2023-06-20 09:27:00 UTC,70000110352,70000110352,70000110352,2023-06-19 09:28:23 UTC,2023-06-19 09:28:23 UTC,,,2023-06-19 09:27:23 UTC
70006611119,Budget,Client need 3 bhk apartment in saidapet area. Budget up to 1 crore only.. ,Completed,2023-06-20 09:36:00 UTC,70000110352,70000110352,70000110352,2023-06-19 09:37:24 UTC,2023-06-19 09:37:24 UTC,,,2023-06-19 09:36:32 UTC
70006611181,OverSeas,Client said right now he is in overseas by next week he will reach chennai and revert back,Completed,2023-06-20 09:41:00 UTC,70000110352,70000110352,70000110352,2023-06-19 09:42:25 UTC,2023-06-19 09:42:25 UTC,,,2023-06-19 09:41:20 UTC
70006611284,Carpet Area,Client need carpet area size 1500 sqft and budet up to 2.5 crores only.. Our project costs starts from 3.40cr,Completed,2023-06-20 09:49:00 UTC,70000110352,70000110352,70000110352,2023-06-19 09:50:37 UTC,2023-06-19 09:50:37 UTC,,,2023-06-19 09:49:04 UTC
70006611349,Follow Up,Client adviced me to call her back tommorrow right now she is busy,Completed,2023-06-20 09:53:00 UTC,70000110352,70000110352,70000110352,2023-06-19 09:54:58 UTC,2023-06-19 09:54:58 UTC,,,2023-06-19 09:53:59 UTC
70006619805,Budget,Client budget is up to 1 crore wanted 2 bhk flat in guindy or saidapet area only,Completed,2023-06-21 06:44:00 UTC,70000110352,70000110352,70000110352,2023-06-20 06:45:06 UTC,2023-06-20 06:45:06 UTC,,,2023-06-20 06:44:14 UTC
70006630211,Very Busy,Tried calling client since yesterday..Client responded now. She says she is very busy right now and advice me to forward all details through whats app. If needed she will revert back,Completed,2023-06-22 06:29:00 UTC,70000110352,70000110352,70000110352,2023-06-21 06:31:51 UTC,2023-06-21 06:31:51 UTC,,,2023-06-21 06:29:52 UTC
70006630891,Busy,Tried calling so many times since yesterday.. Client is not answering my calls.. All details sent through whats app,Completed,2023-06-22 07:11:00 UTC,70000110352,70000110352,70000110352,2023-06-21 07:12:12 UTC,2023-06-21 07:12:12 UTC,,,2023-06-21 07:11:04 UTC
70006634283,Budget,Client need 3 bhk flat in ashok nagar area only budget is up to 2.5 cr ,Completed,2023-06-22 10:56:00 UTC,70000110352,70000110352,70000110352,2023-06-21 10:57:05 UTC,2023-06-21 10:57:05 UTC,,,2023-06-21 10:56:24 UTC
70006634340,Not inntrested,Client says right now have no idea to buy any property,Completed,2023-06-22 11:00:00 UTC,70000110352,70000110352,70000110352,2023-06-21 11:01:21 UTC,2023-06-21 11:01:21 UTC,,,2023-06-21 11:00:36 UTC
70006634421,Follow up,Client said right now he is travelling and advice me to call him on coming monday  same time,Completed,2023-06-22 11:04:00 UTC,70000110352,70000110352,70000110352,2023-06-21 11:05:59 UTC,2023-06-21 11:05:59 UTC,,,2023-06-21 11:04:44 UTC
70006647863,bad timing,Person tou are calling is not answering.. tried calling him since morning.. All details sent through email,Completed,2023-06-23 10:20:00 UTC,70000110352,70000110352,70000110352,2023-06-22 10:21:17 UTC,2023-06-22 10:21:17 UTC,,,2023-06-22 10:20:11 UTC
70006648189,Bad timing,Tried calling so many times client is disconnecting my calls..All details sent through email,Completed,2023-06-23 10:45:00 UTC,70000110352,70000110352,70000110352,2023-06-22 10:46:18 UTC,2023-06-22 10:46:18 UTC,,,2023-06-22 10:45:26 UTC
70006663053,Bad timing,Tried calling so many times.. Client is disconnecting my calls...All details sent through email,Completed,2023-06-25 05:28:00 UTC,70000110352,70000110352,70000110352,2023-06-24 05:29:25 UTC,2023-06-24 05:29:25 UTC,,,2023-06-24 05:28:13 UTC
70006698539,Wrong Number,The dialed number does not exist.. Pls check the number you have dialed.. Tried calling so many times,Completed,2023-06-28 05:41:00 UTC,70000110352,70000110352,70000110352,2023-06-27 05:43:09 UTC,2023-06-27 05:43:09 UTC,,,2023-06-27 05:41:37 UTC
70006698654,Follow up,As discussed with client.. Client said by next week he will have site visit if intrested.. All details sent through whats app,Completed,2023-06-28 05:55:00 UTC,70000110352,70000110352,70000110352,2023-06-27 05:57:32 UTC,2023-06-27 05:57:32 UTC,,,2023-06-27 05:55:49 UTC
70006699286,Budget,Client budget is up to 60 lakhs only wanted 2 bhk flat in saidapet area,Completed,2023-06-28 06:44:00 UTC,70000110352,70000110352,70000110352,2023-06-27 06:45:44 UTC,2023-06-27 06:45:44 UTC,,,2023-06-27 06:44:40 UTC
70006699418,Not intrested,Client is talking in kanada and cut the call....,Completed,2023-06-28 06:51:00 UTC,70000110352,70000110352,70000110352,2023-06-27 06:52:21 UTC,2023-06-27 06:52:21 UTC,,,2023-06-27 06:51:35 UTC
70006699590,Revert back,After discussion with client all details sent through whats app.. Client said will revert back if needed,Completed,2023-06-28 07:00:00 UTC,70000110352,70000110352,70000110352,2023-06-27 07:01:48 UTC,2023-06-27 07:01:48 UTC,,,2023-06-27 07:00:40 UTC
70006699672,Disconnecting,Client is disconnecting my calls right now. Tried calling so many times. All details sent through email,Completed,2023-06-28 07:05:00 UTC,70000110352,70000110352,70000110352,2023-06-27 07:06:33 UTC,2023-06-27 07:06:33 UTC,,,2023-06-27 07:05:28 UTC
70006701628,Budget,Client budget is up to 2crore only wanted 3 bhk flat in our project. But flat cost starts from 3.5 crores onwards,Completed,2023-06-28 09:12:00 UTC,70000110352,70000110352,70000110352,2023-06-27 09:13:57 UTC,2023-06-27 09:13:57 UTC,,,2023-06-27 09:12:50 UTC
70006702214,bad timing ,Tried calling so many times.. Client is disconnecting my calls all details sent through email,Completed,2023-06-28 09:59:00 UTC,70000110352,70000110352,70000110352,2023-06-27 10:00:22 UTC,2023-06-27 10:00:22 UTC,,,2023-06-27 09:59:26 UTC
70006721880,Bad timing,Tried calling so many times.. Since yesterday client is not answering my calls.. All detasils sent through email,Completed,2023-06-30 04:53:00 UTC,70000110352,70000110352,70000110352,2023-06-29 04:54:33 UTC,2023-06-29 04:54:33 UTC,,,2023-06-29 04:53:32 UTC
70006722894,Bad timing,Client says he is s busy in meeting right now...adviced me to call him tommorrow by 5 pm,Completed,2023-06-30 06:47:00 UTC,70000110352,70000110352,70000110352,2023-06-29 06:49:07 UTC,2023-06-29 06:49:07 UTC,,,2023-06-29 06:47:55 UTC
70006723072,unqualified,Client says righy now he is not intrested in any property for purchase,Completed,2023-06-30 06:56:00 UTC,70000110352,70000110352,70000110352,2023-06-29 07:00:11 UTC,2023-06-29 07:00:11 UTC,,,2023-06-29 06:56:29 UTC
70006732129,Bad Timing,Client is disconnecting my calls trie calling so many times. All details sent through email,Completed,2023-07-01 07:19:00 UTC,70000110352,70000110352,70000110352,2023-06-30 07:20:19 UTC,2023-06-30 07:20:19 UTC,,,2023-06-30 07:19:12 UTC
70006742242,follow up,Follow up,Completed,2023-07-08 08:35:00 UTC,70000110350,70000110350,70000110350,2023-07-01 08:36:25 UTC,2023-07-08 09:59:19 UTC,,,2023-07-08 09:59:15 UTC
70006742246,Budget,After discussion with client.. Client budget is up to 80 lakhs only wanted 2 bhk flat in saidapet area. Our project costs starts from 3.5 cr onwards,Completed,2023-07-02 08:35:00 UTC,70000110352,70000110352,70000110352,2023-07-01 08:36:53 UTC,2023-07-01 08:36:53 UTC,,,2023-07-01 08:35:35 UTC
70006742400,Follow up,After long follow over phone client said will do site visit tommorow and then decide,Completed,2023-07-02 08:45:00 UTC,70000110352,70000110352,70000110352,2023-07-01 08:48:47 UTC,2023-07-01 08:48:47 UTC,,,2023-07-01 08:45:55 UTC
70006759242,UNQUALIFIED,Waited for customer in site for visit client didnt turned up and was disconnecting my calls yesterday,Completed,2023-07-04 05:51:00 UTC,70000110352,70000110352,70000110352,2023-07-03 05:55:11 UTC,2023-07-03 05:55:11 UTC,,,2023-07-03 05:52:30 UTC
70006764492,Bad Timing,Tried calling so many times client is disconnecting my calls will try later,Completed,2023-07-04 09:48:00 UTC,70000110352,70000110352,70000110352,2023-07-03 09:49:26 UTC,2023-07-03 09:49:26 UTC,,,2023-07-03 09:48:16 UTC
70006764537,Bad Timing,Tried calling so many times client is not answering ..All details sent through email,Completed,2023-07-04 09:51:00 UTC,70000110352,70000110352,70000110352,2023-07-03 09:53:22 UTC,2023-07-03 09:53:22 UTC,,,2023-07-03 09:51:10 UTC
70006772959,Bad timing,Tried calling so many times ..Client is not answering....Will try calling some times later,Completed,2023-07-05 06:10:00 UTC,70000110352,70000110352,70000110352,2023-07-04 06:19:15 UTC,2023-07-04 06:19:15 UTC,,,2023-07-04 06:10:38 UTC
70006774031,Carpet area,Client need carpet area 2400 sqft flat size not 1902 sqft.. That too budget of 2.5 crores,Completed,2023-07-05 07:27:00 UTC,70000110352,70000110352,70000110352,2023-07-04 07:30:46 UTC,2023-07-04 07:30:46 UTC,,,2023-07-04 07:28:35 UTC
70006774097,Bad Timing,Client said he call back later because he is busy in another meeting right now,Completed,2023-07-05 07:34:00 UTC,70000110352,70000110352,70000110352,2023-07-04 07:35:45 UTC,2023-07-04 07:35:45 UTC,,,2023-07-04 07:34:52 UTC
70006774477,Budget,Client said his budget is upto 1.5 crore only ..wanted 3 bhk flat . Our projects starts from 3.5 crore only.. ,Completed,2023-07-05 07:48:00 UTC,70000110352,70000110352,70000110352,2023-07-04 07:58:49 UTC,2023-07-04 07:58:49 UTC,,,2023-07-04 07:48:40 UTC
70006776327,Bad timing,The  number you have dialed is currently busy...Tried calling so many times.. All details sent through email,Completed,2023-07-05 10:23:00 UTC,70000110352,70000110352,70000110352,2023-07-04 10:24:49 UTC,2023-07-04 10:24:49 UTC,,,2023-07-04 10:23:15 UTC
70006784280,Budget,Client said not intrested because its beyond there budget,Completed,2023-07-06 07:00:00 UTC,70000110352,70000110352,70000110352,2023-07-05 07:03:13 UTC,2023-07-05 07:03:13 UTC,,,2023-07-05 07:00:13 UTC
70006811236,Bad timing,Tried calling so many times the person you are calling is not answering,Completed,2023-07-08 11:28:00 UTC,70000110352,70000110352,70000110352,2023-07-07 11:29:07 UTC,2023-07-07 11:29:07 UTC,,,2023-07-07 11:28:19 UTC
70006811276,open deal,Client need 3 bhk flat on rent 50k area ashok nagar/ vadapalani area. ,Completed,2023-07-08 11:32:00 UTC,70000110352,70000110352,70000110352,2023-07-07 11:33:30 UTC,2023-07-07 11:33:30 UTC,,,2023-07-07 11:32:27 UTC
70006816016,general Enquiry,Discussed with client now over phone .. Client said willl check and revert back if needed. All details sent through whats app,Completed,2023-07-09 06:08:00 UTC,70000110352,70000110352,70000110352,2023-07-08 06:10:36 UTC,2023-07-08 06:10:36 UTC,,,2023-07-08 06:08:54 UTC
70006816336,General Enquiry,Client said he is looking propertty for his friend as per clients advice all details sent through whats app. Client Said will check and revert back if needed,Completed,2023-07-09 06:43:00 UTC,70000110352,70000110352,70000110352,2023-07-08 06:45:34 UTC,2023-07-08 06:45:34 UTC,,,2023-07-08 06:43:58 UTC
70006816547,Bad Timing,The number you have dialed is currently busy. Client is disconnecting my calls. Tried calling so many times..All details sent through email,Completed,2023-07-09 07:02:00 UTC,70000110352,70000110352,70000110352,2023-07-08 07:03:35 UTC,2023-07-08 07:03:35 UTC,,,2023-07-08 07:02:20 UTC
70006816690,follow up,Sent follow up message,Completed,2023-07-10 07:17:00 UTC,70000110350,70000110350,70000110350,2023-07-08 07:17:34 UTC,2023-07-10 07:11:26 UTC,Left message,,2023-07-10 07:11:26 UTC
70006818489,Follow up,Discuss with client now...Client said he is in hydrabad now by next month he will call me once he land in chennai,Completed,2023-07-09 10:19:00 UTC,70000110352,70000110352,70000110352,2023-07-08 10:20:47 UTC,2023-07-08 10:20:47 UTC,,,2023-07-08 10:19:19 UTC
70006848387,Bad timing,Client said they have already purchased a flat last year itself.. By mistake her daughter has clicked our website ,Completed,2023-07-12 07:02:00 UTC,70000110352,70000110352,70000110352,2023-07-11 07:03:44 UTC,2023-07-11 07:03:44 UTC,,,2023-07-11 07:02:06 UTC
70006873312,Bad timing,The person you are calling is not answering.. Pls try later.. Tried calling so many times..All details sent through email,Completed,2023-07-14 07:07:00 UTC,70000110352,70000110352,70000110352,2023-07-13 07:09:56 UTC,2023-07-13 07:09:56 UTC,,,2023-07-13 07:07:19 UTC
70006875280,Follow up,Discussed with client all details sent through whats app. Client said right now he is in office after 6 pm he can talk. ,Completed,2023-07-14 09:41:00 UTC,70000110352,70000110352,70000110352,2023-07-13 09:44:06 UTC,2023-07-13 09:44:06 UTC,,,2023-07-13 09:41:56 UTC
70006875564,Bad timing,Client is disconnecting my calls...All details sent through email. tried calling so many times,Completed,2023-07-14 10:02:00 UTC,70000110352,70000110352,70000110352,2023-07-13 10:03:28 UTC,2023-07-13 10:03:28 UTC,,,2023-07-13 10:02:32 UTC
70006875641,Budget,Client budget is up to 1.5 cr budget wanted 3 bhk flat in ashok nagar/koyembedu or vadapalani,Completed,2023-07-14 10:08:00 UTC,70000110352,70000110352,70000110352,2023-07-13 10:10:37 UTC,2023-07-13 10:10:37 UTC,,,2023-07-13 10:08:43 UTC
70006876420,Budget,"Client budget is up to 1.5 crore wanted 3 bhk flat in Ashok Nagar/Koyembedu or 
Vadapalini",Completed,2023-07-14 11:11:00 UTC,70000110352,70000110352,70000110352,2023-07-13 11:14:34 UTC,2023-07-13 11:14:34 UTC,,,2023-07-13 11:11:26 UTC
70006876984,Wanted Flat near work place,Client need 3 bhk flat in kk nagar . And also said if he likes Flooe plan and room sizes then will check and revert back,Completed,2023-07-14 11:56:00 UTC,70000110352,70000110352,70000110352,2023-07-13 11:58:06 UTC,2023-07-13 11:58:06 UTC,,,2023-07-13 11:56:15 UTC
70006877028,Bad Timing,Tried calling so many times.. Client is disconnecting my calls All details sent through email,Completed,2023-07-14 12:00:00 UTC,70000110352,70000110352,70000110352,2023-07-13 12:01:42 UTC,2023-07-13 12:01:42 UTC,,,2023-07-13 12:00:43 UTC
70006877058,Bad Timing,Tried calling to so many times.. Client is not answering.. All details sent through email,Completed,2023-07-14 12:03:00 UTC,70000110352,70000110352,70000110352,2023-07-13 12:04:08 UTC,2023-07-13 12:04:08 UTC,,,2023-07-13 12:03:17 UTC
70006898733,Bad timing,The person you are calling is not answering pls try later..Tried calling so many times,Completed,2023-07-16 10:06:00 UTC,70000110352,70000110352,70000110352,2023-07-15 10:06:59 UTC,2023-07-15 10:06:59 UTC,,,2023-07-15 10:06:15 UTC
70006898750,Sale Done,Today client has booked two flats in vispaasna after long followup,Completed,2023-07-16 10:08:00 UTC,70000110352,70000110352,70000110352,2023-07-15 10:09:41 UTC,2023-07-15 10:09:41 UTC,,,2023-07-15 10:08:56 UTC
70006924377,Budget,Client budget is up to 80 lakhs only wanted two bhk flat,Completed,2023-07-18 11:28:00 UTC,70000110352,70000110352,70000110352,2023-07-17 11:29:31 UTC,2023-07-17 11:29:31 UTC,,,2023-07-17 11:28:31 UTC
70006924544,Wrong number,Pls check the number you have dialed,Completed,2023-07-18 11:36:00 UTC,70000110352,70000110352,70000110352,2023-07-17 11:39:24 UTC,2023-07-17 11:39:24 UTC,,,2023-07-17 11:36:53 UTC
70006924599,Cp,This lead is a broker,Completed,2023-07-18 11:42:00 UTC,70000110352,70000110352,70000110352,2023-07-17 11:42:26 UTC,2023-07-17 11:42:26 UTC,,,2023-07-17 11:42:08 UTC
70006931545,Budget,As discussed with client yesterday.. Client budget is 80 lakhs only wanted two bhk flat in porur/guindy area only,Completed,2023-07-19 06:21:00 UTC,70000110352,70000110352,70000110352,2023-07-18 06:23:34 UTC,2023-07-18 06:23:34 UTC,,,2023-07-18 06:22:12 UTC
70006946910,follow up ,,Completed,2023-07-21 08:50:00 UTC,70000110350,70000110350,70000110350,2023-07-19 08:50:31 UTC,2024-07-11 10:48:43 UTC,,,2024-07-11 10:48:41 UTC
70007145645,not intrested,Client is not looking property at all right now,Completed,2023-08-03 09:50:00 UTC,70000110352,70000110352,70000110352,2023-08-02 09:51:16 UTC,2023-08-02 09:51:16 UTC,,,2023-08-02 09:50:15 UTC
70007295563,follow up for site visit,,Overdue,2023-08-19 04:30:00 UTC,70000110350,70000110350,70000110350,2023-08-11 05:03:06 UTC,2023-08-11 05:03:06 UTC,,Follow up,
70007426774,call back,,Overdue,2023-08-28 10:08:00 UTC,70000110350,70000110350,70000110350,2023-08-22 10:09:00 UTC,2023-08-22 10:09:00 UTC,,Call reminder,
70007536931,follow up ,call back,Completed,2023-09-01 11:38:00 UTC,70000110350,70000110350,70000110350,2023-08-31 11:39:00 UTC,2023-09-01 11:34:26 UTC,,,2023-09-01 11:34:26 UTC
70007545158,Follow up,call back,Overdue,2023-09-02 06:38:00 UTC,70000110350,70000110350,70000110350,2023-09-01 06:39:20 UTC,2023-09-01 06:39:20 UTC,,,
70007705489,follow up ,follow up ,Completed,2023-09-18 07:28:00 UTC,70000110350,70000110350,70000110350,2023-09-14 07:28:41 UTC,2024-01-24 09:06:51 UTC,,,2024-01-24 09:06:50 UTC
70007705544,call back,Replied that he will revert back,Completed,2023-09-15 12:00:00 UTC,70000110350,70000110350,70000110350,2023-09-14 07:32:24 UTC,2023-09-16 06:10:33 UTC,Left message,Call reminder,2023-09-16 06:10:33 UTC
70007845004,follow up ,,Completed,2023-09-27 09:03:00 UTC,70000110350,70000110350,70000110350,2023-09-26 09:04:01 UTC,2023-11-01 06:24:56 UTC,,,2023-11-01 06:24:52 UTC
70007892468,call back,,Completed,2023-10-03 07:52:00 UTC,70000110350,70000110350,70000110350,2023-09-30 07:52:55 UTC,2023-11-01 06:27:28 UTC,,,2023-11-01 06:27:25 UTC
70008114338,call back,,Completed,2023-10-23 05:00:00 UTC,70000110350,70000110350,70000110350,2023-10-18 06:16:07 UTC,2024-01-24 09:41:29 UTC,,,2024-01-24 09:41:28 UTC
70008349181,Budget up to 1crore,looking property at royapuram area only,Completed,2023-11-08 10:04:00 UTC,70000110352,70000110352,70000110352,2023-11-07 10:05:31 UTC,2023-11-07 10:05:31 UTC,,,2023-11-07 10:04:28 UTC
70008349241,bad timings,The person you are calling is not answering tried calling so many times,Completed,2023-11-08 10:08:00 UTC,70000110352,70000110352,70000110352,2023-11-07 10:09:30 UTC,2023-11-07 10:09:30 UTC,,,2023-11-07 10:08:48 UTC
70008349496,Budget  6 crores ,Client budget 6 crores wanted property at nungambakkam alwerpet,Completed,2023-11-08 10:21:00 UTC,70000110352,70000110352,70000110352,2023-11-07 10:26:32 UTC,2023-11-07 10:26:32 UTC,,,2023-11-07 10:21:20 UTC
70008852041,follow up,follow up for site visit,Completed,2023-12-23 04:30:00 UTC,70000110350,70000110350,70000110350,2023-12-19 09:44:30 UTC,2024-01-19 07:08:55 UTC,,,2024-01-19 07:08:55 UTC
70008852975,follow up,,Completed,2023-12-23 04:45:00 UTC,70000110350,70000110350,70000110350,2023-12-19 10:52:07 UTC,2024-01-24 12:00:39 UTC,,,2024-01-24 12:00:37 UTC
70008859496,follow up,,Completed,2023-12-23 07:05:00 UTC,70000110350,70000110350,70000110350,2023-12-20 07:05:50 UTC,2023-12-23 07:55:54 UTC,,,2023-12-23 07:55:52 UTC
70008859707,follow up,,Completed,2023-12-21 07:17:00 UTC,70000110350,70000110350,70000110350,2023-12-20 07:17:11 UTC,2024-01-19 07:19:29 UTC,No response,,2024-01-19 07:19:29 UTC
70008859913,follow up,Follow up,Completed,2023-12-23 07:29:00 UTC,70000110350,70000110350,70000110350,2023-12-20 07:29:18 UTC,2023-12-23 07:55:35 UTC,,,2023-12-23 07:55:29 UTC
70008862327,follow up,,Completed,2023-12-22 10:42:00 UTC,70000110350,70000110350,70000110350,2023-12-20 10:42:19 UTC,2024-01-19 07:10:15 UTC,No response,,2024-01-19 07:10:15 UTC
70009008685,not responding over phone,Tried calling so many times... Client is not responding over phone . Malathy has sent all details via whats app,Completed,2024-01-04 05:10:00 UTC,70000110352,70000110352,70000110350,2024-01-03 05:12:05 UTC,2024-01-08 08:13:15 UTC,,,2024-01-08 08:13:15 UTC
70009043339,Shollingnallur,Client looking property at shollingnallur area only,Completed,2024-01-07 10:29:00 UTC,70000110352,70000110352,70000110352,2024-01-06 10:30:14 UTC,2024-01-06 10:30:14 UTC,,,2024-01-06 10:29:40 UTC
70009077618,budget 1.5 cr only,Client looking property at nolumber area wanted 3 bhk flat budget up to 1.5 cr only ,Completed,2024-01-10 06:34:00 UTC,70000110352,70000110352,70000110352,2024-01-09 06:36:22 UTC,2024-01-09 06:36:22 UTC,,,2024-01-09 06:36:16 UTC
70009077694,not reachable,Client is not answering my calls tried calling so many times.. All details sent through whats app,Completed,2024-01-10 06:41:00 UTC,70000110352,70000110352,70000110352,2024-01-09 06:42:20 UTC,2024-01-09 06:42:20 UTC,,,2024-01-09 06:41:08 UTC
70009078172,budget up to 2 crore,Client need 3 bhk apt in saidapet area budget up to 2 crore only,Completed,2024-01-10 07:07:00 UTC,70000110352,70000110352,70000110352,2024-01-09 07:08:45 UTC,2024-01-09 07:08:45 UTC,,,2024-01-09 07:07:28 UTC
70009078449,Follow up ,,Overdue,2024-01-10 07:28:00 UTC,70000110350,70000110350,70000110350,2024-01-09 07:28:51 UTC,2024-01-09 07:28:51 UTC,,,
70009079692,follow up,,Completed,2024-01-10 09:09:00 UTC,70000110350,70000110350,70000110350,2024-01-09 09:09:33 UTC,2024-01-10 10:40:39 UTC,Left message,,2024-01-10 10:40:39 UTC
70009080323,lease property,Client looking property only for lease only not for purchase,Completed,2024-01-10 10:04:00 UTC,70000110352,70000110352,70000110352,2024-01-09 10:04:58 UTC,2024-01-09 10:04:58 UTC,,,2024-01-09 10:04:09 UTC
70009111752,Budget 1.2 crore only,Client budget is up to 1.2 crore only wanted 3 bhk in saidapet area. Our budget starts from 3.5 cr onwards,Completed,2024-01-13 05:37:00 UTC,70000110352,70000110352,70000110352,2024-01-12 05:39:20 UTC,2024-01-12 05:39:20 UTC,,,2024-01-12 05:37:58 UTC
70009112446,not intrested,Client says he is not intrested right now to buy any property,Completed,2024-01-13 06:35:00 UTC,70000110352,70000110352,70000110352,2024-01-12 06:36:34 UTC,2024-01-12 06:36:34 UTC,,,2024-01-12 06:35:39 UTC
70009112675,Bad timing,Tried calling so many times client is not responding my call s will try again some times later,Completed,2024-01-13 06:38:00 UTC,70000110352,70000110352,70000110352,2024-01-12 06:47:49 UTC,2024-01-12 06:47:49 UTC,,,2024-01-12 06:39:01 UTC
70009113924,Not intrested,Client revert back to me and said he is not intrested to buy any property,Completed,2024-01-13 07:52:00 UTC,70000110352,70000110352,70000110352,2024-01-12 07:53:02 UTC,2024-01-12 07:53:02 UTC,,,2024-01-12 07:52:09 UTC
70009124144,not intrested,Client says right now he is not looking any property at all,Completed,2024-01-14 09:23:00 UTC,70000110352,70000110352,70000110352,2024-01-13 09:24:36 UTC,2024-01-13 09:24:36 UTC,,,2024-01-13 09:23:49 UTC
70009182936,Details need in whats app. If needed will call,After Having discussion with client all details sent through whats app.. Client said will revert back if needed,Completed,2024-01-19 05:58:00 UTC,70000110352,70000110352,70000110352,2024-01-18 05:59:57 UTC,2024-01-18 05:59:57 UTC,,,2024-01-18 05:59:55 UTC
70009193333,Bad timing,Client says right now she is in work will confirm if needed,Completed,2024-01-20 06:10:00 UTC,70000110352,70000110352,70000110352,2024-01-19 06:11:29 UTC,2024-01-19 06:11:29 UTC,,,2024-01-19 06:10:47 UTC
70009193563,Commercial space,Client looking for commercial space requirement of 2000 sqft in tnagar area. Client doesent need any residential,Completed,2024-01-20 06:33:00 UTC,70000110352,70000110352,70000110352,2024-01-19 06:34:29 UTC,2024-01-19 06:34:29 UTC,,,2024-01-19 06:33:16 UTC
70009193657,not intrested,Client says they doesnt need anything and advice me to cut the call,Completed,2024-01-20 06:42:00 UTC,70000110352,70000110352,70000110352,2024-01-19 06:42:58 UTC,2024-01-19 06:42:58 UTC,,,2024-01-19 06:42:12 UTC
70009202303,Bad Timing,The number you are calling is switched off...Tried calling so many times,Completed,2024-01-21 05:12:00 UTC,70000110352,70000110352,70000110352,2024-01-20 05:13:17 UTC,2024-01-20 05:13:17 UTC,,,2024-01-20 05:12:23 UTC
70009202358,Not intrested,Client is not looking any property at all. By mistake her daughter scrolled our website,Completed,2024-01-21 05:18:00 UTC,70000110352,70000110352,70000110352,2024-01-20 05:20:14 UTC,2024-01-20 05:20:14 UTC,,,2024-01-20 05:18:58 UTC
70009202456,Bad timing,Right now client is driving his vehicle..Advice me to call him after 3 hrs,Completed,2024-01-21 05:32:00 UTC,70000110352,70000110352,70000110352,2024-01-20 05:33:45 UTC,2024-01-20 05:33:45 UTC,,,2024-01-20 05:32:44 UTC
70009243761,bad timing,The number you are trying reach is not reachable or switched off,Completed,2024-01-24 09:53:00 UTC,70000110352,70000110352,70000110352,2024-01-23 09:54:27 UTC,2024-01-23 09:54:27 UTC,,,2024-01-23 09:53:41 UTC
70009243853,Budget,Client budget is up to 1 crore only wanted 3 bhk flat in saidapet area,Completed,2024-01-24 10:02:00 UTC,70000110352,70000110352,70000110352,2024-01-23 10:03:12 UTC,2024-01-23 10:03:12 UTC,,,2024-01-23 10:02:13 UTC
70009244008,budget,Client need 2000 sqft flat in kilpauk area budget up to 2.5 cr .,Completed,2024-01-24 10:14:00 UTC,70000110352,70000110352,70000110352,2024-01-23 10:16:12 UTC,2024-01-23 10:16:50 UTC,,,2024-01-23 10:16:50 UTC
70009250368,call,call ,Overdue,2024-01-25 10:45:00 UTC,70000110350,70000110350,70000110350,2024-01-24 05:38:04 UTC,2024-01-24 05:38:04 UTC,,Call reminder,
70009250542,Channel Partner,This client is a channel partner....All details of arihant project forwarded to him through whats app,Completed,2024-01-25 05:55:00 UTC,70000110352,70000110352,70000110352,2024-01-24 05:56:29 UTC,2024-01-24 05:56:29 UTC,,,2024-01-24 05:55:19 UTC
70009282882,call back,,Completed,2024-02-01 06:10:00 UTC,70000110350,70000110350,70000110350,2024-01-27 06:10:47 UTC,2024-02-06 09:53:30 UTC,,,2024-02-06 09:53:30 UTC
70009283309,call back,,Completed,2024-01-28 06:47:00 UTC,70000110350,70000110350,70000110350,2024-01-27 06:47:14 UTC,2024-01-31 07:03:59 UTC,,,2024-01-31 07:03:58 UTC
70009286316,Bad Timing,The person you are calling is not answering.. Tried calling so many times,Completed,2024-01-28 10:36:00 UTC,70000110352,70000110352,70000110352,2024-01-27 10:37:43 UTC,2024-01-27 10:37:43 UTC,,,2024-01-27 10:36:48 UTC
70009329439,Budget 3.5 cr only,Client need 4 bhk flat in vipaasna site but client budget is only up tp 3.5 cr . And our budget start for 3 bhk 3.5 crore,Completed,2024-01-31 10:40:00 UTC,70000110352,70000110352,70000110352,2024-01-30 10:43:35 UTC,2024-01-30 10:43:35 UTC,,,2024-01-30 10:40:02 UTC
70009329509,Not intrested,Client says not intrested in buying any property right now,Completed,2024-01-31 10:47:00 UTC,70000110352,70000110352,70000110352,2024-01-30 10:48:12 UTC,2024-01-30 10:48:12 UTC,,,2024-01-30 10:47:35 UTC
70009329786,Bad timing,Tried calling so many times client is not responding my calls.. will him again some time later,Completed,2024-01-31 11:03:00 UTC,70000110352,70000110352,70000110352,2024-01-30 11:05:24 UTC,2024-01-30 11:05:24 UTC,,,2024-01-30 11:03:47 UTC
70009330256,Site visit,Client said by next month client will have a site visit and then decide....,Completed,2024-01-31 11:30:00 UTC,70000110352,70000110352,70000110352,2024-01-30 11:35:19 UTC,2024-01-30 11:35:19 UTC,,,2024-01-30 11:30:04 UTC
70009337093,General Enquiry,Client need only the brouchure . If needed will get back to me,Completed,2024-02-01 05:56:00 UTC,70000110352,70000110352,70000110352,2024-01-31 05:57:51 UTC,2024-01-31 05:57:51 UTC,,,2024-01-31 05:57:02 UTC
70009337157,Bad Timing,The person you are calling is not answering.. Tried calling so many times,Completed,2024-02-01 06:02:00 UTC,70000110352,70000110352,70000110352,2024-01-31 06:03:45 UTC,2024-01-31 06:03:45 UTC,,,2024-01-31 06:02:55 UTC
70009337262,Not intrested,client says he is not intrested in o buy any property right now..,Completed,2024-02-01 06:09:00 UTC,70000110352,70000110352,70000110352,2024-01-31 06:11:40 UTC,2024-01-31 06:11:40 UTC,,,2024-01-31 06:09:49 UTC
70009356737,Budget,As discussed with client now.. Client buget is up to 2 crores only...Our project cost starts from 3.5 cr onwards,Completed,2024-02-02 07:48:00 UTC,70000110352,70000110352,70000110352,2024-02-01 07:51:44 UTC,2024-02-01 07:51:44 UTC,,,2024-02-01 07:48:57 UTC
70009399908,Budget,"Discussed with client now,, All details sent through whats app.. Client said will discussed with his son and revert back as soon as possible",Completed,2024-02-06 05:34:00 UTC,70000110352,70000110352,70000110352,2024-02-05 05:36:09 UTC,2024-02-05 05:36:09 UTC,,,2024-02-05 05:34:10 UTC
70009408216,No Response,Tried calling so many times client is not responding my calls.. All details sent through whats app,Completed,2024-02-06 09:32:00 UTC,70000110352,70000110352,70000110352,2024-02-05 09:33:26 UTC,2024-02-05 09:33:26 UTC,,,2024-02-05 09:32:24 UTC
70009418269,Site Visited,Client has done site visit on last saturday on 2 nd febuary2024.. Along with his family. Client like the place. But will discuss with his parents and then decide,Completed,2024-02-07 06:36:00 UTC,70000110352,70000110352,70000110352,2024-02-06 06:41:14 UTC,2024-02-06 06:41:14 UTC,,,2024-02-06 06:36:27 UTC
70009430492,Budget,As discussed with Client need two bhk flat in madipakkam area with budget of 70 lakhs only.. ,Completed,2024-02-08 06:14:00 UTC,70000110352,70000110352,70000110352,2024-02-07 06:16:31 UTC,2024-02-07 06:16:31 UTC,,,2024-02-07 06:14:54 UTC
70009435075,Wrong number,This number is not correct.. tried calling so many times,Completed,2024-02-08 11:14:00 UTC,70000110352,70000110352,70000110352,2024-02-07 11:15:46 UTC,2024-02-07 11:15:46 UTC,,,2024-02-07 11:14:45 UTC
70009435193,General Enquiry,All details sent through whats app. Client says right now he is in kakinada by next month he will visit site visit and then decide,Completed,2024-02-08 11:22:00 UTC,70000110352,70000110352,70000110352,2024-02-07 11:27:09 UTC,2024-02-07 11:27:09 UTC,,,2024-02-07 11:23:01 UTC
70009435522,Budget up to 2crores only,Client budget is up to 2 two croes only wanted 3 bhk flat in our project.. But our budget starts from 3.5 cr onwards,Completed,2024-02-08 11:44:00 UTC,70000110352,70000110352,70000110352,2024-02-07 11:46:19 UTC,2024-02-07 11:46:19 UTC,,,2024-02-07 11:44:23 UTC
70009435618,Bad Timing,Inspite of calling so many client is not responding my calls.. and disconnecting my calls right now,Completed,2024-02-08 11:53:00 UTC,70000110352,70000110352,70000110352,2024-02-07 11:54:44 UTC,2024-02-07 11:54:44 UTC,,,2024-02-07 11:53:21 UTC
70009447910,general Enquiry,As discussed with client all details sent through whats app. Client said will discuss with her husband and revert back if needed,Completed,2024-02-09 09:05:00 UTC,70000110352,70000110352,70000110352,2024-02-08 09:06:55 UTC,2024-02-08 09:06:55 UTC,,,2024-02-08 09:05:16 UTC
70009470843,Bad timing,Tried calling so many times..Client is not responding my calls.. All details sent through whats app,Completed,2024-02-11 09:15:00 UTC,70000110352,70000110352,70000110352,2024-02-10 09:18:09 UTC,2024-02-10 09:18:09 UTC,,,2024-02-10 09:15:24 UTC
70009536959,Budget,Client budget is up to 4 crores wanted 4 bhk flat . Unfortunately our project cost 3.5 cr  of 3 bhk flat.,Completed,2024-02-16 10:34:00 UTC,70000110352,70000110352,70000110352,2024-02-15 10:36:42 UTC,2024-02-15 10:36:42 UTC,,,2024-02-15 10:34:33 UTC
70009537164,not intrested,Client says he is not intrested in buying any property right now by mistake client child has scrolled it,Completed,2024-02-16 10:55:00 UTC,70000110352,70000110352,70000110352,2024-02-15 10:57:32 UTC,2024-02-15 10:57:32 UTC,,,2024-02-15 10:56:00 UTC
70009553118,not intrested,As discussed with client now.. Client says he is not intrested in any property. Client says he cannot afford to buy,Completed,2024-02-18 05:33:00 UTC,70000110352,70000110352,70000110352,2024-02-17 05:34:38 UTC,2024-02-17 05:34:38 UTC,,,2024-02-17 05:33:19 UTC
70009553157,Kept on hold,After long follow ups client says due to emergencyin family client says he has kept on hold. And infuture if needed will revert back,Completed,2024-02-18 05:40:00 UTC,70000110352,70000110352,70000110352,2024-02-17 05:44:10 UTC,2024-02-17 05:44:10 UTC,,,2024-02-17 05:40:52 UTC
70009573823,Budget,As Discussed with client. Client budget is up to 2 crores only looking property at annanager east only,Completed,2024-02-20 05:09:00 UTC,70000110352,70000110352,70000110352,2024-02-19 05:11:38 UTC,2024-02-19 05:11:38 UTC,,,2024-02-19 05:10:01 UTC
70009573874,Not intrested,Client says as of now no idea of buying any property,Completed,2024-02-20 05:16:00 UTC,70000110352,70000110352,70000110352,2024-02-19 05:17:37 UTC,2024-02-19 05:17:37 UTC,,,2024-02-19 05:16:43 UTC
70009573960,vendor,This client is a vendor. Dealing with building materials,Completed,2024-02-20 05:23:00 UTC,70000110352,70000110352,70000110352,2024-02-19 05:24:53 UTC,2024-02-19 05:24:53 UTC,,,2024-02-19 05:24:01 UTC
70009592089,Dialed Number,The dialed number does not exist pls check the number you have dialed,Completed,2024-02-21 06:00:00 UTC,70000110352,70000110352,70000110352,2024-02-20 06:01:07 UTC,2024-02-20 06:01:07 UTC,,,2024-02-20 06:00:12 UTC
70009592401,Budget,Agai discussed with client now client says he is keen in buying property at annanagar east only,Completed,2024-02-21 06:23:00 UTC,70000110352,70000110352,70000110352,2024-02-20 06:24:19 UTC,2024-02-20 06:24:19 UTC,,,2024-02-20 06:23:16 UTC
70009606887,Intrested,Client need 3 bhk flat in hunters road Client said will have site visit and then revert back,Completed,2024-02-22 09:13:00 UTC,70000110352,70000110352,70000110352,2024-02-21 09:17:29 UTC,2024-02-21 09:17:29 UTC,,,2024-02-21 09:13:35 UTC
70009607910,bad Timing,Tried calling so many times.. Client is not responding my calls.. Will try to call him tommorrow,Completed,2024-02-22 10:44:00 UTC,70000110352,70000110352,70000110352,2024-02-21 10:47:09 UTC,2024-02-21 10:47:09 UTC,,,2024-02-21 10:44:25 UTC
70009631659,Site Visited,Client has visited the site along with his wife. And selected a flat too. Client says his father has to see the property and then they will decide to buy the flat or not,Completed,2024-02-24 07:56:00 UTC,70000110352,70000110352,70000110352,2024-02-23 07:58:41 UTC,2024-02-23 07:58:41 UTC,,,2024-02-23 07:56:48 UTC
70009660805,Bad timing,The person you are trying to reach is currently switched off pls try after some time,Completed,2024-02-27 06:37:00 UTC,70000110352,70000110352,70000110352,2024-02-26 06:38:45 UTC,2024-02-26 06:38:45 UTC,,,2024-02-26 06:37:43 UTC
70009661698,Client Feels area very lonely,Client feels area very lonely and no shops near by if you need any for emergency  there is no department stores or medical shop near by. Other wise client is very our project,Completed,2024-02-27 07:18:00 UTC,70000110352,70000110352,70000110352,2024-02-26 07:24:06 UTC,2024-02-26 07:24:06 UTC,,,2024-02-26 07:18:09 UTC
70009661963,Bad Timing,Tried calling so many times client is disconnecting my calls now. Will try some time later,Completed,2024-02-27 07:37:00 UTC,70000110352,70000110352,70000110352,2024-02-26 07:38:57 UTC,2024-02-26 07:38:57 UTC,,,2024-02-26 07:37:52 UTC
70009678507,Budget,Due to budget constraint client has booked the flat to another compititor,Completed,2024-02-28 07:20:00 UTC,70000110352,70000110352,70000110352,2024-02-27 07:21:29 UTC,2024-02-27 07:21:29 UTC,,,2024-02-27 07:20:17 UTC
70009690372,Budget plot,Client need villa  at maraimalai nagar only with budget of 30 lakhs only,Completed,2024-02-29 05:11:00 UTC,70000110352,70000110352,70000110352,2024-02-28 05:12:19 UTC,2024-02-28 05:13:26 UTC,Interested,,2024-02-28 05:13:26 UTC
70009690547,Intresteed,As discussed with client project details sent through what app . Client said thyey may come for site visit after discussion with husband,Completed,2024-02-29 05:25:00 UTC,70000110352,70000110352,70000110352,2024-02-28 05:27:50 UTC,2024-02-28 05:27:50 UTC,,,2024-02-28 05:25:16 UTC
70009690639,Intrested,Client had first round of talks with Mr Vimal for price negotiation..Client said will take a call once his parents comes down for site visit,Completed,2024-02-29 05:34:00 UTC,70000110352,70000110352,70000110352,2024-02-28 05:37:28 UTC,2024-02-28 05:37:28 UTC,,,2024-02-28 05:34:28 UTC
70009690713,unqulfied,The dialed number does not exist.. Pls check the number you have dialed,Completed,2024-02-29 05:48:00 UTC,70000110352,70000110352,70000110352,2024-02-28 05:49:04 UTC,2024-02-28 05:49:04 UTC,,,2024-02-28 05:48:21 UTC
70009727705,Genral Enquiry,I've sent the Vipaasna project details to the client as discussed. They'll review and get back to us after their discussion.,Completed,2024-03-03 05:40:00 UTC,70000110352,70000110352,70000110352,2024-03-02 05:41:26 UTC,2024-03-02 05:41:26 UTC,,,2024-03-02 05:40:53 UTC
70009727762,bad timing,Client said he will call us if they need  right now  he is in meeting,Completed,2024-03-03 05:51:00 UTC,70000110352,70000110352,70000110352,2024-03-02 05:53:20 UTC,2024-03-02 05:53:20 UTC,,,2024-03-02 05:51:54 UTC
70009730714,general enquiry,Discussed with client now client says he has already visited the site client feels the bedroom size is very small ,Completed,2024-03-03 09:43:00 UTC,70000110352,70000110352,70000110352,2024-03-02 10:23:35 UTC,2024-03-02 10:23:35 UTC,,,2024-03-02 09:43:26 UTC
70009758952,budget up to 4 crores,Client says he need 4 bhk flat budget up to 4 cr only . If he takes two flats then area becomes bigger and als the cost will be 6 crores ,Completed,2024-03-05 11:37:00 UTC,70000110352,70000110352,70000110352,2024-03-04 11:39:56 UTC,2024-03-04 11:39:56 UTC,,,2024-03-04 11:38:02 UTC
70009778307,Intrested,After having discussion with client yesterday over phone. Client has visited the site and seen model flat . Client says he like the property. By this week end he will again have site visit along with family and then decide,Completed,2024-03-07 05:08:00 UTC,70000110352,70000110352,70000110352,2024-03-06 05:11:03 UTC,2024-03-06 05:11:03 UTC,,,2024-03-06 05:08:36 UTC
70009794750,Budget,After discussion with client . Client says his budget is up to 1.5 crore only. By next month client will come down to chennai from karur to decide,Completed,2024-03-08 06:00:00 UTC,70000110352,70000110352,70000110352,2024-03-07 06:02:53 UTC,2024-03-07 06:02:53 UTC,,,2024-03-07 06:00:32 UTC
70009795197,Vastu problem,Discussed with client now again regarding saraswati project . Client says he is not intrested because of stiarcase . As per client vaastu staircase should not ne north facing,Completed,2024-03-08 06:30:00 UTC,70000110352,70000110352,70000110352,2024-03-07 06:34:29 UTC,2024-03-07 06:34:29 UTC,,,2024-03-07 06:30:19 UTC
70009796825,Intrested,Again client is visiting site tomorrow along with with family and still they are negotite regarding pricing with Mr Vimal,Completed,2024-03-08 07:49:00 UTC,70000110352,70000110352,70000110352,2024-03-07 07:51:34 UTC,2024-03-07 07:51:34 UTC,,,2024-03-07 07:49:16 UTC
70009853908,Booked,Client has booked the flat in vaniya vilas project after discussion with mr vimal,Completed,2024-03-13 08:00:00 UTC,70000110352,70000110352,70000110352,2024-03-12 08:02:04 UTC,2024-03-12 08:02:04 UTC,,,2024-03-12 08:00:52 UTC
70009862851,Follow up,Client said he is busy in meeting wanted me to call him tommorrow before 10 am,Completed,2024-03-14 05:38:00 UTC,70000110352,70000110352,70000110352,2024-03-13 05:39:22 UTC,2024-03-13 05:39:22 UTC,,,2024-03-13 05:38:09 UTC
70009863071,Exchange property,Client has visited our site on last sunday. Client likes the place . But only problem is client wanted to sell there property or in exchange they wanted to buy this flat along with extra free money,Completed,2024-03-14 05:53:00 UTC,70000110352,70000110352,70000110352,2024-03-13 05:58:58 UTC,2024-03-13 05:58:58 UTC,,,2024-03-13 05:54:42 UTC
70009863177,Client need property at ashok nagar,After seeing our property hoarding at udayam theatre. Client though we are coming near ashok nagar. Client looking property at ashok nagar only,Completed,2024-03-14 06:08:00 UTC,70000110352,70000110352,70000110352,2024-03-13 06:10:59 UTC,2024-03-13 06:10:59 UTC,,,2024-03-13 06:08:27 UTC
70009873230,not intrested,Client says right now they are not intrested in buying any property now..By mistake her daughter scrolled arihant site,Completed,2024-03-14 10:11:00 UTC,70000110352,70000110352,70000110352,2024-03-13 10:13:20 UTC,2024-03-13 10:13:20 UTC,,,2024-03-13 10:11:48 UTC
70009962160,bad timing,Tried calling so many times client is not responding my calls..since morning,Completed,2024-03-21 10:07:00 UTC,70000110352,70000110352,70000110352,2024-03-20 10:08:51 UTC,2024-03-20 10:08:51 UTC,,,2024-03-20 10:07:56 UTC
70009977343,bad timing,Client says right now he is busy will revert back once he is free.. will call again after some time,Completed,2024-03-22 06:11:00 UTC,70000110352,70000110352,70000110352,2024-03-21 06:13:08 UTC,2024-03-21 06:13:08 UTC,,,2024-03-21 06:11:36 UTC
70009987397,Ready for occupation,Client need 3 bhk flat with budget of 1.3 cr. Client says he need ready to occupy flat. and our project handing over 2026.So client looking somewhere else,Completed,2024-03-23 04:51:00 UTC,70000110352,70000110352,70000110352,2024-03-22 04:54:12 UTC,2024-03-22 04:54:12 UTC,,,2024-03-22 04:51:56 UTC
70010041103,Nri client,Having a word with client ..Client says her husband is coming to chennai next month. Client budget is up to 2.5 cr only looking property area mylapore.Tried convince client . by next month client will decide ,Completed,2024-03-28 06:04:00 UTC,70000110352,70000110352,70000110352,2024-03-27 06:12:36 UTC,2024-03-27 06:12:36 UTC,,,2024-03-27 06:04:14 UTC
70010051965,Budget,After discussion with client.. Client budget is up to 1.5 cr looking property at perungoodi only,Completed,2024-03-29 05:28:00 UTC,70000110352,70000110352,70000110352,2024-03-28 05:30:03 UTC,2024-03-28 05:30:03 UTC,,,2024-03-28 05:28:53 UTC
70010052024,wrong number,Dialled number does not exist... Pls check the number . Tried calling so many times,Completed,2024-03-29 05:34:00 UTC,70000110352,70000110352,70000110352,2024-03-28 05:35:27 UTC,2024-03-28 05:35:27 UTC,,,2024-03-28 05:34:25 UTC
70010100879,Budget,Client budget is up to 2.5 cr only and looking property at kilpauk only next to bhavans school,Completed,2024-04-02 10:18:00 UTC,70000110352,70000110352,70000110352,2024-04-01 10:20:19 UTC,2024-04-01 10:20:19 UTC,,,2024-04-01 10:18:41 UTC
70010101222,looking for investment,As per client advice all details sent through whats app. Client said by this week end will have  site visit and then decide,Completed,2024-04-02 10:39:00 UTC,70000110352,70000110352,70000110352,2024-04-01 10:43:11 UTC,2024-04-01 10:43:11 UTC,,,2024-04-01 10:39:58 UTC
70010101399,Bad Timming,Tried calling so many times client is not responding my calls.. Will try to call some time later,Completed,2024-04-02 10:55:00 UTC,70000110352,70000110352,70000110352,2024-04-01 10:56:44 UTC,2024-04-01 10:56:44 UTC,,,2024-04-01 10:55:32 UTC
70010111603,Bad timing,"Tried callung so many times today, Client is not responding. All details sent through whats app",Completed,2024-04-03 07:27:00 UTC,70000110352,70000110352,70000110352,2024-04-02 07:34:07 UTC,2024-04-02 07:34:07 UTC,,,2024-04-02 07:27:30 UTC
70010112363,Not intrested,Client is not looking any property right now.. As discussed,Completed,2024-04-03 08:35:00 UTC,70000110352,70000110352,70000110352,2024-04-02 08:36:25 UTC,2024-04-02 08:36:25 UTC,,,2024-04-02 08:35:47 UTC
70010124330,bad timming,Client says hello and then disconnect my call tried calling so many times,Completed,2024-04-04 09:20:00 UTC,70000110352,70000110352,70000110352,2024-04-03 09:21:35 UTC,2024-04-03 09:21:35 UTC,,,2024-04-03 09:20:44 UTC
70010170824,Need 4 bhk ,As discussed with client client need 4 bhk flat of 2800 sqft. budget of 2.5 crores only,Completed,2024-04-09 06:14:00 UTC,70000110352,70000110352,70000110352,2024-04-08 06:17:23 UTC,2024-04-08 06:17:23 UTC,,,2024-04-08 06:14:20 UTC
70010172033,Follow up,Discussed with client now. Client advice me to call him after 4 pm. Right now he is in meeting,Completed,2024-04-09 06:25:00 UTC,70000110352,70000110352,70000110352,2024-04-08 06:27:09 UTC,2024-04-08 06:27:09 UTC,,,2024-04-08 06:25:35 UTC
70010178160,looking property between kk nagar and ashok nagar only,Client looking property at kk nagar and ashok nagar only wanted 4 bhk flat,Completed,2024-04-09 08:54:00 UTC,70000110352,70000110352,70000110352,2024-04-08 08:55:58 UTC,2024-04-08 08:55:58 UTC,,,2024-04-08 08:54:39 UTC
70010191550,Intrested in mylapore area,Client is more intrested in mylapore area only. Regarding vipaasna will check and revert back if needed,Completed,2024-04-10 06:35:00 UTC,70000110352,70000110352,70000110352,2024-04-09 06:38:18 UTC,2024-04-09 06:38:18 UTC,,,2024-04-09 06:35:16 UTC
70010202926,Client shown intrest in saraswati project not vipaasna,Client said by this week end client will have site visit saraswati project,Completed,2024-04-11 06:29:00 UTC,70000110352,70000110352,70000110352,2024-04-10 06:30:37 UTC,2024-04-10 06:30:37 UTC,,,2024-04-10 06:29:06 UTC
70010203118,Intrested in melange ,Client shown intrest in milange project. They need 4 bhk flat. All details sent through whats app..Client will do site visit after two weeks and then take a call,Completed,2024-04-11 06:33:00 UTC,70000110352,70000110352,70000110352,2024-04-10 06:34:55 UTC,2024-04-10 06:34:55 UTC,,,2024-04-10 06:33:20 UTC
70010218573,Need property at ashok nagar only,Client looking property for his sister and she need apartment in ashok nagar only,Completed,2024-04-12 06:04:00 UTC,70000110352,70000110352,70000110352,2024-04-11 06:06:15 UTC,2024-04-11 06:06:15 UTC,,,2024-04-11 06:05:01 UTC
70010218741,Bad Timing,Client says hello and then disconnect my call.. Tried calling so many times. All details sent through whats app,Completed,2024-04-12 06:27:00 UTC,70000110352,70000110352,70000110352,2024-04-11 06:29:09 UTC,2024-04-11 06:29:09 UTC,,,2024-04-11 06:27:53 UTC
70010219795,Follow up,As discussed with client. Client adviced me to call him after 5 pm right now he is busy,Completed,2024-04-12 07:43:00 UTC,70000110352,70000110352,70000110352,2024-04-11 07:44:32 UTC,2024-04-11 07:44:32 UTC,,,2024-04-11 07:43:34 UTC
70010262649,Budget,After Long follow up client responded today and said p to 2 crores his budget wanted 3 bhk in our project,Completed,2024-04-16 06:13:00 UTC,70000110352,70000110352,70000110352,2024-04-15 06:14:34 UTC,2024-04-15 06:14:34 UTC,,,2024-04-15 06:13:03 UTC
70010270925,next to work place at pallikarnai,After discussion client said will check and revert if needed.Client said they need next to work place at pallikarnai,Completed,2024-04-16 08:55:00 UTC,70000110352,70000110352,70000110352,2024-04-15 09:22:12 UTC,2024-04-15 09:22:12 UTC,,,2024-04-15 08:55:55 UTC
70010279675,BAd timing,e person you are calling is not answering willl Again try to call some time ,Completed,2024-04-17 05:56:00 UTC,70000110352,70000110352,70000110352,2024-04-16 05:57:19 UTC,2024-04-16 05:57:19 UTC,,,2024-04-16 05:56:03 UTC
70010280331,follow up,Discussed again with client client says her husband coming down to chennai by this week end and then take a call for site visit either vipaasna or saraswati ,Completed,2024-04-17 06:37:00 UTC,70000110352,70000110352,70000110352,2024-04-16 06:40:43 UTC,2024-04-16 06:40:43 UTC,,,2024-04-16 06:37:19 UTC
70010290474,Forwarded number ,This call has been forwarded.. tried calling since yesterday no response from client ,Completed,2024-04-18 06:12:00 UTC,70000110352,70000110352,70000110352,2024-04-17 06:14:15 UTC,2024-04-17 06:14:15 UTC,,,2024-04-17 06:13:01 UTC
70010291685,Budget,Client budget is up to 30 lakhs only wanted 1 bhk flat. This lead has forwarded to anarock for ekanta project,Completed,2024-04-18 07:11:00 UTC,70000110352,70000110352,70000110352,2024-04-17 07:12:42 UTC,2024-04-17 07:12:42 UTC,,,2024-04-17 07:11:23 UTC
70010345323,Budget up to 50 lakhs only,Client budget up to 50 lakhs only .Sugest client to have site visit for ekanta. Client said will check and revert back,Completed,2024-04-23 06:08:00 UTC,70000110352,70000110352,70000110352,2024-04-22 06:15:52 UTC,2024-04-22 06:15:52 UTC,,,2024-04-22 06:08:32 UTC
70010346428,Bad timing,Tried calling so many times... Client is not responding now..Will try to call again some time later,Completed,2024-04-23 07:08:00 UTC,70000110352,70000110352,70000110352,2024-04-22 07:09:38 UTC,2024-04-22 07:09:38 UTC,,,2024-04-22 07:08:08 UTC
70010349856,not intrested,Client says he will get back to me if needee and advice me not to disturb him,Completed,2024-04-23 09:03:00 UTC,70000110352,70000110352,70000110352,2024-04-22 09:04:16 UTC,2024-04-22 09:04:16 UTC,,,2024-04-22 09:03:07 UTC
70010350939,bad timing,Tried calling so many times..Client is not responding will try some time later,Overdue,2024-04-23 10:04:00 UTC,70000110352,70000110352,70000110352,2024-04-22 10:20:28 UTC,2024-04-22 10:20:28 UTC,,,
70010367556,No respone,Tried calling so many times.. No response from client at all will again try some time later,Completed,2024-04-25 05:17:00 UTC,70000110352,70000110352,70000110352,2024-04-24 05:18:22 UTC,2024-04-24 05:18:22 UTC,,,2024-04-24 05:17:19 UTC
70010368521,Client looking some other property,Client is looking some other property.. If that is not working out then client will revert back to us,Completed,2024-04-25 06:41:00 UTC,70000110352,70000110352,70000110352,2024-04-24 06:47:57 UTC,2024-04-24 06:47:57 UTC,,,2024-04-24 06:41:27 UTC
70010388242,Wanted rental,This Client is a student . They need a villa for 8 people on rent studying in sathyabama college,Completed,2024-04-26 11:32:00 UTC,70000110352,70000110352,70000110352,2024-04-25 11:34:36 UTC,2024-04-25 11:34:36 UTC,,,2024-04-25 11:32:55 UTC
70010403804,Client is very busy,As Discussed with client now . Client says right now he is busy on internet call. Will revert back once he is free. All details sent through whats app,Completed,2024-04-28 06:37:00 UTC,70000110352,70000110352,70000110352,2024-04-27 06:39:43 UTC,2024-04-27 06:39:43 UTC,,,2024-04-27 06:37:55 UTC
70010443919,Follow up in progress,Discussed with client now. Client says he is traveling to his home town and will be back this week end .Advice me to call him back,Completed,2024-05-01 10:41:00 UTC,70000110352,70000110352,70000110352,2024-04-30 10:42:48 UTC,2024-04-30 10:42:48 UTC,,,2024-04-30 10:41:03 UTC
70010490397,Client said will do site visit and then take a call,Client said will do site visit on sunday and then take a call,Completed,2024-05-05 05:24:00 UTC,70000110352,70000110352,70000110352,2024-05-04 05:25:03 UTC,2024-05-04 05:25:03 UTC,,,2024-05-04 05:24:05 UTC
70010514970,Bad timing,Client said yesterday over phone by its too hot and unable to come for a site visit.. will let me know later,Completed,2024-05-07 05:00:00 UTC,70000110352,70000110352,70000110352,2024-05-06 05:08:43 UTC,2024-05-06 05:09:19 UTC,,,2024-05-06 05:09:19 UTC
70010561327,Call back ,,Completed,2024-05-13 06:00:00 UTC,70000110350,70000110350,70000110350,2024-05-09 09:53:39 UTC,2024-07-11 05:50:37 UTC,,Call reminder,2024-07-11 05:50:35 UTC
70010562533,follow up,,Overdue,2024-05-11 05:00:00 UTC,70000110350,70000110350,70000110350,2024-05-09 11:22:28 UTC,2024-05-09 11:22:28 UTC,,,
70010826935,no mobile number up dated,Unable to connect to client.. due mobile number not available. Project details sent through email,Completed,2024-05-28 05:50:00 UTC,70000110352,70000110352,70000110352,2024-05-27 05:51:45 UTC,2024-05-27 05:51:45 UTC,,,2024-05-27 05:50:13 UTC
70010827063,Site visited month ago,Client has already done site visit and they have already purchased a flat in spr. It was a casual visit,Completed,2024-05-28 06:02:00 UTC,70000110352,70000110352,70000110352,2024-05-27 06:04:39 UTC,2024-05-27 06:04:39 UTC,Not interested,,2024-05-27 06:02:44 UTC
70010827994,need flat for rental,Client need flat for rental only in tiara project,Completed,2024-05-28 07:05:00 UTC,70000110352,70000110352,70000110352,2024-05-27 07:06:55 UTC,2024-05-27 07:06:55 UTC,,,2024-05-27 07:05:46 UTC
70010828007,To follow up for site visit,follow up,Completed,2024-05-31 10:00:00 UTC,70000110350,70000110350,70000110350,2024-05-27 07:07:45 UTC,2024-05-31 10:24:52 UTC,,,2024-05-31 10:24:49 UTC
70010828764,follow up 1,Client has done site visit last week and said will let me know once decided,Completed,2024-05-28 07:33:00 UTC,70000110352,70000110352,70000110352,2024-05-27 07:34:28 UTC,2024-05-27 07:34:28 UTC,,,2024-05-27 07:33:26 UTC
70010831210,Mobile is very busy,Tried calling so many times number is always busy,Completed,2024-05-28 09:17:00 UTC,70000110352,70000110352,70000110352,2024-05-27 09:18:17 UTC,2024-05-27 09:18:17 UTC,,,2024-05-27 09:17:32 UTC
70010831534,Broker,This client is a channel partner,Completed,2024-05-28 09:31:00 UTC,70000110352,70000110352,70000110352,2024-05-27 09:32:11 UTC,2024-05-27 09:32:11 UTC,,,2024-05-27 09:31:40 UTC
70010831608,Agent,This client is a broker channel partner,Completed,2024-05-28 09:34:00 UTC,70000110352,70000110352,70000110352,2024-05-27 09:35:03 UTC,2024-05-27 09:35:03 UTC,,,2024-05-27 09:34:37 UTC
70010833205,not intrested,Again discussed with client ...Client says he is not intrested in buying due to budget constrain,Completed,2024-05-28 10:38:00 UTC,70000110352,70000110352,70000110352,2024-05-27 10:39:37 UTC,2024-05-27 10:39:37 UTC,,,2024-05-27 10:38:26 UTC
70010841298,General Enquiery,Client is residing in that area.. has already collected all details from us and now disconnecting when ever we call,Completed,2024-05-29 07:44:00 UTC,70000110352,70000110352,70000110352,2024-05-28 07:45:46 UTC,2024-05-28 07:45:46 UTC,,,2024-05-28 07:44:18 UTC
70010844053,out of country,Client says her children has gone to abroad and will be back after 3 weeks. Adviced me to call back after 3 weeks,Completed,2024-05-29 09:32:00 UTC,70000110352,70000110352,70000110352,2024-05-28 09:34:43 UTC,2024-05-28 09:34:43 UTC,,,2024-05-28 09:32:38 UTC
70010844361,Not in use,This number not in use tried calling so many times,Completed,2024-05-29 09:46:00 UTC,70000110352,70000110352,70000110352,2024-05-28 09:47:00 UTC,2024-05-28 09:47:00 UTC,,,2024-05-28 09:46:08 UTC
70010850205,Intrested in besant nagar property,Client need more time to make payment in saraswati project. Client says he need under construction project advice me to send details of besant nagar property details once approved,Completed,2024-05-30 05:20:00 UTC,70000110352,70000110352,70000110352,2024-05-29 05:23:20 UTC,2024-05-29 05:23:20 UTC,,,2024-05-29 05:20:11 UTC
70010912034,Follow up ,,Completed,2024-06-07 08:04:00 UTC,70000110350,70000110350,70000110350,2024-06-03 08:04:50 UTC,2024-06-14 05:31:20 UTC,,,2024-06-14 05:31:14 UTC
70010932464,Budget ,Client need 2 bhk apartment in vipaasna project.. Client budget is up to 80 lakhs only,Completed,2024-06-06 06:14:00 UTC,70000110352,70000110352,70000110352,2024-06-05 06:15:34 UTC,2024-06-05 06:15:34 UTC,,,2024-06-05 06:14:45 UTC
70010942420,Commercial Space,Client is from dubai . Requirement for commmercial space in chennai 800 sqft to 1200 sqft requirement,Completed,2024-06-07 06:13:00 UTC,70000110352,70000110352,70000110352,2024-06-06 06:15:21 UTC,2024-06-06 06:15:21 UTC,,,2024-06-06 06:13:31 UTC
70010942497,Client need 3 bhk flat in vipaasna project,As discussed with client .. Client need 3 bhk flat in vipaasna project. Client says will have site visit this week end then decide,Completed,2024-06-07 06:21:00 UTC,70000110352,70000110352,70000110352,2024-06-06 06:23:32 UTC,2024-06-06 06:23:32 UTC,,,2024-06-06 06:21:40 UTC
70010951489,Rental commecrcial ,"Client need commercial space for rental space require 1500 sqft, budgwt up to 70 rs per sqft",Completed,2024-06-08 06:51:00 UTC,70000110352,70000110352,70000110352,2024-06-07 06:52:42 UTC,2024-06-07 06:52:42 UTC,,,2024-06-07 06:51:13 UTC
70010955504,CHIT COMPANT,CLIENT IS A VENDOR,Completed,2024-06-08 10:24:00 UTC,70000110352,70000110352,70000110352,2024-06-07 10:25:15 UTC,2024-06-07 10:25:15 UTC,,,2024-06-07 10:24:45 UTC
70010955781,Looking for investment,Client already have 6 plots in melrosapuram road. Looking for investment . All details sent through whats app and also said will check and revert back if needed,Completed,2024-06-08 10:50:00 UTC,70000110352,70000110352,70000110352,2024-06-07 10:52:00 UTC,2024-06-07 10:52:00 UTC,,,2024-06-07 10:50:11 UTC
70010958743,Bad timing,Tried calling so many times client is not responding my calls.. Will try to call again some time later.. All details sent through whats app,Completed,2024-06-09 06:00:00 UTC,70000110352,70000110352,70000110352,2024-06-08 06:01:31 UTC,2024-06-08 06:01:31 UTC,,,2024-06-08 06:00:09 UTC
70010961958,Channel partner,This client is a channel partner and his client need 5000 sqft area in arihant e park,Completed,2024-06-09 10:17:00 UTC,70000110352,70000110352,70000110352,2024-06-08 10:18:30 UTC,2024-06-08 10:18:30 UTC,,,2024-06-08 10:17:33 UTC
70010962181,vendor,This client is a vendor from mumbai,Completed,2024-06-09 10:49:00 UTC,70000110352,70000110352,70000110352,2024-06-08 10:50:16 UTC,2024-06-08 10:50:16 UTC,,,2024-06-08 10:49:46 UTC
70010962204,Channel partner,This client is a channel partner,Completed,2024-06-09 10:52:00 UTC,70000110352,70000110352,70000110352,2024-06-08 10:53:38 UTC,2024-06-08 10:53:38 UTC,,,2024-06-08 10:53:01 UTC
70010962221,Bad timing,Client says right now he cannot talk because he is busy with his family function advice me to call him back after two days,Completed,2024-06-09 10:55:00 UTC,70000110352,70000110352,70000110352,2024-06-08 10:56:36 UTC,2024-06-08 10:56:36 UTC,,,2024-06-08 10:55:04 UTC
70010978604,Follow up,After discussion with client regarding our project. Client says there is a biomedical waste next to our plot.  Will Check and revert back if needed. ,Completed,2024-06-11 06:17:00 UTC,70000110352,70000110352,70000110352,2024-06-10 06:18:44 UTC,2024-06-10 06:18:44 UTC,,,2024-06-10 06:17:07 UTC
70010979410,budget 90 lakhs only,Client need 3 bhk flat in our project esta budget is 90 lakhs only,Completed,2024-06-11 06:45:00 UTC,70000110352,70000110352,70000110352,2024-06-10 07:10:13 UTC,2024-06-10 07:10:13 UTC,,,2024-06-10 06:45:51 UTC
70010979854,bad timing,The number you are calling is currently busy. Will try after some time again,Completed,2024-06-11 07:29:00 UTC,70000110352,70000110352,70000110352,2024-06-10 07:30:45 UTC,2024-06-10 07:30:45 UTC,,,2024-06-10 07:29:15 UTC
70010982489,Existing Client,This client is an existing client and also close friend of md. Client said will discuss with kamal for further process,Completed,2024-06-11 09:49:00 UTC,70000110352,70000110352,70000110352,2024-06-10 09:50:33 UTC,2024-06-10 09:50:33 UTC,,,2024-06-10 09:49:10 UTC
70010982695,Existing Client,This client is an existing client and close friend of md.. After discussion all details sent through whats app. Client said will discuss with md for further process,Completed,2024-06-11 09:55:00 UTC,70000110352,70000110352,70000110352,2024-06-10 10:04:26 UTC,2024-06-10 10:05:02 UTC,Interested,,2024-06-10 10:05:02 UTC
70010982726,Budget up to 90 lakhs,Client need 3 bhk apartment in esta project. With a budget of 90 lakhs . But our project costs from 1cr 15 lakhs onwards,Completed,2024-06-11 10:06:00 UTC,70000110352,70000110352,70000110352,2024-06-10 10:07:38 UTC,2024-06-10 10:07:38 UTC,,,2024-06-10 10:06:08 UTC
70010982787,Bad timig,The number you have dialed is currently busy..will try calling some time later,Completed,2024-06-11 10:09:00 UTC,70000110352,70000110352,70000110352,2024-06-10 10:15:14 UTC,2024-06-10 10:15:14 UTC,,,2024-06-10 10:09:05 UTC
70010982855,Channel Partner,This client is a broker ...Channel partner,Completed,2024-06-11 10:20:00 UTC,70000110352,70000110352,70000110352,2024-06-10 10:21:56 UTC,2024-06-10 10:21:56 UTC,,,2024-06-10 10:20:54 UTC
70010983090,budget ,Client looking plot in gudvancherry only with budget of 12 lakhs only,Completed,2024-06-11 10:46:00 UTC,70000110352,70000110352,70000110352,2024-06-10 10:47:17 UTC,2024-06-10 10:47:17 UTC,,,2024-06-10 10:46:14 UTC
70010983203,Bad timing,The person you are calling is not responding now. Will again call some time later,Completed,2024-06-11 10:59:00 UTC,70000110352,70000110352,70000110352,2024-06-10 11:00:48 UTC,2024-06-10 11:00:48 UTC,,,2024-06-10 10:59:08 UTC
70010983250,Not intrested,Client says he is not intrested in any property and cuts the call,Completed,2024-06-11 11:04:00 UTC,70000110352,70000110352,70000110352,2024-06-10 11:05:16 UTC,2024-06-10 11:05:16 UTC,,,2024-06-10 11:04:27 UTC
70010983290,not intrested,Client says no and cuts the call..right now client is not looking any property,Completed,2024-06-11 11:09:00 UTC,70000110352,70000110352,70000110352,2024-06-10 11:10:34 UTC,2024-06-10 11:10:34 UTC,,,2024-06-10 11:09:25 UTC
70010983306,Bad timing,Client is cutting the call right now.. will call some time later,Completed,2024-06-11 11:12:00 UTC,70000110352,70000110352,70000110352,2024-06-10 11:12:56 UTC,2024-06-10 11:12:56 UTC,,,2024-06-10 11:12:12 UTC
70010983326,Property expo,Prompt property expo,Completed,2024-06-11 11:14:00 UTC,70000110352,70000110352,70000110352,2024-06-10 11:15:24 UTC,2024-06-10 11:15:24 UTC,,,2024-06-10 11:14:50 UTC
70010989827,follow up,Client says he has still not gone in that area. Will go for whenever is there any work in that area,Completed,2024-06-12 07:46:00 UTC,70000110352,70000110352,70000110352,2024-06-11 07:49:59 UTC,2024-06-11 07:49:59 UTC,,,2024-06-11 07:46:13 UTC
70011000045,Out of country,Clients mother said still family members didnt turnede from abroad. Once they come down will let us know,Completed,2024-06-13 06:07:00 UTC,70000110352,70000110352,70000110352,2024-06-12 06:09:11 UTC,2024-06-12 06:09:11 UTC,,,2024-06-12 06:07:46 UTC
70011000203,Client looking plot in another area,Client looking plot in kelambakkam area only not in maraimalai nagar,Completed,2024-06-13 06:28:00 UTC,70000110352,70000110352,70000110352,2024-06-12 06:29:58 UTC,2024-06-12 06:29:58 UTC,,,2024-06-12 06:28:51 UTC
70011002617,bad timing,Ringing no response,Completed,2024-06-13 11:32:00 UTC,70000110352,70000110352,70000110352,2024-06-12 11:33:00 UTC,2024-06-12 11:33:00 UTC,,,2024-06-12 11:32:34 UTC
70011002753,not intrested,Client says as of now not looking any property for purchase,Completed,2024-06-13 11:51:00 UTC,70000110352,70000110352,70000110352,2024-06-12 11:52:30 UTC,2024-06-12 11:52:30 UTC,,,2024-06-12 11:51:34 UTC
70011006030,Bad timing,Ringing no response.. Will again try some time later,Completed,2024-06-14 05:26:00 UTC,70000110352,70000110352,70000110352,2024-06-13 05:27:38 UTC,2024-06-13 05:27:38 UTC,,,2024-06-13 05:26:59 UTC
70011006053,Not intrested,Client says right now not intrested in buying any propertty,Completed,2024-06-14 05:31:00 UTC,70000110352,70000110352,70000110352,2024-06-13 05:32:22 UTC,2024-06-13 05:32:22 UTC,,,2024-06-13 05:31:31 UTC
70011006222,Bad timing,The number you are calling is temporarily out of service,Completed,2024-06-14 05:51:00 UTC,70000110352,70000110352,70000110352,2024-06-13 05:52:30 UTC,2024-06-13 05:52:30 UTC,,,2024-06-13 05:51:29 UTC
70011006494,Site visit done,Client has visited site last evening and said will discuss with vaastu team and revert back to us,Completed,2024-06-14 06:23:00 UTC,70000110352,70000110352,70000110352,2024-06-13 06:25:25 UTC,2024-06-13 06:25:25 UTC,,,2024-06-13 06:23:17 UTC
70011009555,Dell Computer,Vendors marketing,Completed,2024-06-14 09:27:00 UTC,70000110352,70000110352,70000110352,2024-06-13 09:28:16 UTC,2024-06-13 09:28:16 UTC,,,2024-06-13 09:27:47 UTC
70011014094,VENDOR,THIS CLIENT IS A WE DESIGN VENDOR,Completed,2024-06-15 05:34:00 UTC,70000110352,70000110352,70000110352,2024-06-14 05:38:17 UTC,2024-06-14 05:38:17 UTC,,,2024-06-14 05:34:08 UTC
70011014614,budget,Client budget is up to 5 cr only. He says it doesnt suites his budget,Completed,2024-06-15 06:39:00 UTC,70000110352,70000110352,70000110352,2024-06-14 06:40:25 UTC,2024-06-14 06:40:25 UTC,,,2024-06-14 06:39:29 UTC
70011024084,out of service,Still the number is temporary out of service tried callling so many times,Completed,2024-06-16 06:55:00 UTC,70000110352,70000110352,70000110352,2024-06-15 06:57:00 UTC,2024-06-15 06:57:00 UTC,,,2024-06-15 06:55:32 UTC
70011024229,Follow up,Client responded my calls and said still they havent decided.. Will revert back to us once decided,Completed,2024-06-16 07:03:00 UTC,70000110352,70000110352,70000110352,2024-06-15 07:06:03 UTC,2024-06-15 07:06:03 UTC,,,2024-06-15 07:03:39 UTC
70011024493,Not responding,Client is disconnecting my calls this is third follow up . All details of our project sent through whatts app,Completed,2024-06-16 07:18:00 UTC,70000110352,70000110352,70000110352,2024-06-15 07:20:33 UTC,2024-06-15 07:20:33 UTC,,,2024-06-15 07:18:52 UTC
70011044479,Milange ,Client looking for milange project.. Instructed karthick Anarock to follow,Completed,2024-06-18 06:44:00 UTC,70000110352,70000110352,70000110352,2024-06-17 06:45:24 UTC,2024-06-17 06:45:24 UTC,,,2024-06-17 06:44:16 UTC
70011044807,Budget,Client budget is up to 2crore only wanted 3 bhk flat in our project,Completed,2024-06-18 07:03:00 UTC,70000110352,70000110352,70000110352,2024-06-17 07:04:33 UTC,2024-06-17 07:04:33 UTC,,,2024-06-17 07:03:03 UTC
70011045340,Client need villa in rent,Client need villas on rent for 3 yrs in villaviviana project,Completed,2024-06-18 07:31:00 UTC,70000110352,70000110352,70000110352,2024-06-17 07:32:29 UTC,2024-06-17 07:32:29 UTC,,,2024-06-17 07:31:30 UTC
70011045476,Budget,Client budget is up to 1 cr only wanted 3 bhk flat in esta project.. ,Completed,2024-06-18 07:38:00 UTC,70000110352,70000110352,70000110352,2024-06-17 07:40:09 UTC,2024-06-17 07:40:09 UTC,,,2024-06-17 07:38:31 UTC
70011046531,budget,Client need 600 sqft plot with budget up to 12 lakhs only,Completed,2024-06-18 08:40:00 UTC,70000110352,70000110352,70000110352,2024-06-17 08:41:26 UTC,2024-06-17 08:41:26 UTC,,,2024-06-17 08:40:40 UTC
70011046588,bad timing,The number you have dialed is currently busy pls try later,Completed,2024-06-18 08:43:00 UTC,70000110352,70000110352,70000110352,2024-06-17 08:44:35 UTC,2024-06-17 08:44:35 UTC,,,2024-06-17 08:43:51 UTC
70011047050,Rental,Client need villa on rental with budget of 25000 only for 3 years. ,Completed,2024-06-18 09:09:00 UTC,70000110352,70000110352,70000110352,2024-06-17 09:10:26 UTC,2024-06-17 09:10:26 UTC,,,2024-06-17 09:09:40 UTC
70011047522,Bad timing,Tried calling so many times line not getting connected will try some time later,Completed,2024-06-18 09:35:00 UTC,70000110352,70000110352,70000110352,2024-06-17 09:36:34 UTC,2024-06-17 09:36:34 UTC,,,2024-06-17 09:35:29 UTC
70011047568,vendor,This client is a vendor....Interior fabricators,Completed,2024-06-18 09:38:00 UTC,70000110352,70000110352,70000110352,2024-06-17 09:39:05 UTC,2024-06-17 09:39:05 UTC,,,2024-06-17 09:38:15 UTC
70011048826,Bad timing,Client says he in a confrence call and cannot call right now adviced me to send all details through whats app. If needed will revert back,Completed,2024-06-18 11:39:00 UTC,70000110352,70000110352,70000110352,2024-06-17 11:41:54 UTC,2024-06-17 11:41:54 UTC,,,2024-06-17 11:39:29 UTC
70011053361,Bad timing,Client says currently on a call. Once he complete will revert back,Completed,2024-06-19 06:13:00 UTC,70000110352,70000110352,70000110352,2024-06-18 06:14:10 UTC,2024-06-18 06:14:10 UTC,,,2024-06-18 06:13:11 UTC
70011053453,Site visit,Client will have site visit by this week end and then decide once his family approves,Completed,2024-06-19 06:20:00 UTC,70000110352,70000110352,70000110352,2024-06-18 06:21:55 UTC,2024-06-18 06:21:55 UTC,,,2024-06-18 06:20:26 UTC
70011056671,Bad timing,Client says right no he is in college trying for his sons admission. Will revert back once he is free if needed,Completed,2024-06-19 09:31:00 UTC,70000110352,70000110352,70000110352,2024-06-18 09:33:16 UTC,2024-06-18 09:33:16 UTC,,,2024-06-18 09:32:02 UTC
70011056733,wrong number,Dialed number does not exist pls check the number you have dialed,Completed,2024-06-19 09:36:00 UTC,70000110352,70000110352,70000110352,2024-06-18 09:37:17 UTC,2024-06-18 09:37:17 UTC,,,2024-06-18 09:36:30 UTC
70011057108,omr Ecr Area,Client looking plot near Ecr and Omr area only not in maraimalai nagar,Completed,2024-06-19 09:56:00 UTC,70000110352,70000110352,70000110352,2024-06-18 09:58:02 UTC,2024-06-18 09:58:02 UTC,,,2024-06-18 09:56:17 UTC
70011058030,Existing client,Client says his relative dr mohan has purchased villa no 100  last year . Will discuss with them and revert back. ,Completed,2024-06-19 11:23:00 UTC,70000110352,70000110352,70000110352,2024-06-18 11:29:09 UTC,2024-06-18 11:29:09 UTC,,,2024-06-18 11:23:43 UTC
70011061845,Rental,Client need 5000 sqft area in arihant rohini on rental. Budget is very less . its not matching as per our needs,Completed,2024-06-20 05:51:00 UTC,70000110352,70000110352,70000110352,2024-06-19 05:54:57 UTC,2024-06-19 05:54:57 UTC,,,2024-06-19 05:51:09 UTC
70011062168,Not connecting,After Dialing this number it says pls press the extension number,Completed,2024-06-20 06:29:00 UTC,70000110352,70000110352,70000110352,2024-06-19 06:30:54 UTC,2024-06-19 06:30:54 UTC,,,2024-06-19 06:30:01 UTC
70011062294,Bad timing,The number you have dialed is not answering pls try some times later,Completed,2024-06-20 06:36:00 UTC,70000110352,70000110352,70000110352,2024-06-19 06:37:46 UTC,2024-06-19 06:37:46 UTC,,,2024-06-19 06:36:58 UTC
70011062728,Budget,Client need 1 bhk apartment in omr and ecr area only budget up to 40 lakhs only,Completed,2024-06-20 07:01:00 UTC,70000110352,70000110352,70000110352,2024-06-19 07:04:05 UTC,2024-06-19 07:04:05 UTC,,,2024-06-19 07:02:01 UTC
70011064684,Govt. official,This client has visited site yesterday. And met mr vimal. Mr vimal said not to entertain such client to site . Looks like from govt official,Completed,2024-06-20 09:00:00 UTC,70000110352,70000110352,70000110352,2024-06-19 09:02:11 UTC,2024-06-19 09:02:11 UTC,,,2024-06-19 09:00:29 UTC
70011067568,Follow up,Discussed with client regarding villa plots at villa viviana. Client said will have a site visit by next week end and then decide,Completed,2024-06-20 11:00:00 UTC,70000110352,70000110352,70000110352,2024-06-19 11:01:53 UTC,2024-06-19 11:01:53 UTC,,,2024-06-19 11:00:37 UTC
70011072271,Budget,Client need ews plot 600 sqft only not bigger plot . Client says its beyond his budget,Completed,2024-06-21 05:20:00 UTC,70000110352,70000110352,70000110352,2024-06-20 05:22:38 UTC,2024-06-20 05:22:38 UTC,,,2024-06-20 05:21:04 UTC
70011072435,BAd timing,Client again not answering my call right now will again try some time later,Completed,2024-06-21 05:49:00 UTC,70000110352,70000110352,70000110352,2024-06-20 05:50:44 UTC,2024-06-20 05:50:44 UTC,,,2024-06-20 05:49:50 UTC
70011072537,No response,The person you are calling is not answering.. Tried calling so many times.. Will again call some time later,Completed,2024-06-21 05:59:00 UTC,70000110352,70000110352,70000110352,2024-06-20 06:01:00 UTC,2024-06-20 06:01:00 UTC,,,2024-06-20 05:59:58 UTC
70011072604,Next week site visit,Client says will  discuss with Dr Mohan Who has already purchased villa 100. by next week end he will go to meet him and then decide,Completed,2024-06-21 06:05:00 UTC,70000110352,70000110352,70000110352,2024-06-20 06:08:50 UTC,2024-06-20 06:08:50 UTC,,,2024-06-20 06:05:45 UTC
70011075329,Budget up to 4 cr,Client requirement up to 4 cr wanted  4 bhk apartment . Client adviced me to call her back on sunday if she is intrested or not,Completed,2024-06-21 09:09:00 UTC,70000110352,70000110352,70000110352,2024-06-20 09:11:36 UTC,2024-06-20 09:11:36 UTC,,,2024-06-20 09:09:24 UTC
70011075456,out of order,The number you are calling is temporarily out of service pls try after some time,Completed,2024-06-21 09:17:00 UTC,70000110352,70000110352,70000110352,2024-06-20 09:18:48 UTC,2024-06-20 09:18:48 UTC,,,2024-06-20 09:17:33 UTC
70011075542,bad timing,The number you are trying to call is not answering,Completed,2024-06-21 09:22:00 UTC,70000110352,70000110352,70000110352,2024-06-20 09:23:54 UTC,2024-06-20 09:23:54 UTC,,,2024-06-20 09:22:52 UTC
70011075712,Follow up with Customer,"Was not able to connect with the customer, she requested to call back next weel ",Overdue,2024-06-24 06:00:00 UTC,70000089514,70000089514,70000089514,2024-06-20 09:32:49 UTC,2024-06-20 09:32:49 UTC,,Call reminder,
70011075834,Test1,"",Overdue,2024-06-20 09:45:00 UTC,70000089514,70000089514,70000089514,2024-06-20 09:38:36 UTC,2024-06-20 09:38:36 UTC,,Follow up,
70011075879,Rental,Client need flat on rental at arihant esta...because his kids are studying in velammal school ayanambakkam,Completed,2024-06-21 09:39:00 UTC,70000110352,70000110352,70000110352,2024-06-20 09:41:21 UTC,2024-06-20 09:41:21 UTC,,,2024-06-20 09:39:35 UTC
70011076303,not intrested,Client says he is not looking any property right now wrongly got connected,Completed,2024-06-21 10:02:00 UTC,70000110352,70000110352,70000110352,2024-06-20 10:03:10 UTC,2024-06-20 10:03:10 UTC,,,2024-06-20 10:02:24 UTC
70011084587,Ad agency,This client is a vendor,Completed,2024-06-22 06:01:00 UTC,70000110352,70000110352,70000110352,2024-06-21 06:01:37 UTC,2024-06-21 06:01:37 UTC,,,2024-06-21 06:01:09 UTC
70011084755,Follow up ,"",Overdue,2024-06-21 10:45:00 UTC,70000089514,70000089514,70000089514,2024-06-21 06:20:38 UTC,2024-06-21 06:20:38 UTC,,,
70011084783,Bad Timing,Client is disconnecting my calls now .Tried calling so many times. Will again tried calling some times later,Completed,2024-06-22 06:22:00 UTC,70000110352,70000110352,70000110352,2024-06-21 06:23:40 UTC,2024-06-21 06:23:40 UTC,,,2024-06-21 06:22:30 UTC
70011084867,Budget,Client budget is up to 2 crore only looking property in and around area gindy/ saidapet only,Completed,2024-06-22 06:31:00 UTC,70000110352,70000110352,70000110352,2024-06-21 06:32:57 UTC,2024-06-21 06:32:57 UTC,,,2024-06-21 06:31:27 UTC
70011084922,Budget,Again discussed with client now.. Client budget is up to 12 lakhs only wanted 600 sqft plot only,Completed,2024-06-22 06:35:00 UTC,70000110352,70000110352,70000110352,2024-06-21 06:37:00 UTC,2024-06-21 06:37:00 UTC,,,2024-06-21 06:35:55 UTC
70011085311,Not Intrested,Client says right he is not looking any property nor any plots,Completed,2024-06-22 07:00:00 UTC,70000110352,70000110352,70000110352,2024-06-21 07:01:06 UTC,2024-06-21 07:01:06 UTC,,,2024-06-21 07:00:23 UTC
70011085589,Vendor,This client is a vendor.. From maxpro exhibition,Completed,2024-06-22 07:07:00 UTC,70000110352,70000110352,70000110352,2024-06-21 07:16:43 UTC,2024-06-21 07:16:43 UTC,,,2024-06-21 07:07:06 UTC
70011085708,Follow up,Discsuss with client now ..Client says he may visit kalpakkam to see his dad so on the way he will visit site. Client adviced me to call back him tomorrow after lunch,Completed,2024-06-22 07:21:00 UTC,70000110352,70000110352,70000110352,2024-06-21 07:23:23 UTC,2024-06-21 07:23:23 UTC,,,2024-06-21 07:21:24 UTC
70011085919,Not intrested,Client says last week he was suppose to go for site visit but unable to go due to income tax raids. And now client says he is not intrested to move further,Completed,2024-06-22 07:32:00 UTC,70000110352,70000110352,70000110352,2024-06-21 07:33:59 UTC,2024-06-21 07:33:59 UTC,,,2024-06-21 07:32:05 UTC
70011087961,NA,Call getting dropped,Completed,2024-06-22 09:38:00 UTC,70000110352,70000110352,70000110352,2024-06-21 09:38:23 UTC,2024-06-21 09:38:23 UTC,,,2024-06-21 09:38:03 UTC
70011088218,Client moved to banglore,Client said his son transfered to banglore so for him they have purchased property in banglore,Completed,2024-06-22 09:49:00 UTC,70000110352,70000110352,70000110352,2024-06-21 09:50:33 UTC,2024-06-21 09:50:33 UTC,,,2024-06-21 09:49:26 UTC
70011092237,Number getting not connected,the dialed number does not exist. Pls check the number you have dialed,Completed,2024-06-23 06:04:00 UTC,70000110352,70000110352,70000110352,2024-06-22 06:08:45 UTC,2024-06-22 06:08:45 UTC,,,2024-06-22 06:04:59 UTC
70011092271,navallur area,Client need 3 bhk apartment in arihant hierloom only budget up to 50 lakhs . Unfortunately project is sold out,Completed,2024-06-23 06:18:00 UTC,70000110352,70000110352,70000110352,2024-06-22 06:21:10 UTC,2024-06-22 06:21:10 UTC,,,2024-06-22 06:18:44 UTC
70011092298,Bad timing,Tried calling so many times client is not answering ...will try some time later,Completed,2024-06-23 06:26:00 UTC,70000110352,70000110352,70000110352,2024-06-22 06:28:45 UTC,2024-06-22 06:28:45 UTC,,,2024-06-22 06:26:44 UTC
70011092435,Follow up 1,Discussed with client now adviced me to send location of property. By next next wednesday client will have site visit and decide,Completed,2024-06-23 06:40:00 UTC,70000110352,70000110352,70000110352,2024-06-22 06:42:07 UTC,2024-06-22 06:42:07 UTC,,,2024-06-22 06:40:29 UTC
70011095700,Looking for saligramam,Client will come down to chennai in the month of october intrested in milange project he is from pune. Client budget is up to 3 crores only,Completed,2024-06-23 10:43:00 UTC,70000110352,70000110352,70000110352,2024-06-22 10:45:17 UTC,2024-06-22 10:45:17 UTC,,,2024-06-22 10:43:34 UTC
70011112407,Airtel team,This client is a vendor airtel internet person,Completed,2024-06-25 05:35:00 UTC,70000110352,70000110352,70000110352,2024-06-24 05:36:19 UTC,2024-06-24 05:36:19 UTC,,,2024-06-24 05:35:13 UTC
70011112564,Budget,Client budget is 1.75 cr looking for milange project. Forwarded all details through whats app. Client said will discuss with parent and revert back,Completed,2024-06-25 05:57:00 UTC,70000110352,70000110352,70000110352,2024-06-24 05:59:24 UTC,2024-06-24 05:59:24 UTC,,,2024-06-24 05:57:51 UTC
70011112618,Budget,Client need 3 bhk apartment at nanganallur area only budget is up to 1.5 cr only,Completed,2024-06-25 06:06:00 UTC,70000110352,70000110352,70000110352,2024-06-24 06:07:40 UTC,2024-06-24 06:07:40 UTC,,,2024-06-24 06:06:34 UTC
70011112707,Client budget 1.75 cr,Client budget is up to 1.75 cr wanted 3 bhk at Ahok nagar /kk nagar area only. Convinced for milange but client need ready to occupy,Completed,2024-06-25 06:17:00 UTC,70000110352,70000110352,70000110352,2024-06-24 06:20:18 UTC,2024-06-24 06:20:18 UTC,,,2024-06-24 06:17:30 UTC
70011112972,Road width,Client is intrested in plot . But client feels the rood width is very small need 27 ft. Client said will have a last option ,Completed,2024-06-25 06:41:00 UTC,70000110352,70000110352,70000110352,2024-06-24 06:43:52 UTC,2024-06-24 06:43:52 UTC,,,2024-06-24 06:41:09 UTC
70011113640,Bad timing,Tried calling to client so many times. Client is disconnecting my calls .will try some time later,Completed,2024-06-25 07:19:00 UTC,70000110352,70000110352,70000110352,2024-06-24 07:21:08 UTC,2024-06-24 07:21:08 UTC,,,2024-06-24 07:19:59 UTC
70011113817,Follow up,Discussed with client now .. All detail sent through whats app. Client said by this week end will try to have a site visit. And then decide,Completed,2024-06-25 07:28:00 UTC,70000110352,70000110352,70000110352,2024-06-24 07:30:03 UTC,2024-06-24 07:30:03 UTC,,,2024-06-24 07:28:29 UTC
70011113913,Vendor,Tghis client is a vendor...,Completed,2024-06-25 07:35:00 UTC,70000110352,70000110352,70000110352,2024-06-24 07:35:40 UTC,2024-06-24 07:35:40 UTC,,,2024-06-24 07:35:16 UTC
70011113973,vendor,This number is from indore and is a vendor,Completed,2024-06-25 07:38:00 UTC,70000110352,70000110352,70000110352,2024-06-24 07:38:37 UTC,2024-06-24 07:38:37 UTC,,,2024-06-24 07:38:06 UTC
70011116015,Follow up,Client said his father not well by next week end will go for site visit once his father get all right,Completed,2024-06-25 09:33:00 UTC,70000110352,70000110352,70000110352,2024-06-24 09:34:08 UTC,2024-06-24 09:34:08 UTC,,,2024-06-24 09:33:05 UTC
70011116630,follow up,With great difficulty line got connected and got connected with client. Client advice me to send all details through whatsapp. Client said will discuss with her husband and revert back,Completed,2024-06-25 10:13:00 UTC,70000110352,70000110352,70000110352,2024-06-24 10:15:44 UTC,2024-06-24 10:15:44 UTC,,,2024-06-24 10:13:33 UTC
70011116793,Gated Community,Client need apaprtment in gated community with 200 flats. Client need in adyar and kotturpuram area only,Completed,2024-06-25 10:35:00 UTC,70000110352,70000110352,70000110352,2024-06-24 10:36:21 UTC,2024-06-24 10:36:21 UTC,,,2024-06-24 10:35:12 UTC
70011116866,Budget up to 1.5 cr only,Client budget up to 1.5 cr wanted two bhk flat in saidapet area only,Completed,2024-06-25 10:43:00 UTC,70000110352,70000110352,70000110352,2024-06-24 10:45:16 UTC,2024-06-24 10:45:16 UTC,,,2024-06-24 10:43:36 UTC
70011116976,Water logging,Client says will let you know if iam intrested. Due to water loging problem already she has expienced in that area,Completed,2024-06-25 10:54:00 UTC,70000110352,70000110352,70000110352,2024-06-24 11:00:18 UTC,2024-06-24 11:00:18 UTC,,,2024-06-24 10:54:50 UTC
70011121257,General Enquiry,It  seems an genral enquiry. Client intrested in saraswati project. He says right now not in town will let you once he comes down to chennai,Completed,2024-06-26 06:05:00 UTC,70000110352,70000110352,70000110352,2024-06-25 06:07:48 UTC,2024-06-25 06:07:48 UTC,,,2024-06-25 06:05:42 UTC
70011121286,I.T department,This client is as vendor,Completed,2024-06-26 06:10:00 UTC,70000110352,70000110352,70000110352,2024-06-25 06:11:31 UTC,2024-06-25 06:11:31 UTC,,,2024-06-25 06:10:58 UTC
70011121464,Bad timimming,Ringing but no response will try some time later,Completed,2024-06-26 06:18:00 UTC,70000110352,70000110352,70000110352,2024-06-25 06:19:32 UTC,2024-06-25 06:19:32 UTC,,,2024-06-25 06:18:55 UTC
70011125896,Junk,The dialed number does not exist,Completed,2024-06-26 09:51:00 UTC,70000110352,70000110352,70000110352,2024-06-25 09:52:19 UTC,2024-06-25 09:52:19 UTC,,,2024-06-25 09:51:54 UTC
70011131771,Follow up,Client says not in a hurry to buy a flat. Discussed about our property to .Client says will check and revert back,Completed,2024-06-27 06:44:00 UTC,70000110352,70000110352,70000110352,2024-06-26 06:49:03 UTC,2024-06-26 06:49:03 UTC,,,2024-06-26 06:44:53 UTC
70011132072,Follow up,Client said still havent discussed with family members nor with mr kamal will get back to us once decided,Completed,2024-06-27 07:02:00 UTC,70000110352,70000110352,70000110352,2024-06-26 07:04:39 UTC,2024-06-26 07:04:39 UTC,,,2024-06-26 07:03:00 UTC
70011132271,Mahindra City,Client need a plot in inside mahindra city only now where else because her office at chengulpet ,Completed,2024-06-27 07:13:00 UTC,70000110352,70000110352,70000110352,2024-06-26 07:14:40 UTC,2024-06-26 07:14:40 UTC,,,2024-06-26 07:13:20 UTC
70011135272,Villa plots,All details sent through whats app. Client said by this week end will have a site visit and revert back if needed,Completed,2024-06-27 10:30:00 UTC,70000110352,70000110352,70000110352,2024-06-26 10:31:57 UTC,2024-06-26 10:31:57 UTC,,,2024-06-26 10:30:26 UTC
70011135315,No response,Ringing no response tried calling so many times,Completed,2024-06-27 10:33:00 UTC,70000110352,70000110352,70000110352,2024-06-26 10:33:59 UTC,2024-06-26 10:33:59 UTC,,,2024-06-26 10:33:26 UTC
70011135385,Vendor,This client is a vendor,Completed,2024-06-27 10:42:00 UTC,70000110352,70000110352,70000110352,2024-06-26 10:43:13 UTC,2024-06-26 10:43:13 UTC,,,2024-06-26 10:42:53 UTC
70011139094,Vendor,This client is a vendor,Completed,2024-06-28 05:34:00 UTC,70000110352,70000110352,70000110352,2024-06-27 05:34:49 UTC,2024-06-27 05:34:49 UTC,,,2024-06-27 05:34:24 UTC
70011139308,Budget,Client budget is up to 1 cr wanted two bhk flat in vaniyavilas project. our project starts from 3 bhk onwards,Completed,2024-06-28 06:04:00 UTC,70000110352,70000110352,70000110352,2024-06-27 06:06:12 UTC,2024-06-27 06:06:12 UTC,,,2024-06-27 06:04:26 UTC
70011139408,Bad timing,Ringing no respone will again call some time later,Completed,2024-06-28 06:18:00 UTC,70000110352,70000110352,70000110352,2024-06-27 06:18:52 UTC,2024-06-27 06:18:52 UTC,,,2024-06-27 06:18:06 UTC
70011139900,Bad Timing,Now client says they are not intrested in buying any property in that area because there family met with an accident . ,Completed,2024-06-28 06:52:00 UTC,70000110352,70000110352,70000110352,2024-06-27 06:53:44 UTC,2024-06-27 06:53:44 UTC,,,2024-06-27 06:52:09 UTC
70011139939,Na,The person you are calling is not answering. Tried calling so many times,Completed,2024-06-28 06:56:00 UTC,70000110352,70000110352,70000110352,2024-06-27 06:57:10 UTC,2024-06-27 06:57:10 UTC,,,2024-06-27 06:56:34 UTC
70011140016,Bad timing,The number you are calling is temporily out of service,Completed,2024-06-28 06:59:00 UTC,70000110352,70000110352,70000110352,2024-06-27 07:00:41 UTC,2024-06-27 07:00:41 UTC,,,2024-06-27 06:59:56 UTC
70011140241,Car park problem,Client visited the plot and like the place. But only problem is road width .Customer feels client cannot park the car park out side. Client said will discuss with in there family and revert back,Completed,2024-06-28 07:10:00 UTC,70000110352,70000110352,70000110352,2024-06-27 07:13:12 UTC,2024-06-27 07:13:12 UTC,,,2024-06-27 07:10:37 UTC
70011140303,BAd timing,The person you are calling is not answering... will again try some time later,Completed,2024-06-28 07:16:00 UTC,70000110352,70000110352,70000110352,2024-06-27 07:17:12 UTC,2024-06-27 07:17:12 UTC,,,2024-06-27 07:16:24 UTC
70011140610,Milange,Client said not yet decided with family.. Will revert back  if needed,Completed,2024-06-28 07:38:00 UTC,70000110352,70000110352,70000110352,2024-06-27 07:39:55 UTC,2024-06-27 07:39:55 UTC,,,2024-06-27 07:38:28 UTC
70011140623,Other options,Client said due to road width client is looking for other option. If not will revert back,Completed,2024-06-28 07:42:00 UTC,70000110352,70000110352,70000110352,2024-06-27 07:43:01 UTC,2024-06-27 07:43:01 UTC,,,2024-06-27 07:42:11 UTC
70011143396,general enquiery,Client says still not yet decided regarding plots. Will let you know once decided,Completed,2024-06-28 10:56:00 UTC,70000110352,70000110352,70000110352,2024-06-27 10:57:15 UTC,2024-06-27 10:57:15 UTC,,,2024-06-27 10:56:18 UTC
70011143440,Farm land,Client looking only for farm land only not patta land,Completed,2024-06-28 11:01:00 UTC,70000110352,70000110352,70000110352,2024-06-27 11:02:23 UTC,2024-06-27 11:02:23 UTC,,,2024-06-27 11:01:44 UTC
70011143469,bad timing,Ringing no response,Completed,2024-06-28 11:05:00 UTC,70000110352,70000110352,70000110352,2024-06-27 11:06:19 UTC,2024-06-27 11:06:19 UTC,,,2024-06-27 11:05:52 UTC
70011172442,Follow up & Plan visit,"",Overdue,2024-07-02 06:00:00 UTC,70000133493,70000089514,70000089514,2024-07-01 03:34:50 UTC,2024-07-01 03:36:18 UTC,,,
70011220662,Follow up ,"",Completed,2024-07-11 10:05:00 UTC,70000110350,70000110350,70000110350,2024-07-05 10:05:52 UTC,2026-04-12 11:14:18 UTC,,,2026-04-12 11:14:18 UTC
70011268278,Follow up for Sri Nivas ,Convince Customer for Site Visit ,Overdue,2024-07-12 06:30:00 UTC,70000089514,70000089514,70000089514,2024-07-11 09:16:07 UTC,2024-07-11 09:16:07 UTC,,Follow up,
70011269325,Follow up 1,find out which property she is interested in and take things forward,Overdue,2024-07-13 08:45:00 UTC,70000089514,70000089514,70000089514,2024-07-11 09:54:48 UTC,2024-07-11 09:55:25 UTC,,Follow up,
70011270701,follow up ,Schedule a meeting for poes ,Completed,2024-07-13 11:53:00 UTC,70000089514,70000089514,70000089514,2024-07-11 11:53:28 UTC,2024-08-02 11:25:57 UTC,,,2024-08-02 11:25:57 UTC
70011274805,RnR,Ringing no response will try calling some time later,Completed,2024-07-13 05:27:00 UTC,70000110352,70000110352,70000110352,2024-07-12 05:28:06 UTC,2024-07-12 05:28:06 UTC,,,2024-07-12 05:27:31 UTC
70011274836,Wrong number,The dialed number does not exist.. Pls check the number you have dailed,Completed,2024-07-13 05:32:00 UTC,70000110352,70000110352,70000110352,2024-07-12 05:33:40 UTC,2024-07-12 05:33:40 UTC,,,2024-07-12 05:32:30 UTC
70011275019,Not intrested,Client is not intrested in property by mistake his son has srolled it,Completed,2024-07-13 06:06:00 UTC,70000110352,70000110352,70000110352,2024-07-12 06:07:16 UTC,2024-07-12 06:07:16 UTC,,,2024-07-12 06:06:04 UTC
70011275108,Stall Fabricator,This client is a stall fabricator,Completed,2024-07-13 06:24:00 UTC,70000110352,70000110352,70000110352,2024-07-12 06:24:47 UTC,2024-07-12 06:24:47 UTC,,,2024-07-12 06:24:09 UTC
70011275257,follow up,follow up for site visit ,Completed,2024-07-13 06:38:00 UTC,70000110350,70000110350,70000110350,2024-07-12 06:39:13 UTC,2024-07-13 06:49:25 UTC,Left message,,2024-07-13 06:49:14 UTC
70011275583,Not intrested,Client is not looking any property right now planned dropped due to personol issues,Completed,2024-07-13 06:58:00 UTC,70000110352,70000110352,70000110352,2024-07-12 06:59:25 UTC,2024-07-12 06:59:25 UTC,,,2024-07-12 06:58:26 UTC
70011275678,Number not in use,The number you are calling is temporarily out of service.. Tried calling so many times,Completed,2024-07-13 07:03:00 UTC,70000110352,70000110352,70000110352,2024-07-12 07:04:53 UTC,2024-07-12 07:04:53 UTC,,,2024-07-12 07:03:49 UTC
70011275816,Budget 50 lakhs only,Client need villas in gudvancherry only budget up to 50 lakhs only,Completed,2024-07-13 07:11:00 UTC,70000110352,70000110352,70000110352,2024-07-12 07:12:58 UTC,2024-07-12 07:12:58 UTC,,,2024-07-12 07:11:20 UTC
70011275921,Call drop,Line not getting connected call drop tried calling so many times,Completed,2024-07-13 07:19:00 UTC,70000110352,70000110352,70000110352,2024-07-12 07:20:14 UTC,2024-07-12 07:20:14 UTC,,,2024-07-12 07:19:29 UTC
70011278396,Vender,This client is a tiles vendor,Completed,2024-07-13 10:05:00 UTC,70000110352,70000110352,70000110352,2024-07-12 10:06:57 UTC,2024-07-12 10:06:57 UTC,,,2024-07-12 10:06:28 UTC
70011279887,Bad timming,Client is driving a car will call me back after some time . Once she is free,Completed,2024-07-13 11:15:00 UTC,70000110352,70000110352,70000110352,2024-07-12 11:16:14 UTC,2024-07-12 11:16:14 UTC,,,2024-07-12 11:15:22 UTC
70011279959,budget,Client budget is up to 15 lakhs only wanted 600 sqft plot,Completed,2024-07-13 11:25:00 UTC,70000110352,70000110352,70000110352,2024-07-12 11:26:01 UTC,2024-07-12 11:26:01 UTC,,,2024-07-12 11:25:27 UTC
70011284424,Not intrested,Client is not intrested in any propety nor plots and cuts the call immidiately,Completed,2024-07-14 04:47:00 UTC,70000110352,70000110352,70000110352,2024-07-13 04:48:09 UTC,2024-07-13 04:48:09 UTC,,,2024-07-13 04:47:17 UTC
70011284464,Road width,Road width of plot is very small customer feels and he doesnt want to have quarell with neighbours daily regarding car parking,Completed,2024-07-14 05:00:00 UTC,70000110352,70000110352,70000110352,2024-07-13 05:02:06 UTC,2024-07-13 05:02:06 UTC,,,2024-07-13 05:00:27 UTC
70011284493,Road Width,Client reveals the same story regarding road width his family is not happy with road with. ,Completed,2024-07-14 05:06:00 UTC,70000110352,70000110352,70000110352,2024-07-13 05:10:08 UTC,2024-07-13 05:10:08 UTC,,,2024-07-13 05:06:28 UTC
70011284519,property road street cut,Client liked property plot no 2 but due to road street cut client family members are not happy,Completed,2024-07-14 05:14:00 UTC,70000110352,70000110352,70000110352,2024-07-13 05:16:40 UTC,2024-07-13 05:16:40 UTC,,,2024-07-13 05:14:43 UTC
70011284526,Bad Timming,Client says he will give me a call right now he is in meeting. Will revert back if intrested,Completed,2024-07-14 05:20:00 UTC,70000110352,70000110352,70000110352,2024-07-13 05:21:17 UTC,2024-07-13 05:21:17 UTC,,,2024-07-13 05:20:12 UTC
70011284545,not intrested,Client says not intrested in property purchase,Completed,2024-07-14 05:25:00 UTC,70000110352,70000110352,70000110352,2024-07-13 05:26:14 UTC,2024-07-13 05:26:14 UTC,,,2024-07-13 05:25:37 UTC
70011284581,Time delay,Client says will take time will call you back if needed,Completed,2024-07-14 05:35:00 UTC,70000110352,70000110352,70000110352,2024-07-13 05:36:12 UTC,2024-07-13 05:36:12 UTC,,,2024-07-13 05:35:14 UTC
70011284637,Not yet decided,Client has visited site . Client says will check other properties too and then decide,Completed,2024-07-14 05:42:00 UTC,70000110352,70000110352,70000110352,2024-07-13 05:46:33 UTC,2024-07-13 05:46:33 UTC,,,2024-07-13 05:46:07 UTC
70011284650,Diwali visit for site,Client said will have milange site visit on diwali time and then decide budget 1.5 cr only,Completed,2024-07-14 05:50:00 UTC,70000110352,70000110352,70000110352,2024-07-13 05:51:19 UTC,2024-07-13 05:51:19 UTC,,,2024-07-13 05:50:03 UTC
70011304464,Esta project,Discussed with client now.. Client advice me to call her back tommorow 10 am,Completed,2024-07-16 07:00:00 UTC,70000110352,70000110352,70000110352,2024-07-15 07:01:14 UTC,2024-07-15 07:01:14 UTC,,,2024-07-15 07:00:17 UTC
70011306899,rental,Client looking flat  on rent budget up to ten thousand only at gudvancherry area only,Completed,2024-07-16 09:09:00 UTC,70000110352,70000110352,70000110352,2024-07-15 09:11:25 UTC,2024-07-15 09:11:25 UTC,,,2024-07-15 09:10:04 UTC
70011307158,Vendor,This client is a vendor,Completed,2024-07-16 09:25:00 UTC,70000110352,70000110352,70000110352,2024-07-15 09:25:42 UTC,2024-07-15 09:25:42 UTC,,,2024-07-15 09:25:16 UTC
70011322317,Junk,Call getting dropped,Completed,2024-07-18 06:40:00 UTC,70000110352,70000110352,70000110352,2024-07-17 06:41:56 UTC,2024-07-17 06:41:56 UTC,,,2024-07-17 06:40:53 UTC
70011333061,follow up ,,Completed,2024-07-20 06:15:00 UTC,70000110350,70000110350,70000110350,2024-07-18 06:15:37 UTC,2024-07-25 06:42:28 UTC,,Call reminder,2024-07-25 06:42:25 UTC
70011341255,Esta Project,Again discussed with client .. Client said will try to have site visit this month end and then decide,Completed,2024-07-20 06:57:00 UTC,70000110352,70000110352,70000110352,2024-07-19 06:59:05 UTC,2024-07-19 06:59:05 UTC,,,2024-07-19 06:57:55 UTC
70011368649,Ringing no response,Tried calling so many times no response will again try to call some time later,Completed,2024-07-23 07:40:00 UTC,70000110352,70000110352,70000110352,2024-07-22 07:41:59 UTC,2024-07-22 07:41:59 UTC,,,2024-07-22 07:40:49 UTC
70011384598,Site visit completed,Client and his family already done site visit . After so many follow ups client said his family is showing less intrest on vipaasna project. Thats why client client has kept it on   hold,Completed,2024-07-25 05:41:00 UTC,70000110352,70000110352,70000110352,2024-07-24 05:43:53 UTC,2024-07-24 05:43:53 UTC,,,2024-07-24 05:41:22 UTC
70011384703,Email all details,This client is from north corolina.. Tried calling so many times client is not responding. All details sent through email. ,Completed,2024-07-25 05:56:00 UTC,70000110352,70000110352,70000110352,2024-07-24 06:00:29 UTC,2024-07-24 06:00:29 UTC,,,2024-07-24 05:56:18 UTC
70011384796,Investment,Client looking for investment .After discussion all details sent through whats app.. Client said will revert back to me if intrested,Completed,2024-07-25 06:14:00 UTC,70000110352,70000110352,70000110352,2024-07-24 06:17:34 UTC,2024-07-24 06:17:34 UTC,,,2024-07-24 06:14:34 UTC
70011384847,North korratur,Client looking property at north korattur only next to her office,Completed,2024-07-25 06:27:00 UTC,70000110352,70000110352,70000110352,2024-07-24 06:29:55 UTC,2024-07-24 06:29:55 UTC,,,2024-07-24 06:27:15 UTC
70011385563,Channel partner,This client is a channel partner.. All details sent through wahts app,Completed,2024-07-25 07:16:00 UTC,70000110352,70000110352,70000110352,2024-07-24 07:16:59 UTC,2024-07-24 07:16:59 UTC,,,2024-07-24 07:16:20 UTC
70011385793,Client need 1400 sqft,Client need 1400 sqft flat in navaloor area no plots,Completed,2024-07-25 07:27:00 UTC,70000110352,70000110352,70000110352,2024-07-24 07:29:01 UTC,2024-07-24 07:29:01 UTC,,,2024-07-24 07:27:42 UTC
70011392848,Bad timing,Again tried calling no response from client. All details again resent through email.. hopefully client should respond through email,Completed,2024-07-26 06:13:00 UTC,70000110352,70000110352,70000110352,2024-07-25 06:15:08 UTC,2024-07-25 06:15:08 UTC,,,2024-07-25 06:13:11 UTC
70011392966,Follow up,Again Discussed with client now over phone.. Client advice me to call him back tommorrow,Completed,2024-07-26 06:30:00 UTC,70000110352,70000110352,70000110352,2024-07-25 06:31:35 UTC,2024-07-25 06:31:35 UTC,,,2024-07-25 06:30:24 UTC
70011401101,Follow up,Discussed with client now ..client said will do site visit tommorow and then decide,Completed,2024-07-27 05:26:00 UTC,70000110352,70000110352,70000110352,2024-07-26 05:28:17 UTC,2024-07-26 05:28:17 UTC,,,2024-07-26 05:26:57 UTC
70011402284,Kept on hold,Client need two bhk apartment in tiara project. But unfortunately due to registration price differnce sale is kept on hold,Completed,2024-07-27 07:12:00 UTC,70000110352,70000110352,70000110352,2024-07-26 07:14:14 UTC,2024-07-26 07:14:14 UTC,,,2024-07-26 07:12:55 UTC
70011402533,Follow up,Client said by next week she is free will have site visit . Advice me to call her back next week,Completed,2024-07-27 07:23:00 UTC,70000110352,70000110352,70000110352,2024-07-26 07:24:43 UTC,2024-07-26 07:24:43 UTC,,,2024-07-26 07:23:15 UTC
70011402811,not yet decided,Client said still not yet decided will revert back if needed,Completed,2024-07-27 07:37:00 UTC,70000110352,70000110352,70000110352,2024-07-26 07:38:49 UTC,2024-07-26 07:38:49 UTC,,,2024-07-26 07:37:54 UTC
70011404973,Not intrested,Client responded through whats app and said by mistake he has put his location ,Completed,2024-07-27 09:38:00 UTC,70000110352,70000110352,70000110352,2024-07-26 09:40:56 UTC,2024-07-26 09:40:56 UTC,,,2024-07-26 09:38:37 UTC
70011405194,Budget 1.4 cr,Client again responded through whats app looking plot ashok nagar /porur and guindy budget 1.4 cr,Completed,2024-07-27 09:47:00 UTC,70000110352,70000110352,70000110352,2024-07-26 09:50:37 UTC,2024-07-26 09:50:37 UTC,,,2024-07-26 09:47:45 UTC
70011413072,not intrested,Client says Right now not looking any property right now,Completed,2024-07-28 09:25:00 UTC,70000110352,70000110352,70000110352,2024-07-27 09:26:29 UTC,2024-07-27 09:26:29 UTC,,,2024-07-27 09:25:48 UTC
70011413802,Bad timing,Tried calling so many times no response from client..,Completed,2024-07-28 10:06:00 UTC,70000110352,70000110352,70000110352,2024-07-27 10:07:04 UTC,2024-07-27 10:07:04 UTC,,,2024-07-27 10:06:10 UTC
70011425115,budget,Discussed with client ..Client budget is up to 2 cr only and our project cost starts from 3.5 cr onwards,Completed,2024-07-30 05:02:00 UTC,70000110352,70000110352,70000110352,2024-07-29 05:03:57 UTC,2024-07-29 05:03:57 UTC,,,2024-07-29 05:02:35 UTC
70011435030,Switched off,The number you are calling is switched off.. Treid calling so many times,Completed,2024-07-31 05:20:00 UTC,70000110352,70000110352,70000110352,2024-07-30 05:21:21 UTC,2024-07-30 05:21:21 UTC,,,2024-07-30 05:20:36 UTC
70011435591,Amara project,Client is looking a flat in amara project on rent,Completed,2024-07-31 06:31:00 UTC,70000110352,70000110352,70000110352,2024-07-30 06:31:54 UTC,2024-07-30 06:31:54 UTC,,,2024-07-30 06:31:13 UTC
70011443346,Arihant millange,Client is intrested in milange project. Forwarded all details through whats app. And also instructed Mr karthick To follow (anarock),Completed,2024-08-01 04:54:00 UTC,70000110352,70000110352,70000110352,2024-07-31 04:56:10 UTC,2024-07-31 04:56:10 UTC,,,2024-07-31 04:54:39 UTC
70011444820,Bad timing,Client says he is in meeting will call some time later,Completed,2024-08-01 07:04:00 UTC,70000110352,70000110352,70000110352,2024-07-31 07:05:05 UTC,2024-07-31 07:05:05 UTC,,,2024-07-31 07:04:20 UTC
70011455166,rental,Client need 1 bhk flat on rent only,Completed,2024-08-02 06:15:00 UTC,70000110352,70000110352,70000110352,2024-08-01 06:15:52 UTC,2024-08-01 06:15:52 UTC,,,2024-08-01 06:15:13 UTC
70011455267,Villa plots,Discussed with client now...All details sent through whats app. Client said by next week end will have site visit,Completed,2024-08-02 06:30:00 UTC,70000110352,70000110352,70000110352,2024-08-01 06:32:46 UTC,2024-08-01 06:32:46 UTC,,,2024-08-01 06:31:13 UTC
70011455469,Bad timing,Discussed with client. Client said right now busy with govt. work. By this month end will try to have site visit and then decide,Completed,2024-08-02 06:43:00 UTC,70000110352,70000110352,70000110352,2024-08-01 06:46:19 UTC,2024-08-01 06:46:19 UTC,,,2024-08-01 06:43:59 UTC
70011455549,Bad timing,Tried calling so many time client is disconnecting my calls. Again will try some time later,Completed,2024-08-02 06:50:00 UTC,70000110352,70000110352,70000110352,2024-08-01 06:51:19 UTC,2024-08-01 06:51:19 UTC,,,2024-08-01 06:50:11 UTC
70011462023,Wrong number,The dialed number does not exist.. Pls check the number you have dialed,Completed,2024-08-03 05:10:00 UTC,70000110352,70000110352,70000110352,2024-08-02 05:10:59 UTC,2024-08-02 05:10:59 UTC,,,2024-08-02 05:10:10 UTC
70011469120,Plan dropped,Discuss with client now. Client says due to sudden death one of there family so as of now planned drop,Completed,2024-08-04 06:01:00 UTC,70000110352,70000110352,70000110352,2024-08-03 06:07:42 UTC,2024-08-03 06:07:42 UTC,,,2024-08-03 06:01:39 UTC
70011469651,Bad Timing,Client says she is right now busy with her international call. Once she is free will revert back,Completed,2024-08-04 06:47:00 UTC,70000110352,70000110352,70000110352,2024-08-03 06:48:32 UTC,2024-08-03 06:48:32 UTC,,,2024-08-03 06:47:34 UTC
70011484805,Bad Timing,Tried calling so many times client is disconnecting my calls ,Completed,2024-08-06 05:09:00 UTC,70000110352,70000110352,70000110352,2024-08-05 05:10:28 UTC,2024-08-05 05:10:28 UTC,,,2024-08-05 05:09:46 UTC
70011490123,Follow up,Client says right now he is in delhi. Will revert back once he is free. Right now he is in meeting,Completed,2024-08-06 10:09:00 UTC,70000110352,70000110352,70000110352,2024-08-05 10:10:20 UTC,2024-08-05 10:10:20 UTC,,,2024-08-05 10:09:04 UTC
70011490272,Follow up,Discussed with client now. Client is staying on rent in villa 60. All details sent through whats app. Client said will check and revert back. After having discussion with parents,Completed,2024-08-06 10:24:00 UTC,70000110352,70000110352,70000110352,2024-08-05 10:26:38 UTC,2024-08-05 10:26:38 UTC,,,2024-08-05 10:24:50 UTC
70011495655,BAd timing,As discussed with client .Client says right now he is travelling. All detail sent through whats app. Client said will check and revert back after discuusing to parents,Completed,2024-08-07 07:01:00 UTC,70000110352,70000110352,70000110352,2024-08-06 07:03:30 UTC,2024-08-06 07:03:30 UTC,,,2024-08-06 07:01:52 UTC
70011495805,Follow up 2,Discussed with client client. Client says he is looking for commercial cum residence inside city. Right now client is in delhi. next week end client will come down to chennai and revert back,Completed,2024-08-07 07:08:00 UTC,70000110352,70000110352,70000110352,2024-08-06 07:11:26 UTC,2024-08-06 07:11:26 UTC,,,2024-08-06 07:08:35 UTC
70011495971,follow up 2,Client has visited site last evening. Client feels rate are high. Will discuss with there parent and revert back,Completed,2024-08-07 07:18:00 UTC,70000110352,70000110352,70000110352,2024-08-06 07:19:51 UTC,2024-08-06 07:19:51 UTC,,,2024-08-06 07:18:37 UTC
70011503578,Bad timing,Tried calling so many times.. Client is not answering my calls right now. Again will try some time later,Completed,2024-08-08 06:18:00 UTC,70000110352,70000110352,70000110352,2024-08-07 06:19:33 UTC,2024-08-07 06:19:33 UTC,,,2024-08-07 06:18:32 UTC
70011503622,Villa or plot,Discussed with client again. Client says he is looking villa no 70 which is for resale one. Client says will discuss with there parent and then decide for the same with in two days either we go for plot or villa,Completed,2024-08-08 06:23:00 UTC,70000110352,70000110352,70000110352,2024-08-07 06:25:56 UTC,2024-08-07 06:25:56 UTC,,,2024-08-07 06:23:35 UTC
70011507341,No service,This number temporary out of service..Will try again some time later,Completed,2024-08-08 09:11:00 UTC,70000110352,70000110352,70000110352,2024-08-07 09:12:49 UTC,2024-08-07 09:12:49 UTC,,,2024-08-07 09:12:01 UTC
70011543253,not intrested ,This client is a chicken mutton vendor. Right now he is not intrested in buying any plot. By mistake his son has srolled it,Completed,2024-08-09 05:59:00 UTC,70000110352,70000110352,70000110352,2024-08-08 06:00:43 UTC,2024-08-08 06:00:43 UTC,,,2024-08-08 05:59:20 UTC
70011544003,Not yet decided,Discussed with client. Client said not yet decided still under discussion  with in there familywill revert back if needed,Completed,2024-08-09 07:02:00 UTC,70000110352,70000110352,70000110352,2024-08-08 07:03:56 UTC,2024-08-08 07:03:56 UTC,,,2024-08-08 07:02:09 UTC
70011547568,Villa plot,This client is working in gudvancherry. Shown intest in villa plots. All details sent through whats app. Client said by this saturday after 5 pm will have a site visit and then decide,Completed,2024-08-09 10:49:00 UTC,70000110352,70000110352,70000110352,2024-08-08 10:50:59 UTC,2024-08-08 10:50:59 UTC,,,2024-08-08 10:49:09 UTC
70011551277,Intrested,Client said he will discuss again with family and let me know either he is willing to go for resale villa or plot  on or before 13 th aug,Completed,2024-08-10 06:20:00 UTC,70000110352,70000110352,70000110352,2024-08-09 06:22:09 UTC,2024-08-09 06:22:58 UTC,,,2024-08-09 06:20:55 UTC
70011558406,Follow up,Client says he has done funding in 2006 and 2007 for this project. Client says kamal is known to me. Advice me to forward details through whats app. And revert back if needed,Completed,2024-08-11 06:34:00 UTC,70000110352,70000110352,70000110352,2024-08-10 06:36:41 UTC,2024-08-10 06:36:41 UTC,,,2024-08-10 06:34:46 UTC
70011558510,follow up,Client says he is hospitalized yesterday will have site visit after ten days once he is all right,Completed,2024-08-11 06:39:00 UTC,70000110352,70000110352,70000110352,2024-08-10 06:41:39 UTC,2024-08-10 06:41:39 UTC,,,2024-08-10 06:39:57 UTC
70011575023,caroet area,Client need 4 bhk flat  with carpet area 2000 sqft.. only budget is up to 4 cr only. Client need location at adayar only,Completed,2024-08-13 06:44:00 UTC,70000110352,70000110352,70000110352,2024-08-12 06:51:39 UTC,2024-08-12 06:51:39 UTC,,,2024-08-12 06:44:38 UTC
70011575463,Follow up,Client adviced me to call him After 5 pm today,Completed,2024-08-13 07:12:00 UTC,70000110352,70000110352,70000110352,2024-08-12 07:12:43 UTC,2024-08-12 07:12:43 UTC,,,2024-08-12 07:12:06 UTC
70011576046,follow up 2,"Client intrested in commercial property between t
lic buiding and tirusulam area. And also resindetial he may visit this week end vipassna project once his wife returns from out of station  ",Completed,2024-08-13 07:37:00 UTC,70000110352,70000110352,70000110352,2024-08-12 07:41:04 UTC,2024-08-12 07:41:04 UTC,,,2024-08-12 07:37:45 UTC
70011579620,No response,Ringing no response,Completed,2024-08-13 11:47:00 UTC,70000110352,70000110352,70000110352,2024-08-12 11:48:10 UTC,2024-08-12 11:48:10 UTC,,,2024-08-12 11:47:42 UTC
70011579707,Milange project,This client is intrested in millange project only all details sent through whats app. And also forwarded this lead to mr karthick anarock for future follow ups,Completed,2024-08-13 11:55:00 UTC,70000110352,70000110352,70000110352,2024-08-12 11:56:36 UTC,2024-08-12 11:56:36 UTC,,,2024-08-12 11:55:09 UTC
70011584150,Not yet decided,Client says stilll not yet discussed with family. By this week end they may decide and revert back if needed,Completed,2024-08-14 05:56:00 UTC,70000110352,70000110352,70000110352,2024-08-13 05:58:54 UTC,2024-08-13 05:58:54 UTC,,,2024-08-13 05:56:53 UTC
70011584211,Bad timing,The number you are calling is out of network coverage area.. Will again try some time later,Completed,2024-08-14 06:04:00 UTC,70000110352,70000110352,70000110352,2024-08-13 06:09:11 UTC,2024-08-13 06:09:11 UTC,,,2024-08-13 06:04:39 UTC
70011584219,Bad timing,The number you are trying to reach is out of network coverage area.. Will try some time later,Completed,2024-08-14 06:09:00 UTC,70000110352,70000110352,70000110352,2024-08-13 06:10:27 UTC,2024-08-13 06:10:27 UTC,,,2024-08-13 06:09:23 UTC
70011585734,Spa centre,This client is a Spa centre no intrested in buying any property,Completed,2024-08-14 07:38:00 UTC,70000110352,70000110352,70000110352,2024-08-13 07:40:45 UTC,2024-08-13 07:40:45 UTC,,,2024-08-13 07:38:09 UTC
70011588434,Vaniya vilas project,Client need 3bhk flat in vaniya vilas project. All details sent through whats app. Client we see the site and then decide. Further follow up mr vinod will do for this project only,Completed,2024-08-14 10:20:00 UTC,70000110352,70000110352,70000110352,2024-08-13 10:22:04 UTC,2024-08-13 10:22:04 UTC,,,2024-08-13 10:20:15 UTC
70011593011,Milange project,This client is intrested in milange project only. Forwarded all project details through whats app. Client will come down to chennai in the month of september. In future me karthik will follow from anarock,Completed,2024-08-15 06:30:00 UTC,70000110352,70000110352,70000110352,2024-08-14 06:32:30 UTC,2024-08-14 06:32:30 UTC,,,2024-08-14 06:30:29 UTC
70011593573,Villa Plot,Client says his family is more concern of safety. Plot no2/1/3 are next to compound area. Client family feels moe isolated area as well as behind compound there is a bush where snakes and reptiles are coming ,Completed,2024-08-15 07:02:00 UTC,70000110352,70000110352,70000110352,2024-08-14 07:06:12 UTC,2024-08-14 07:06:12 UTC,,,2024-08-14 07:02:38 UTC
70011594103,Bad timing,The person you are calling is not answering. Will try some time later,Completed,2024-08-15 07:35:00 UTC,70000110352,70000110352,70000110352,2024-08-14 07:35:45 UTC,2024-08-14 07:35:45 UTC,,,2024-08-14 07:35:04 UTC
70011614796,Site Visit done. ,Customer has done site visit yesterday along with her mother. Only his wife will have a site visit on aug24 th and take a final call.. ,Completed,2024-08-17 05:37:00 UTC,70000110352,70000110352,70000110352,2024-08-16 05:39:03 UTC,2024-08-16 05:39:03 UTC,,,2024-08-16 05:37:20 UTC
70011614952,Not intrested,Client says right now he is not looking for any property,Completed,2024-08-17 06:02:00 UTC,70000110352,70000110352,70000110352,2024-08-16 06:03:32 UTC,2024-08-16 06:03:32 UTC,,,2024-08-16 06:02:53 UTC
70011615049,Not intrested,Client says right now he is not looking for any property and says no,Completed,2024-08-17 06:14:00 UTC,70000110352,70000110352,70000110352,2024-08-16 06:14:53 UTC,2024-08-16 06:14:53 UTC,,,2024-08-16 06:14:07 UTC
70011625572,Bad timing,Tried calling so many times... Client si disconnecting my calls will call some times later,Completed,2024-08-18 09:25:00 UTC,70000110352,70000110352,70000110352,2024-08-17 09:26:37 UTC,2024-08-17 09:26:37 UTC,,,2024-08-17 09:25:36 UTC
70011625620,Bad Timing,Client says he is in movie and outing along with family Advice me to call him on monday,Completed,2024-08-18 09:37:00 UTC,70000110352,70000110352,70000110352,2024-08-17 09:38:35 UTC,2024-08-17 09:38:35 UTC,,,2024-08-17 09:37:09 UTC
70011625697,Out of service,The number you are calling is temporary out of service,Completed,2024-08-18 09:44:00 UTC,70000110352,70000110352,70000110352,2024-08-17 09:45:28 UTC,2024-08-17 09:45:28 UTC,,,2024-08-17 09:44:50 UTC
70011625884,Next saturday site visit,Client intrested in milange project only. Client will visit site next saturday and then take a call,Completed,2024-08-18 09:54:00 UTC,70000110352,70000110352,70000110352,2024-08-17 09:55:27 UTC,2024-08-17 09:55:27 UTC,,,2024-08-17 09:54:16 UTC
70011626019,Call you later pls,Tried calling so many times. ringing no response Then later client responded and said will call you later..,Completed,2024-08-18 10:00:00 UTC,70000110352,70000110352,70000110352,2024-08-17 10:04:08 UTC,2024-08-17 10:04:08 UTC,,,2024-08-17 10:00:38 UTC
70011626139,Bad timing,"Tried calling so many times client is disconnecting my calls, All details sent through whats app. Again wqill try to call her after some time later",Completed,2024-08-18 10:20:00 UTC,70000110352,70000110352,70000110352,2024-08-17 10:21:42 UTC,2024-08-17 10:21:42 UTC,,,2024-08-17 10:20:16 UTC
70011636542,Bad timing,Client said right now she is in office she will call me back once she is free,Completed,2024-08-20 06:05:00 UTC,70000110352,70000110352,70000110352,2024-08-19 06:05:59 UTC,2024-08-19 06:05:59 UTC,,,2024-08-19 06:05:03 UTC
70011636617,Follow up,Client says it is not the right time to discuss right now advice me to call him on coming sunday,Completed,2024-08-20 06:18:00 UTC,70000110352,70000110352,70000110352,2024-08-19 06:19:56 UTC,2024-08-19 06:19:56 UTC,,,2024-08-19 06:18:53 UTC
70011637429,bad timing,Ringing no response will try some time later,Completed,2024-08-20 07:19:00 UTC,70000110352,70000110352,70000110352,2024-08-19 07:20:20 UTC,2024-08-19 07:20:20 UTC,,,2024-08-19 07:19:44 UTC
70011645456,Not connecting,Line gets disconnected tried calling so many times,Completed,2024-08-21 06:06:00 UTC,70000110352,70000110352,70000110352,2024-08-20 06:07:22 UTC,2024-08-20 06:07:22 UTC,,,2024-08-20 06:06:40 UTC
70011645480,Banglore project,Client is intrested in koromongala project only no where else,Completed,2024-08-21 06:10:00 UTC,70000110352,70000110352,70000110352,2024-08-20 06:11:05 UTC,2024-08-20 06:11:05 UTC,,,2024-08-20 06:10:25 UTC
70011645826,No response,Ringing no response.. Tried calling so many times,Completed,2024-08-21 06:44:00 UTC,70000110352,70000110352,70000110352,2024-08-20 06:45:14 UTC,2024-08-20 06:45:14 UTC,,,2024-08-20 06:44:32 UTC
70011645876,Not intrested,Client is not looking any property right now...,Completed,2024-08-21 06:48:00 UTC,70000110352,70000110352,70000110352,2024-08-20 06:49:08 UTC,2024-08-20 06:49:08 UTC,,,2024-08-20 06:48:20 UTC
70011646061,Not yet decided,Discussed with client now. Client says will call back once they decide,Completed,2024-08-21 07:02:00 UTC,70000110352,70000110352,70000110352,2024-08-20 07:03:03 UTC,2024-08-20 07:03:03 UTC,,,2024-08-20 07:02:16 UTC
70011652272,No response,Tried calling so many times since yesterday client is not responding my calls,Completed,2024-08-22 05:22:00 UTC,70000110352,70000110352,70000110352,2024-08-21 05:23:08 UTC,2024-08-21 05:23:31 UTC,No response,,2024-08-21 05:23:31 UTC
70011652405,Not yet decided,Client says still not yet decided will revert back once they decide. till then do not disturb,Completed,2024-08-22 05:40:00 UTC,70000110352,70000110352,70000110352,2024-08-21 05:41:32 UTC,2024-08-21 05:41:32 UTC,,,2024-08-21 05:40:33 UTC
70011692593,Only residential plots needed,Client need residential plots only. Unfortunately all plots sold out. Client need plot only in omr,Completed,2024-08-27 06:59:00 UTC,70000110352,70000110352,70000110352,2024-08-26 07:01:03 UTC,2024-08-26 07:01:03 UTC,,,2024-08-26 06:59:44 UTC
70011700343,Foloow up,Client said there parents coming down to chennai on september 10th for site visit and then decide,Completed,2024-08-28 05:56:00 UTC,70000110352,70000110352,70000110352,2024-08-27 05:57:41 UTC,2024-08-27 05:57:41 UTC,,,2024-08-27 05:56:29 UTC
70011701034,Residential plot,Client looking plot only at navallor in gwc project only. Only residential,Completed,2024-08-28 06:54:00 UTC,70000110352,70000110352,70000110352,2024-08-27 06:55:55 UTC,2024-08-27 06:55:55 UTC,,,2024-08-27 06:54:56 UTC
70011701763,Navaloor plot,Client need one ground plot in navaloor only not commercial plots.,Completed,2024-08-28 07:27:00 UTC,70000110352,70000110352,70000110352,2024-08-27 07:28:25 UTC,2024-08-27 07:28:25 UTC,,,2024-08-27 07:27:16 UTC
70011701846,Wrong number,The dialed number does not exist pls check the number you have dialed,Completed,2024-08-28 07:31:00 UTC,70000110352,70000110352,70000110352,2024-08-27 07:32:33 UTC,2024-08-27 07:32:33 UTC,,,2024-08-27 07:31:54 UTC
70011710786,Registration issue,Guidline value increased . And some issue in registration norms. So unable to sell or unable to give flat on rent . Till problem gets solve,Completed,2024-08-29 07:31:00 UTC,70000110352,70000110352,70000110352,2024-08-28 07:33:14 UTC,2024-08-28 07:33:14 UTC,,,2024-08-28 07:31:29 UTC
70011714078,Registration issue,Due to guide line value rate diffence still not sorted out . Till then sales kept on hold,Completed,2024-08-29 11:14:00 UTC,70000110352,70000110352,70000110352,2024-08-28 11:15:05 UTC,2024-08-28 11:15:05 UTC,,,2024-08-28 11:14:04 UTC
70011728234,Follow up,Client said right now she is in meeting will call her again later. She said will revert back once she is free,Completed,2024-08-31 08:48:00 UTC,70000110352,70000110352,70000110352,2024-08-30 08:50:02 UTC,2024-08-30 08:50:02 UTC,,,2024-08-30 08:48:53 UTC
70011728300,Esta project,Client said will call back with in half an hour. Right he si driving a car,Completed,2024-08-31 08:53:00 UTC,70000110352,70000110352,70000110352,2024-08-30 08:54:45 UTC,2024-08-30 08:54:45 UTC,,,2024-08-30 08:53:44 UTC
70011733465,Ringing no response,Again tried calling now client is not answering my calls.. Will try some time later,Completed,2024-09-01 05:49:00 UTC,70000110352,70000110352,70000110352,2024-08-31 05:50:30 UTC,2024-08-31 05:50:30 UTC,,,2024-08-31 05:49:31 UTC
70011733556,Lost to compititor,Discussed with client .Client says one Mr sridhar has quoted 140cr plus registration.. Client also says the his budget is up to 1.20cr only so he has booked in brigade property,Completed,2024-09-01 06:03:00 UTC,70000110352,70000110352,70000110352,2024-08-31 06:06:12 UTC,2024-08-31 06:06:12 UTC,,,2024-08-31 06:03:55 UTC
70011733602,Future project,Client looking a plot inside chennai only.. No where else,Completed,2024-09-01 06:12:00 UTC,70000110352,70000110352,70000110352,2024-08-31 06:13:20 UTC,2024-08-31 06:13:20 UTC,,,2024-08-31 06:12:29 UTC
70011733629,BAd timing,Client says right now he is going for movie will revert back later,Completed,2024-09-01 06:17:00 UTC,70000110352,70000110352,70000110352,2024-08-31 06:17:48 UTC,2024-08-31 06:17:48 UTC,,,2024-08-31 06:17:05 UTC
70011734648,BAd timing,Your call has been forwarded to voice mail.. the person you are calling is right now not available,Completed,2024-09-01 07:18:00 UTC,70000110352,70000110352,70000110352,2024-08-31 07:19:38 UTC,2024-08-31 07:19:38 UTC,,,2024-08-31 07:18:35 UTC
70011737038,Not well,Client wife says he is not well. Pls send all details through whats app.. Will revert back once he is alright,Completed,2024-09-01 09:38:00 UTC,70000110352,70000110352,70000110352,2024-08-31 09:39:51 UTC,2024-08-31 09:39:51 UTC,,,2024-08-31 09:38:41 UTC
70011737136,BAd timing,Ringing no response will try to call some time later,Completed,2024-09-01 09:46:00 UTC,70000110352,70000110352,70000110352,2024-08-31 09:46:45 UTC,2024-08-31 09:46:45 UTC,,,2024-08-31 09:46:09 UTC
70011737252,Porur,Client need senior living property in porur area ...only,Completed,2024-09-01 09:52:00 UTC,70000110352,70000110352,70000110352,2024-08-31 09:53:34 UTC,2024-08-31 09:53:34 UTC,,,2024-08-31 09:52:40 UTC
70011737414,Rental,Discussed again with client now. Client need two bhk flat on rent budget up to 15000rs per month area looking from thoraipakkam to shollingnallur,Completed,2024-09-01 10:07:00 UTC,70000110352,70000110352,70000110352,2024-08-31 10:08:55 UTC,2024-08-31 10:08:55 UTC,,,2024-08-31 10:07:39 UTC
70011737426,not intrested,Client says thank you..Not intrested,Completed,2024-09-01 10:11:00 UTC,70000110352,70000110352,70000110352,2024-08-31 10:11:57 UTC,2024-08-31 10:11:57 UTC,,,2024-08-31 10:11:20 UTC
70011757703,Rental,Client need 2000 sqft of flat on rent in arihant aira egmore,Completed,2024-09-04 05:38:00 UTC,70000110352,70000110352,70000110352,2024-09-03 05:39:26 UTC,2024-09-03 05:39:26 UTC,,,2024-09-03 05:38:21 UTC
70011757789,Client budget 1.2 crores only,Our project starts from 1.6 crores onwards and client budget is up to 1.2 crores only,Completed,2024-09-04 05:48:00 UTC,70000110352,70000110352,70000110352,2024-09-03 05:50:14 UTC,2024-09-03 05:50:14 UTC,,,2024-09-03 05:48:57 UTC
70011757816,BAd timing,The number you have dialed is switched off.. Will try some time later,Completed,2024-09-04 05:53:00 UTC,70000110352,70000110352,70000110352,2024-09-03 05:53:57 UTC,2024-09-03 05:53:57 UTC,,,2024-09-03 05:53:08 UTC
70011757900,Na,This client is a Channel partner looking apartment for his client in vaniya vilas project,Completed,2024-09-04 05:59:00 UTC,70000110352,70000110352,70000110352,2024-09-03 06:01:19 UTC,2024-09-03 06:01:19 UTC,,,2024-09-03 05:59:39 UTC
70011759575,In city limits,Client looking property in alwarpet or mylapore area only,Completed,2024-09-04 07:43:00 UTC,70000110352,70000110352,70000110352,2024-09-03 07:44:52 UTC,2024-09-03 07:44:52 UTC,,,2024-09-03 07:43:32 UTC
70011759695,Extension Number,Tried calling so many times. It says Pls dialed the extension number,Completed,2024-09-04 07:50:00 UTC,70000110352,70000110352,70000110352,2024-09-03 07:52:12 UTC,2024-09-03 07:52:12 UTC,,,2024-09-03 07:50:11 UTC
70011759813,bad timing,The number you have dialed does not exit pls check the number you have dialed. Tried calling so many times,Completed,2024-09-04 07:57:00 UTC,70000110352,70000110352,70000110352,2024-09-03 07:59:13 UTC,2024-09-03 07:59:13 UTC,,,2024-09-03 07:57:57 UTC
70011762389,residential plots,Client need one ground plot in green wood city plots only not commercial. Unfortunately all plots sold out,Completed,2024-09-04 10:31:00 UTC,70000110352,70000110352,70000110352,2024-09-03 10:33:31 UTC,2024-09-03 10:33:31 UTC,,,2024-09-03 10:31:41 UTC
70011762620,Rental,Discussed with client.. Client need 3 bhk apartment in ramapuram/ guindy or shollingnallur on rent,Completed,2024-09-04 10:57:00 UTC,70000110352,70000110352,70000110352,2024-09-03 10:59:46 UTC,2024-09-03 10:59:46 UTC,,,2024-09-03 10:57:50 UTC
70011762836,No response,Ringing no response,Completed,2024-09-04 11:34:00 UTC,70000110352,70000110352,70000110352,2024-09-03 11:35:26 UTC,2024-09-03 11:35:26 UTC,,,2024-09-03 11:34:55 UTC
70011766809,Residential plots only ,Client need residential plots only not commercial in green wood city projects,Completed,2024-09-05 06:43:00 UTC,70000110352,70000110352,70000110352,2024-09-04 06:44:49 UTC,2024-09-04 06:44:49 UTC,,,2024-09-04 06:43:48 UTC
70011766879,Wrong number,The dialed number does not exist pls check the number you have dialed.. tried calling so many times,Completed,2024-09-05 06:48:00 UTC,70000110352,70000110352,70000110352,2024-09-04 06:49:16 UTC,2024-09-04 06:49:16 UTC,,,2024-09-04 06:48:05 UTC
70011787086,Vaastu Person,Having discussed with client now. All detaisl sent through whats app.. Client says once his vastu consaltant approves then only he may consider to buy or not,Completed,2024-09-07 10:21:00 UTC,70000110352,70000110352,70000110352,2024-09-06 10:24:44 UTC,2024-09-06 10:24:44 UTC,,,2024-09-06 10:21:52 UTC
70011801323,Out of service,The number you are calling is temporary out of service,Completed,2024-09-10 06:38:00 UTC,70000110352,70000110352,70000110352,2024-09-09 06:39:48 UTC,2024-09-09 06:39:48 UTC,,,2024-09-09 06:38:48 UTC
70011801612,Not able to reach,The person you are calling is currently busy. Tried calling so many times,Completed,2024-09-10 06:53:00 UTC,70000110352,70000110352,70000110352,2024-09-09 06:54:11 UTC,2024-09-09 06:54:11 UTC,,,2024-09-09 06:53:23 UTC
70011802421,BAd timing,The number you have dialed is currently busy....Pls try after some time,Completed,2024-09-10 07:35:00 UTC,70000110352,70000110352,70000110352,2024-09-09 07:36:26 UTC,2024-09-09 07:36:26 UTC,,,2024-09-09 07:35:44 UTC
70011802521,BAd timing,The number you are trying to reach either switched off or not reachable,Completed,2024-09-10 07:39:00 UTC,70000110352,70000110352,70000110352,2024-09-09 07:41:03 UTC,2024-09-09 07:41:03 UTC,,,2024-09-09 07:40:02 UTC
70011804803,No response,The number you have dialed is currently busy..Pls try later,Completed,2024-09-10 09:53:00 UTC,70000110352,70000110352,70000110352,2024-09-09 09:54:09 UTC,2024-09-09 09:54:09 UTC,,,2024-09-09 09:53:30 UTC
70011804912,No response,The person you are calling is not answering pls try later,Completed,2024-09-10 09:58:00 UTC,70000110352,70000110352,70000110352,2024-09-09 09:59:29 UTC,2024-09-09 09:59:29 UTC,,,2024-09-09 09:58:52 UTC
70011804945,Bad timing,Client said right now he is in a meeting will revert back in meeting once he is free,Completed,2024-09-10 10:02:00 UTC,70000110352,70000110352,70000110352,2024-09-09 10:03:54 UTC,2024-09-09 10:03:54 UTC,,,2024-09-09 10:02:59 UTC
70011805073,Site visit completed,Client visited site last sunday along with vaastu person. Now customer disconnect my calls. ,Completed,2024-09-10 10:16:00 UTC,70000110352,70000110352,70000110352,2024-09-09 10:18:33 UTC,2024-09-09 10:18:33 UTC,,,2024-09-09 10:16:56 UTC
70011805612,Bad timing,Client is disconnecting my calls right now will try some time later,Completed,2024-09-10 11:30:00 UTC,70000110352,70000110352,70000110352,2024-09-09 11:31:23 UTC,2024-09-09 11:31:23 UTC,,,2024-09-09 11:30:21 UTC
70011809399,Not intrested,Client didnt like the plot due to extreme end and less safety,Completed,2024-09-11 06:34:00 UTC,70000110352,70000110352,70000110352,2024-09-10 06:37:06 UTC,2024-09-10 06:37:06 UTC,,,2024-09-10 06:36:19 UTC
70011809721,Looking property at tnagar only,Discussed with client now. Client says he needs 3 bhk property at tnagar only..Discussed about vipaasna. Client says he may visit site this weekend and then decide. All details sent through whats app,Completed,2024-09-11 06:54:00 UTC,70000110352,70000110352,70000110352,2024-09-10 06:57:01 UTC,2024-09-10 06:57:01 UTC,,,2024-09-10 06:54:36 UTC
70011809997,Follow up,Client said will respond through whats app. All details sent through whats app. Client said will check and revert back,Completed,2024-09-11 07:10:00 UTC,70000110352,70000110352,70000110352,2024-09-10 07:11:58 UTC,2024-09-10 07:11:58 UTC,,,2024-09-10 07:10:31 UTC
70011810104,Not reachable,The  number you are calling is not reachable ...tried calling so many times,Completed,2024-09-11 07:16:00 UTC,70000110352,70000110352,70000110352,2024-09-10 07:17:43 UTC,2024-09-10 07:17:43 UTC,,,2024-09-10 07:16:08 UTC
70011813653,budget,Client budget is up to 1.5 crore only wanted three bhk flat in R.A puram area /mandaveli/Abhiram puram,Completed,2024-09-11 11:34:00 UTC,70000110352,70000110352,70000110352,2024-09-10 11:39:45 UTC,2024-09-10 11:39:45 UTC,,,2024-09-10 11:34:27 UTC
70011817198,Whats app message,Client said send me whats app message will revert back if needed ,Completed,2024-09-12 05:41:00 UTC,70000110352,70000110352,70000110352,2024-09-11 05:42:50 UTC,2024-09-11 05:42:50 UTC,,,2024-09-11 05:42:00 UTC
70011817239,Vendor,This client is a vendor.....Web designing cum builder,Completed,2024-09-12 05:50:00 UTC,70000110352,70000110352,70000110352,2024-09-11 05:51:48 UTC,2024-09-11 05:51:48 UTC,,,2024-09-11 05:50:37 UTC
70011817398,Site visit done,Client said his father have visited site two weeks back. His father feels maintaince cost is too high. Have convinced client regarding maintenece. Client said will discuss with his father and revert back,Completed,2024-09-12 06:16:00 UTC,70000110352,70000110352,70000110352,2024-09-11 06:18:12 UTC,2024-09-11 06:18:12 UTC,,,2024-09-11 06:16:05 UTC
70011817424,Not yet decided,Client is responding through whats app. Client said they haven yet decided once they decide will revert back if needed,Completed,2024-09-12 06:21:00 UTC,70000110352,70000110352,70000110352,2024-09-11 06:23:33 UTC,2024-09-11 06:23:33 UTC,,,2024-09-11 06:21:44 UTC
70011817480,No respone,The person you are calling is not answering pls try later. Tried calling so many times,Completed,2024-09-12 06:30:00 UTC,70000110352,70000110352,70000110352,2024-09-11 06:30:57 UTC,2024-09-11 06:30:57 UTC,,,2024-09-11 06:30:04 UTC
70011817612,Ringing no response,The number you have dialed is not answering...Will again try later,Completed,2024-09-12 06:38:00 UTC,70000110352,70000110352,70000110352,2024-09-11 06:39:46 UTC,2024-09-11 06:39:46 UTC,,,2024-09-11 06:38:43 UTC
70011825651,Not intrested,Client says right now he is not intrested in buying  any property ,Completed,2024-09-13 07:44:00 UTC,70000110352,70000110352,70000110352,2024-09-12 07:45:26 UTC,2024-09-12 07:45:26 UTC,,,2024-09-12 07:44:24 UTC
70011826828,Villa plot,Again discussed with client now. Client says still they are in native place will revert back after two weeks,Completed,2024-09-13 09:01:00 UTC,70000110352,70000110352,70000110352,2024-09-12 09:03:32 UTC,2024-09-12 09:03:32 UTC,,,2024-09-12 09:01:57 UTC
70011832006,Not intrested,Client is not intrested in buying any property as of now,Completed,2024-09-14 06:17:00 UTC,70000110352,70000110352,70000110352,2024-09-13 06:18:41 UTC,2024-09-13 06:18:41 UTC,,,2024-09-13 06:17:51 UTC
70011832053,Not intrested,Client says no..no and cuts the call. as of now not intrested,Completed,2024-09-14 06:25:00 UTC,70000110352,70000110352,70000110352,2024-09-13 06:26:15 UTC,2024-09-13 06:26:15 UTC,,,2024-09-13 06:25:07 UTC
70011832129,Wrong number,The dialed number does not exist.. Pls check the number you have dialed,Completed,2024-09-14 06:32:00 UTC,70000110352,70000110352,70000110352,2024-09-13 06:33:01 UTC,2024-09-13 06:33:01 UTC,,,2024-09-13 06:32:14 UTC
70011832240,Follow up,Client says by next week end he may look into it and advice me to follow him by next week end,Completed,2024-09-14 06:39:00 UTC,70000110352,70000110352,70000110352,2024-09-13 06:40:38 UTC,2024-09-13 06:40:38 UTC,,,2024-09-13 06:39:49 UTC
70011832374,No response from client,As of now client is not responding any whats app messages will try again some time later,Completed,2024-09-14 06:48:00 UTC,70000110352,70000110352,70000110352,2024-09-13 06:50:14 UTC,2024-09-13 06:50:14 UTC,,,2024-09-13 06:48:57 UTC
70011832426,Not yet decided,Client says still havent decided will revert back if needed,Completed,2024-09-14 06:51:00 UTC,70000110352,70000110352,70000110352,2024-09-13 06:52:34 UTC,2024-09-13 06:52:34 UTC,,,2024-09-13 06:51:56 UTC
70011832559,Bad timing,The number you are trying to call. IS not answering tried calling so many times,Completed,2024-09-14 07:00:00 UTC,70000110352,70000110352,70000110352,2024-09-13 07:01:13 UTC,2024-09-13 07:01:13 UTC,,,2024-09-13 07:00:27 UTC
70011832768,BAd timing,The person you are calling is not answering.. tried calling so many times.. Will again try some time later,Completed,2024-09-14 07:11:00 UTC,70000110352,70000110352,70000110352,2024-09-13 07:12:46 UTC,2024-09-13 07:12:46 UTC,,,2024-09-13 07:11:47 UTC
70011832846,BAd timing,Client is disconnecting my calls tried calling so many times. All details sent through whats app,Completed,2024-09-14 07:15:00 UTC,70000110352,70000110352,70000110352,2024-09-13 07:16:34 UTC,2024-09-13 07:16:34 UTC,,,2024-09-13 07:15:21 UTC
70011840180,Follow up,Client said right now he is in meeting advice me to forward all details in whats app. Client said will revert back if needed,Completed,2024-09-15 06:21:00 UTC,70000110352,70000110352,70000110352,2024-09-14 06:22:10 UTC,2024-09-14 06:22:10 UTC,,,2024-09-14 06:21:02 UTC
70011841933,Bad timing,The number you have dialed is currently busy.. Pls try later,Completed,2024-09-15 09:03:00 UTC,70000110352,70000110352,70000110352,2024-09-14 09:04:40 UTC,2024-09-14 09:04:40 UTC,,,2024-09-14 09:04:01 UTC
70011860807,Disconnecting calls,Client is disconnecting calls tried calling so many times. All details sent through whats app,Completed,2024-09-17 06:33:00 UTC,70000110352,70000110352,70000110352,2024-09-16 06:35:01 UTC,2024-09-16 06:35:01 UTC,,,2024-09-16 06:33:53 UTC
70011860889,Follow up,Client says he is in bad shape now and not well advice me to call him back on next monday ,Completed,2024-09-17 06:38:00 UTC,70000110352,70000110352,70000110352,2024-09-16 06:41:09 UTC,2024-09-16 06:41:09 UTC,,,2024-09-16 06:38:45 UTC
70011860949,Follow up,Client says will let you know once decided ,Completed,2024-09-17 06:43:00 UTC,70000110352,70000110352,70000110352,2024-09-16 06:45:34 UTC,2024-09-16 06:45:34 UTC,,,2024-09-16 06:43:15 UTC
70011864210,Villa plots,Client says right now he is in meeting advice me to forward all details through whats app along with location . ,Completed,2024-09-17 09:40:00 UTC,70000110352,70000110352,70000110352,2024-09-16 09:41:18 UTC,2024-09-16 09:41:18 UTC,,,2024-09-16 09:40:07 UTC
70011864425,Number busy,The number you have dialed is currently busy.. Will try some time later,Completed,2024-09-17 09:51:00 UTC,70000110352,70000110352,70000110352,2024-09-16 09:52:35 UTC,2024-09-16 09:52:35 UTC,,,2024-09-16 09:51:32 UTC
70011865157,BAd timing,Client is disconnecting my calls now tried calling so many times,Completed,2024-09-17 11:03:00 UTC,70000110352,70000110352,70000110352,2024-09-16 11:04:29 UTC,2024-09-16 11:04:29 UTC,,,2024-09-16 11:03:47 UTC
70011869273,Not yet decided,Client says the same answer will revert back once they decide,Completed,2024-09-18 06:38:00 UTC,70000110352,70000110352,70000110352,2024-09-17 06:39:24 UTC,2024-09-17 06:39:24 UTC,,,2024-09-17 06:38:36 UTC
70011869345,Not responding,Client is not responding any wahts app messages nor answering my calls as of now,Completed,2024-09-18 06:42:00 UTC,70000110352,70000110352,70000110352,2024-09-17 06:43:02 UTC,2024-09-17 06:43:02 UTC,,,2024-09-17 06:42:08 UTC
70011869394,Ringing no response,The person you are calling is not answering.. Will try later,Completed,2024-09-18 06:45:00 UTC,70000110352,70000110352,70000110352,2024-09-17 06:46:19 UTC,2024-09-17 06:46:19 UTC,,,2024-09-17 06:45:35 UTC
70011869420,No response,Tried calling so many times.. no response,Completed,2024-09-18 06:47:00 UTC,70000110352,70000110352,70000110352,2024-09-17 06:48:12 UTC,2024-09-17 06:48:12 UTC,,,2024-09-17 06:47:37 UTC
70011876845,Villa plots,After explaining all details of our project. Client says will discuss and let you know if needed,Completed,2024-09-19 05:50:00 UTC,70000110352,70000110352,70000110352,2024-09-18 05:51:58 UTC,2024-09-18 05:51:58 UTC,,,2024-09-18 05:50:22 UTC
70011877091,BAd timing,Client says will call back later right now in a meeting,Completed,2024-09-19 06:25:00 UTC,70000110352,70000110352,70000110352,2024-09-18 06:26:05 UTC,2024-09-18 06:26:05 UTC,,,2024-09-18 06:25:12 UTC
70011877134,BAd timing,Again tried calling to client. Client is disconnecting my call.. May try to call again later,Completed,2024-09-19 06:29:00 UTC,70000110352,70000110352,70000110352,2024-09-18 06:30:53 UTC,2024-09-18 06:30:53 UTC,,,2024-09-18 06:29:38 UTC
70011877273,Channel partner,This client is channel partner....real estate,Completed,2024-09-19 06:37:00 UTC,70000110352,70000110352,70000110352,2024-09-18 06:38:19 UTC,2024-09-18 06:38:19 UTC,,,2024-09-18 06:37:20 UTC
70011877454,Bad timing,Client is disconnecting right now will try again to call him later,Completed,2024-09-19 06:48:00 UTC,70000110352,70000110352,70000110352,2024-09-18 06:49:35 UTC,2024-09-18 06:49:35 UTC,,,2024-09-18 06:48:47 UTC
70011877739,Vaniya vilas project,Client is intrested in vaniya vilas project. But totally upset because its only pure vegitertian. Started shouting at me,Completed,2024-09-19 07:05:00 UTC,70000110352,70000110352,70000110352,2024-09-18 07:07:28 UTC,2024-09-18 07:07:28 UTC,,,2024-09-18 07:06:01 UTC
70011879743,Ngo Trust,This client is a ngo trust wanted donation for poor children,Completed,2024-09-19 09:25:00 UTC,70000110352,70000110352,70000110352,2024-09-18 09:25:52 UTC,2024-09-18 09:25:52 UTC,,,2024-09-18 09:25:07 UTC
70011879901,Villa Plot,Discussed with client now over phone. all details sent through whats app. Client said by this weekend will try to have site visit and then decide,Completed,2024-09-19 09:35:00 UTC,70000110352,70000110352,70000110352,2024-09-18 09:37:36 UTC,2024-09-18 09:37:36 UTC,,,2024-09-18 09:36:01 UTC
70011880043,On Hold,Due to guide line difference sale has kep on hold. Already explained to client,Completed,2024-09-19 09:45:00 UTC,70000110352,70000110352,70000110352,2024-09-18 09:47:08 UTC,2024-09-18 09:47:08 UTC,,,2024-09-18 09:45:52 UTC
70011880650,vipassna,Tried calling so many times client is not responding will again try some time later,Completed,2024-09-19 10:51:00 UTC,70000110352,70000110352,70000110352,2024-09-18 10:52:43 UTC,2024-09-18 10:52:43 UTC,,,2024-09-18 10:51:51 UTC
70011880754,BAd timing,Ringing no response,Completed,2024-09-19 11:05:00 UTC,70000110352,70000110352,70000110352,2024-09-18 11:06:04 UTC,2024-09-18 11:06:04 UTC,,,2024-09-18 11:05:30 UTC
70011885024,kelambakkam area,Discussed with client now. Client says they are looking property in between perangulatur and kelambakkam only .Next to college area ,Completed,2024-09-20 06:24:00 UTC,70000110352,70000110352,70000110352,2024-09-19 06:26:59 UTC,2024-09-19 06:26:59 UTC,,,2024-09-19 06:24:35 UTC
70011885505,Vendor,This client is a vendor . They do interior design work,Completed,2024-09-20 07:03:00 UTC,70000110352,70000110352,70000110352,2024-09-19 07:04:08 UTC,2024-09-19 07:04:08 UTC,,,2024-09-19 07:03:27 UTC
70011885677,Saidapet or saligramam,Client said to remind him on saturday by 11.30 am. Will decide either saidapet or saligramam,Completed,2024-09-20 07:15:00 UTC,70000110352,70000110352,70000110352,2024-09-19 07:17:14 UTC,2024-09-19 07:17:14 UTC,,,2024-09-19 07:15:19 UTC
70011885821,Villa Plots,Discussed with client last evening regarding villa plots. Client said will try visit site by next week end,Completed,2024-09-20 07:22:00 UTC,70000110352,70000110352,70000110352,2024-09-19 07:24:40 UTC,2024-09-19 07:24:40 UTC,,,2024-09-19 07:22:58 UTC
70011885883,Saidpet,The same client has been followed by the channel partner. Let management decide if client close the deal through cp,Completed,2024-09-20 07:27:00 UTC,70000110352,70000110352,70000110352,2024-09-19 07:28:36 UTC,2024-09-19 07:28:36 UTC,,,2024-09-19 07:27:24 UTC
70011892539,Villa Plot,The person you are calling is not available you have been forwarded to voice mail box..All details sent through email to client,Completed,2024-09-21 05:20:00 UTC,70000110352,70000110352,70000110352,2024-09-20 05:23:34 UTC,2024-09-20 05:23:34 UTC,,,2024-09-20 05:20:10 UTC
70011892574,Not getting connected,Number not getting connected....Tried calling so many times,Completed,2024-09-21 05:28:00 UTC,70000110352,70000110352,70000110352,2024-09-20 05:29:26 UTC,2024-09-20 05:29:26 UTC,,,2024-09-20 05:28:16 UTC
70011892652,Voice MaIL,The Client need space for 1500 sqft space for shop in chennai like tnagar/ adyar only,Completed,2024-09-21 05:33:00 UTC,70000110352,70000110352,70000110352,2024-09-20 05:43:13 UTC,2024-09-20 05:43:13 UTC,,,2024-09-20 05:33:57 UTC
70011892701,Villa Plots,Right now client is driving his vehicle advice me to forward all details through email or whats app,Completed,2024-09-21 05:50:00 UTC,70000110352,70000110352,70000110352,2024-09-20 05:51:53 UTC,2024-09-20 05:51:53 UTC,,,2024-09-20 05:50:04 UTC
70011892772,Rnr2,The person you are calling is not answering. Pls try later. ,Completed,2024-09-21 05:59:00 UTC,70000110352,70000110352,70000110352,2024-09-20 06:00:19 UTC,2024-09-20 06:00:19 UTC,,,2024-09-20 05:59:37 UTC
70011892874,Villa Plot,Discussed with client ..All details sent through whats app. Client said will discuss with her husband and revert back if needed,Completed,2024-09-21 06:10:00 UTC,70000110352,70000110352,70000110352,2024-09-20 06:15:06 UTC,2024-09-20 06:15:06 UTC,,,2024-09-20 06:10:15 UTC
70011892967,No response,The person you are calling is not answering my calls.. tried calling so many times,Completed,2024-09-21 06:22:00 UTC,70000110352,70000110352,70000110352,2024-09-20 06:25:18 UTC,2024-09-20 06:25:18 UTC,,,2024-09-20 06:22:14 UTC
70011897129,Rnr ,The person you are callling is not answering will again try some time later,Completed,2024-09-21 10:53:00 UTC,70000110352,70000110352,70000110352,2024-09-20 10:53:54 UTC,2024-09-20 10:53:54 UTC,,,2024-09-20 10:53:14 UTC
70011900892,Switched off,The number you are trying to reach is switched off,Completed,2024-09-22 06:08:00 UTC,70000110352,70000110352,70000110352,2024-09-21 06:09:12 UTC,2024-09-21 06:09:12 UTC,,,2024-09-21 06:08:36 UTC
70011900937,Villa plot,Discussed with client now. Client said tommorow he will go to ecr as well as maraimalai nagar too To explore some other builders propert too. Evening he may visit villa plots and then decide. Before coming he will give me a call,Completed,2024-09-22 06:15:00 UTC,70000110352,70000110352,70000110352,2024-09-21 06:17:52 UTC,2024-09-21 06:17:52 UTC,,,2024-09-21 06:15:10 UTC
70011900980,Om r plot,Client need plot at omr only..no where else budget of 70 lakhs only,Completed,2024-09-22 06:23:00 UTC,70000110352,70000110352,70000110352,2024-09-21 06:24:12 UTC,2024-09-21 06:24:12 UTC,,,2024-09-21 06:23:19 UTC
70011901180,Milange or other builders property,Client said tommorrow he may visit our site after exploring other builders too before coming will give me a call,Completed,2024-09-22 06:39:00 UTC,70000110352,70000110352,70000110352,2024-09-21 06:40:40 UTC,2024-09-21 06:40:40 UTC,,,2024-09-21 06:39:05 UTC
70011901259,Voice MAil,Your call has been forwarded to voice mail..All details sent through email,Completed,2024-09-22 06:45:00 UTC,70000110352,70000110352,70000110352,2024-09-21 06:46:41 UTC,2024-09-21 06:46:41 UTC,,,2024-09-21 06:45:54 UTC
70011901483,Number not getting connected,Tried calling so many times.. Number not getting connected,Completed,2024-09-22 06:56:00 UTC,70000110352,70000110352,70000110352,2024-09-21 07:00:02 UTC,2024-09-21 07:00:02 UTC,,,2024-09-21 06:56:53 UTC
70011901735,Guduvancherry,Client need guduvanchery area only plot 600 sqft only budget up to 25 lakhs,Completed,2024-09-22 07:14:00 UTC,70000110352,70000110352,70000110352,2024-09-21 07:14:52 UTC,2024-09-21 07:14:52 UTC,,,2024-09-21 07:14:05 UTC
70011901862,rnr,Ringing no response,Completed,2024-09-22 07:22:00 UTC,70000110352,70000110352,70000110352,2024-09-21 07:22:58 UTC,2024-09-21 07:22:58 UTC,,,2024-09-21 07:22:38 UTC
70012429150,Didnt turned up,Client said his wife is not well and not visiting site will let me know asap if needed. Nor channel partner responded,Completed,2024-09-24 06:34:00 UTC,70000110352,70000110352,70000110352,2024-09-23 06:36:08 UTC,2024-09-23 06:36:08 UTC,,,2024-09-23 06:34:27 UTC
70012429192,Site Visit,Tomorrow 11 am - Sri Nivas site,Overdue,2024-09-24 04:30:00 UTC,70000089514,70000089514,70000089514,2024-09-23 06:39:16 UTC,2024-09-23 06:39:16 UTC,,Call reminder,
70012429586,Follow up,Callback after 5pm today,Overdue,2024-09-23 11:00:00 UTC,70000089514,70000089514,70000089514,2024-09-23 07:05:46 UTC,2024-09-23 07:05:46 UTC,,Call reminder,
70012429622,Call back,After 2 pm today ,Overdue,2024-09-23 08:30:00 UTC,70000089514,70000089514,70000089514,2024-09-23 07:07:52 UTC,2024-09-23 07:07:52 UTC,,Call reminder,
70012431568,BAd timing,The person you are calling is not answering pls try later,Completed,2024-09-24 09:11:00 UTC,70000110352,70000110352,70000110352,2024-09-23 09:12:28 UTC,2024-09-23 09:12:28 UTC,,,2024-09-23 09:11:42 UTC
70012432744,Villa Plot,Client called me intrested in 600 sqft plot and advice me to forward all details through whats app..,Completed,2024-09-24 10:55:00 UTC,70000110352,70000110352,70000110352,2024-09-23 10:57:00 UTC,2024-09-23 10:57:00 UTC,,,2024-09-23 10:55:18 UTC
70012448142,RNR,The person you are calling is not answering tried calling from morning,Completed,2024-09-26 10:15:00 UTC,70000110352,70000110352,70000110352,2024-09-25 10:17:01 UTC,2024-09-25 10:17:01 UTC,,,2024-09-25 10:15:27 UTC
70012448165,Commercial,Client is looking for rental in rohini property for his client,Completed,2024-09-26 10:19:00 UTC,70000110352,70000110352,70000110352,2024-09-25 10:20:07 UTC,2024-09-25 10:20:07 UTC,,,2024-09-25 10:19:20 UTC
70012448199,No response,The person you are calling is not answering tried calling so many times,Completed,2024-09-26 10:22:00 UTC,70000110352,70000110352,70000110352,2024-09-25 10:23:18 UTC,2024-09-25 10:23:18 UTC,,,2024-09-25 10:22:29 UTC
70012448229,BAd timing,The person you are calling is not answering.. Pls try later,Completed,2024-09-26 10:28:00 UTC,70000110352,70000110352,70000110352,2024-09-25 10:29:16 UTC,2024-09-25 10:29:16 UTC,,,2024-09-25 10:28:37 UTC
70012448260,Follow up,Since morning client is held up in a meeting . His assitant advice me to call him tommorrow 11 am ,Completed,2024-09-26 10:31:00 UTC,70000110352,70000110352,70000110352,2024-09-25 10:32:47 UTC,2024-09-25 10:32:47 UTC,,,2024-09-25 10:31:46 UTC
70012452711,Vendor,This client is a india build finance company vendor,Completed,2024-09-27 06:53:00 UTC,70000110352,70000110352,70000110352,2024-09-26 06:54:08 UTC,2024-09-26 06:54:08 UTC,,,2024-09-26 06:53:19 UTC
70012452866,vendor,This client is solar power vendor,Completed,2024-09-27 06:59:00 UTC,70000110352,70000110352,70000110352,2024-09-26 07:00:06 UTC,2024-09-26 07:00:06 UTC,,,2024-09-26 06:59:39 UTC
70012453040,Villa plot,While discussing with client .. about our project. Client says send me the detail will look into it and just cut the call,Completed,2024-09-27 07:06:00 UTC,70000110352,70000110352,70000110352,2024-09-26 07:08:43 UTC,2024-09-26 07:08:43 UTC,,,2024-09-26 07:06:52 UTC
70012453074,villa plot,While explaining to client about our project. Suddenly client says send me the detail and just cut the call,Completed,2024-09-27 07:09:00 UTC,70000110352,70000110352,70000110352,2024-09-26 07:10:49 UTC,2024-09-26 07:10:49 UTC,,,2024-09-26 07:09:12 UTC
70012453677,n,The number you are calling is out of network coverage area will try some time later,Completed,2024-09-27 07:33:00 UTC,70000110352,70000110352,70000110352,2024-09-26 07:45:34 UTC,2024-09-26 07:45:34 UTC,,,2024-09-26 07:33:58 UTC
70012453807,villa plot,Client unable to visit site last week Client went to other builders property. Client said this week sunday will visit our site and then decide,Completed,2024-09-27 07:50:00 UTC,70000110352,70000110352,70000110352,2024-09-26 07:52:25 UTC,2024-09-26 07:52:25 UTC,,,2024-09-26 07:50:51 UTC
70012453887,Not intrested,Client says they are not intrested in that location. After having discussed with in there family members,Completed,2024-09-27 07:55:00 UTC,70000110352,70000110352,70000110352,2024-09-26 07:56:54 UTC,2024-09-26 07:56:54 UTC,,,2024-09-26 07:55:53 UTC
70012455226,Call Tomorrow,"",Overdue,2024-09-27 04:30:00 UTC,70000089514,70000089514,70000089514,2024-09-26 09:09:02 UTC,2024-09-26 09:09:02 UTC,,Call reminder,
70012456290,Call back,,Overdue,2024-09-27 05:00:00 UTC,70000089514,70000089514,70000089514,2024-09-26 10:13:53 UTC,2024-09-26 10:13:53 UTC,,Call reminder,
70012460114,busy,Discussed with client now over phone .Client says she is outside will revert back once she is free,Completed,2024-09-28 05:36:00 UTC,70000110352,70000110352,70000110352,2024-09-27 05:38:32 UTC,2024-09-27 05:38:32 UTC,,,2024-09-27 05:36:57 UTC
70012460163,Follow up,Discussed with client client now. Client says just forward me the deatails will revert back to me if needed,Completed,2024-09-28 05:43:00 UTC,70000110352,70000110352,70000110352,2024-09-27 05:44:58 UTC,2024-09-27 05:44:58 UTC,,,2024-09-27 05:43:54 UTC
70012460306,Number Busy,The person you are calling is speaking to some one else. Pls try later,Completed,2024-09-28 06:11:00 UTC,70000110352,70000110352,70000110352,2024-09-27 06:12:07 UTC,2024-09-27 06:12:07 UTC,,,2024-09-27 06:11:20 UTC
70012460351,Budget up to 1.25 cr,Client need 800 sqft plot in an area around ramapuram and manapakkam only no where else,Completed,2024-09-28 06:17:00 UTC,70000110352,70000110352,70000110352,2024-09-27 06:19:19 UTC,2024-09-27 06:19:19 UTC,,,2024-09-27 06:17:43 UTC
70012460832,Looking plot at east tambram only,Client revert back to me client is loooking plot only at east tambram only,Completed,2024-09-28 06:49:00 UTC,70000110352,70000110352,70000110352,2024-09-27 06:50:28 UTC,2024-09-27 06:50:28 UTC,,,2024-09-27 06:49:09 UTC
70012468804,Only text,Client disconnects the call and text me a message and says pls text me. All details of our project send through sms,Completed,2024-09-29 07:37:00 UTC,70000110352,70000110352,70000110352,2024-09-28 07:38:52 UTC,2024-09-28 07:38:52 UTC,,,2024-09-28 07:37:32 UTC
70012468957,bad timing,The person you are calling is not answering..Pls try later,Completed,2024-09-29 07:47:00 UTC,70000110352,70000110352,70000110352,2024-09-28 07:47:48 UTC,2024-09-28 07:47:48 UTC,,,2024-09-28 07:47:10 UTC
70012469012,Need 1200 sqft plot,Client nee 1200 sqft plot in greenwood city plot only for residential not for commercial.. ,Completed,2024-09-29 07:50:00 UTC,70000110352,70000110352,70000110352,2024-09-28 07:51:49 UTC,2024-09-28 07:51:49 UTC,,,2024-09-28 07:50:45 UTC
70012469260,Budget,Client is intrested in gwc plots. Budget up to 3500 sqft and that too only residential. Client is not intrested in villa plots due to very far and interior,Completed,2024-09-29 08:04:00 UTC,70000110352,70000110352,70000110352,2024-09-28 08:06:24 UTC,2024-09-28 08:06:24 UTC,,,2024-09-28 08:04:54 UTC
70012469357,not intrested,Client says not looking any property right now and says wrong window,Completed,2024-09-29 08:12:00 UTC,70000110352,70000110352,70000110352,2024-09-28 08:12:57 UTC,2024-09-28 08:12:57 UTC,,,2024-09-28 08:12:03 UTC
70012469426,Bad timing,Client says i am in theatere pls call me later,Completed,2024-09-29 08:15:00 UTC,70000110352,70000110352,70000110352,2024-09-28 08:16:35 UTC,2024-09-28 08:16:35 UTC,,,2024-09-28 08:16:00 UTC
70012491161,BAd timing,Rin ging no response tried calling so many times,Completed,2024-10-02 05:29:00 UTC,70000110352,70000110352,70000110352,2024-10-01 05:32:33 UTC,2024-10-01 05:32:33 UTC,,,2024-10-01 05:29:39 UTC
70012491167,No response,Tried calling so many times no response,Overdue,2024-10-02 05:32:00 UTC,70000110352,70000110352,70000110352,2024-10-01 05:33:20 UTC,2024-10-01 05:33:20 UTC,,,
70012491187,Budget 20 lakhs only,Client feels its too far and there budget is only up to 20 lakhs only..,Completed,2024-10-02 05:35:00 UTC,70000110352,70000110352,70000110352,2024-10-01 05:36:57 UTC,2024-10-01 05:36:57 UTC,,,2024-10-01 05:35:57 UTC
70012491221,Site visit,Client says last week he was unable to go for site vist. This week end he will try to go for site visit,Completed,2024-10-02 05:44:00 UTC,70000110352,70000110352,70000110352,2024-10-01 05:45:45 UTC,2024-10-01 05:45:45 UTC,,,2024-10-01 05:44:35 UTC
70012491249,Budget up to 90 lakhs,After sending all details  of our project through whats  app client says they are looking property at east tambram only,Completed,2024-10-02 05:49:00 UTC,70000110352,70000110352,70000110352,2024-10-01 05:52:01 UTC,2024-10-01 05:52:01 UTC,,,2024-10-01 05:49:35 UTC
70012491329,Follow up,Again client says that pls call me tommorrow will let you know . After explaining about our project,Completed,2024-10-02 06:03:00 UTC,70000110352,70000110352,70000110352,2024-10-01 06:04:29 UTC,2024-10-01 06:04:29 UTC,,,2024-10-01 06:03:13 UTC
70012491408,Villa Plot,As discussed with client now. Client says This saturday will try to vist and then decide,Completed,2024-10-02 06:15:00 UTC,70000110352,70000110352,70000110352,2024-10-01 06:18:03 UTC,2024-10-01 06:18:03 UTC,,,2024-10-01 06:15:31 UTC
70012491552,BAd timing ,The person  you are calling is not answering.. Will agian call later,Completed,2024-10-02 06:32:00 UTC,70000110352,70000110352,70000110352,2024-10-01 06:33:28 UTC,2024-10-01 06:33:28 UTC,,,2024-10-01 06:32:15 UTC
70012492034,Call,Reminder,Overdue,2024-10-02 04:30:00 UTC,70000089514,70000089514,70000089514,2024-10-01 07:00:34 UTC,2024-10-01 07:00:34 UTC,,Call reminder,
70012507514,BAd timing,The number you have dialed is currently busy pls try later,Completed,2024-10-04 06:46:00 UTC,70000110352,70000110352,70000110352,2024-10-03 06:46:55 UTC,2024-10-03 06:46:55 UTC,,,2024-10-03 06:46:19 UTC
70012507882,Follow up,Again discussed with client now. Client said right now he is busy with other pls call me next saturday will revert back,Completed,2024-10-04 07:03:00 UTC,70000110352,70000110352,70000110352,2024-10-03 07:04:26 UTC,2024-10-03 07:04:26 UTC,,,2024-10-03 07:03:08 UTC
70012508578,Rnr,"Rnr



",Completed,2024-10-04 07:40:00 UTC,70000110352,70000110352,70000110352,2024-10-03 07:41:27 UTC,2024-10-03 07:41:27 UTC,,,2024-10-03 07:40:19 UTC
70012508848,Channel PArtner,This client is a channel partner. Advice me to forward all details project,Completed,2024-10-04 07:54:00 UTC,70000110352,70000110352,70000110352,2024-10-03 07:55:15 UTC,2024-10-03 07:55:15 UTC,,,2024-10-03 07:54:27 UTC
70012510311,Follow up ,to follow up for site visit ,Overdue,2024-10-04 05:30:00 UTC,70000089514,70000089514,70000089514,2024-10-03 08:57:43 UTC,2024-10-03 08:57:43 UTC,Interested,Follow up,
70012510345,Follow up,push for site visit/ further discussion,Completed,2024-10-07 05:30:00 UTC,70000089514,70000089514,70000089514,2024-10-03 08:59:36 UTC,2024-10-08 06:15:55 UTC,Interested,Follow up,2024-10-07 06:15:00 UTC
70012510462,Follow up ,fix up site visit date ,Completed,2024-10-14 05:30:00 UTC,70000089514,70000089514,70000089514,2024-10-03 09:05:26 UTC,2024-10-14 09:28:21 UTC,Interested,Follow up,2024-10-14 09:28:21 UTC
70012510495,Follow up,Fix up a date for site visit ,Overdue,2024-10-10 05:30:00 UTC,70000089514,70000089514,70000089514,2024-10-03 09:06:40 UTC,2024-10-03 09:06:40 UTC,Interested,Follow up,
70012510993,Cirla,"Client says she is an architect cum industrialist. Looking property in poes garden. Requested client to come down to office for floor plan inspection

",Completed,2024-10-04 09:26:00 UTC,70000110352,70000110352,70000110352,2024-10-03 09:28:44 UTC,2024-10-03 09:28:44 UTC,,,2024-10-03 09:26:40 UTC
70012511113,follow up ,push for site visit ,Overdue,2024-10-14 05:30:00 UTC,70000089514,70000089514,70000089514,2024-10-03 09:34:31 UTC,2024-10-03 09:34:31 UTC,Interested,Follow up,
70012515866,Existing Client,This client is an existing client of arihant wanted to exchange his old flat to new one. Client budget is up to 2 crores only wanted flat in area sterling road only,Completed,2024-10-05 06:21:00 UTC,70000110352,70000110352,70000110352,2024-10-04 06:23:49 UTC,2024-10-04 06:23:49 UTC,,,2024-10-04 06:21:37 UTC
70012516607,Not intrested,Client says she is not looking any property right now and suddenly she disconnects the call,Completed,2024-10-05 07:06:00 UTC,70000110352,70000110352,70000110352,2024-10-04 07:07:59 UTC,2024-10-04 07:07:59 UTC,,,2024-10-04 07:06:55 UTC
70012516686,BAd timing, The person you are calling is not answering Pls try later,Completed,2024-10-05 07:10:00 UTC,70000110352,70000110352,70000110352,2024-10-04 07:11:46 UTC,2024-10-04 07:11:46 UTC,,,2024-10-04 07:10:39 UTC
70012517363,Switched off,The number you are calling is currently switched off.. Pls try later,Completed,2024-10-05 07:49:00 UTC,70000110352,70000110352,70000110352,2024-10-04 07:50:00 UTC,2024-10-04 07:50:00 UTC,,,2024-10-04 07:49:11 UTC
70012524926,Client is busy,In first attempt client says pls call me after ten minuites. After 20 minuites again called to client . Client is not responding will again call him later,Completed,2024-10-06 07:13:00 UTC,70000110352,70000110352,70000110352,2024-10-05 07:15:08 UTC,2024-10-05 07:15:08 UTC,,,2024-10-05 07:13:13 UTC
70012537423,Villa plot,Client sms me via text message. Last week he was unable to go due to fever.. This week he will try to vist once he is fit,Completed,2024-10-08 06:12:00 UTC,70000110352,70000110352,70000110352,2024-10-07 06:14:08 UTC,2024-10-07 06:14:08 UTC,,,2024-10-07 06:12:12 UTC
70012537675,villa plot,Client said by this week end he will try to visit . LAst week he was unable to go  due to fever,Completed,2024-10-08 06:39:00 UTC,70000110352,70000110352,70000110352,2024-10-07 06:40:42 UTC,2024-10-07 06:40:42 UTC,,,2024-10-07 06:39:19 UTC
70012538873,Not intrested,Client talks in hindi over phone and says right now he is not looking any property,Completed,2024-10-08 07:49:00 UTC,70000110352,70000110352,70000110352,2024-10-07 07:49:57 UTC,2024-10-07 07:49:57 UTC,,,2024-10-07 07:49:09 UTC
70012538925,Cirla,Client says will let me know once they decide for cirla project,Completed,2024-10-08 07:53:00 UTC,70000110352,70000110352,70000110352,2024-10-07 07:54:33 UTC,2024-10-07 07:54:33 UTC,,,2024-10-07 07:53:47 UTC
70012540164,Number disconnecting,The number you have dialed is currently busy.. Pls try later,Completed,2024-10-08 09:01:00 UTC,70000110352,70000110352,70000110352,2024-10-07 09:02:22 UTC,2024-10-07 09:02:22 UTC,,,2024-10-07 09:01:17 UTC
70012540357,General enquiry,Client says he is not keen in buying any property. Just wanted to know the idea. If any thing is there will let me know,Completed,2024-10-08 09:10:00 UTC,70000110352,70000110352,70000110352,2024-10-07 09:11:53 UTC,2024-10-07 09:11:53 UTC,,,2024-10-07 09:10:48 UTC
70012540489,East tambram look out,Client responded now and said he is looking plot at east tambram only and now where else with budget up to 90 lakhs only,Completed,2024-10-08 09:18:00 UTC,70000110352,70000110352,70000110352,2024-10-07 09:19:55 UTC,2024-10-07 09:19:55 UTC,,,2024-10-07 09:18:19 UTC
70012540587,General enquiry,Client said right now in a meeting will call me up later if needed and advice me to send all details throgh whats app,Completed,2024-10-08 09:23:00 UTC,70000110352,70000110352,70000110352,2024-10-07 09:25:30 UTC,2024-10-07 09:25:30 UTC,,,2024-10-07 09:23:51 UTC
70012545454,Disconnecting call now,Client is disconnecting my call right now..Tried calling so many times.. Will call some time later,Completed,2024-10-09 05:54:00 UTC,70000110352,70000110352,70000110352,2024-10-08 05:56:14 UTC,2024-10-08 05:56:14 UTC,,,2024-10-08 05:54:58 UTC
70012554920,Not connecting,"The dialed number does not exist,,Pls check the number you have dialed",Completed,2024-10-10 06:33:00 UTC,70000110352,70000110352,70000110352,2024-10-09 06:34:20 UTC,2024-10-09 06:34:20 UTC,,,2024-10-09 06:33:28 UTC
70012555101,BAd timing,Client says will call you back later.. I am in a meeting.. will try later,Completed,2024-10-10 06:39:00 UTC,70000110352,70000110352,70000110352,2024-10-09 06:44:26 UTC,2024-10-09 06:44:26 UTC,,,2024-10-09 06:39:06 UTC
70012555160,Rnr,The person you are calling is not answering ..Pls try later,Completed,2024-10-10 06:47:00 UTC,70000110352,70000110352,70000110352,2024-10-09 06:48:35 UTC,2024-10-09 06:48:35 UTC,,,2024-10-09 06:47:51 UTC
70012555219,Not intrested,Client says he is not intrested but his family feels its very far and long distance,Completed,2024-10-10 06:51:00 UTC,70000110352,70000110352,70000110352,2024-10-09 06:52:30 UTC,2024-10-09 06:52:30 UTC,,,2024-10-09 06:51:25 UTC
70012555299,General Enquiry,Client says not yet decided. Will let you know once decided. Jus wanted to have an idea ,Completed,2024-10-10 06:56:00 UTC,70000110352,70000110352,70000110352,2024-10-09 06:58:15 UTC,2024-10-09 06:58:15 UTC,,,2024-10-09 06:56:45 UTC
70012555375,Rental,Client says right now they are looking for rental .They required for two years because they them conjstructing new house in poes garden,Completed,2024-10-10 07:03:00 UTC,70000110352,70000110352,70000110352,2024-10-09 07:05:23 UTC,2024-10-09 07:05:23 UTC,,,2024-10-09 07:03:27 UTC
70012558606,Rental commercial,Client looking for commercial arihant e park for rental,Completed,2024-10-10 10:14:00 UTC,70000110352,70000110352,70000110352,2024-10-09 10:15:28 UTC,2024-10-09 10:15:28 UTC,,,2024-10-09 10:14:38 UTC
70012562860,Follow up,Client working in srm college client says his friends has adviced him to look into it.. All details sent through whats app.Client says this saturday he may visit site,Completed,2024-10-11 06:21:00 UTC,70000110352,70000110352,70000110352,2024-10-10 06:23:58 UTC,2024-10-10 06:23:58 UTC,,,2024-10-10 06:21:39 UTC
70012591566,Site visit completed,Client has completed site visit last saturday 12 th october.Client said he like the property will dicuss with his family and revert back to us on or before week end,Completed,2024-10-15 05:43:00 UTC,70000110352,70000110352,70000110352,2024-10-14 05:48:16 UTC,2024-10-14 05:48:16 UTC,,,2024-10-14 05:44:01 UTC
70012591709,Builder,This client is a builder who runs construction company in guduvanchery,Completed,2024-10-15 06:05:00 UTC,70000110352,70000110352,70000110352,2024-10-14 06:08:19 UTC,2024-10-14 06:08:19 UTC,,,2024-10-14 06:06:00 UTC
70012591760,Out of service,The number you are calling is temporarily out of service.. Pls try later,Completed,2024-10-15 06:13:00 UTC,70000110352,70000110352,70000110352,2024-10-14 06:14:59 UTC,2024-10-14 06:14:59 UTC,,,2024-10-14 06:13:44 UTC
70012591809,Velachery/ Adambakkam,Client looking property at velachery adambakkam area only..,Completed,2024-10-15 06:23:00 UTC,70000110352,70000110352,70000110352,2024-10-14 06:24:06 UTC,2024-10-14 06:24:06 UTC,,,2024-10-14 06:23:14 UTC
70012591836,VIVRITI,Client is intrested in our viviriti project. But client budget is up to 1.5 crore only aND WANTED 3 BHK FLAT,Completed,2024-10-15 06:27:00 UTC,70000110352,70000110352,70000110352,2024-10-14 06:28:24 UTC,2024-10-14 06:28:24 UTC,,,2024-10-14 06:27:05 UTC
70012592504,not intrested,Client is not looking any property right now,Completed,2024-10-15 07:08:00 UTC,70000110352,70000110352,70000110352,2024-10-14 07:10:57 UTC,2024-10-14 07:10:57 UTC,,,2024-10-14 07:08:37 UTC
70012592608,temprary out of service,The number you are calling is temporary out of service,Completed,2024-10-15 07:14:00 UTC,70000110352,70000110352,70000110352,2024-10-14 07:14:56 UTC,2024-10-14 07:14:56 UTC,,,2024-10-14 07:14:05 UTC
70012592791,Bad Timing,Client says right now in a meeting will revert back in evening,Completed,2024-10-15 07:22:00 UTC,70000110352,70000110352,70000110352,2024-10-14 07:23:56 UTC,2024-10-14 07:23:56 UTC,,,2024-10-14 07:22:42 UTC
70012593118,Medawakkam,Client looking property only at medavakkam only ..,Completed,2024-10-15 07:40:00 UTC,70000110352,70000110352,70000110352,2024-10-14 07:44:19 UTC,2024-10-14 07:44:19 UTC,,,2024-10-14 07:40:15 UTC
70012594162,Follow up- Vipassana,"",Overdue,2024-10-16 06:00:00 UTC,70000089514,70000089514,70000089514,2024-10-14 08:49:38 UTC,2024-10-14 08:49:38 UTC,Interested,,
70012594499,Plot ,Discussed with client now. Client need 800 sqft plot in thruporur omr area only no where else,Completed,2024-10-15 09:10:00 UTC,70000110352,70000110352,70000110352,2024-10-14 09:13:55 UTC,2024-10-14 09:13:55 UTC,,,2024-10-14 09:10:07 UTC
70012594756,follow up ,,Overdue,2024-10-16 06:00:00 UTC,70000089514,70000089514,70000089514,2024-10-14 09:28:12 UTC,2024-10-14 09:28:12 UTC,,,
70012595026,cutting calls,Client says hello and cuts the call.. tried calling so many times,Completed,2024-10-15 09:42:00 UTC,70000110352,70000110352,70000110352,2024-10-14 09:43:08 UTC,2024-10-14 09:43:08 UTC,,,2024-10-14 09:42:20 UTC
70012595376,Push for office visit,"",Overdue,2024-10-19 10:00:00 UTC,70000089514,70000089514,70000089514,2024-10-14 10:01:03 UTC,2024-10-14 10:01:03 UTC,,,
70012595647,Voice mail,Call has been forwarded to voice mail.. Tried calling so many times,Completed,2024-10-15 10:32:00 UTC,70000110352,70000110352,70000110352,2024-10-14 10:33:18 UTC,2024-10-14 10:33:18 UTC,,,2024-10-14 10:32:09 UTC
70012600522,Follow up ,,Overdue,2024-10-18 06:00:00 UTC,70000089514,70000089514,70000089514,2024-10-15 06:24:28 UTC,2024-10-15 06:24:28 UTC,,,
70012600654,Follow up ,"",Completed,2024-10-17 06:34:00 UTC,70000089514,70000089514,70000089514,2024-10-15 06:35:04 UTC,2024-10-17 10:00:57 UTC,Interested,,2024-10-17 10:00:57 UTC
70012601356,follow up ,,Overdue,2024-10-18 07:07:00 UTC,70000089514,70000089514,70000089514,2024-10-15 07:07:45 UTC,2024-10-15 07:07:45 UTC,,,
70012620441,Out of service,The number you are calling is temporary out of service.. tried calling so many times,Completed,2024-10-18 06:01:00 UTC,70000110352,70000110352,70000110352,2024-10-17 06:02:46 UTC,2024-10-17 06:02:46 UTC,,,2024-10-17 06:01:41 UTC
70012620519,Villa plot,Discussed with client now .. All details sent through whats app. Client said will revert back if needed,Completed,2024-10-18 06:15:00 UTC,70000110352,70000110352,70000110352,2024-10-17 06:16:08 UTC,2024-10-17 06:16:08 UTC,,,2024-10-17 06:15:03 UTC
70012621199,Rnr,The person you are calling is not answering...Will try again later,Completed,2024-10-18 07:02:00 UTC,70000110352,70000110352,70000110352,2024-10-17 07:03:26 UTC,2024-10-17 07:03:26 UTC,,,2024-10-17 07:02:30 UTC
70012623705,follow up ,,Completed,2024-10-18 06:45:00 UTC,70000089514,70000089514,70000089514,2024-10-17 09:09:52 UTC,2024-10-19 07:09:44 UTC,,,2024-10-19 07:09:44 UTC
70012623900,Follow up,,Overdue,2024-10-21 06:00:00 UTC,70000089514,70000089514,70000089514,2024-10-17 09:18:59 UTC,2024-10-17 09:18:59 UTC,,,
70012623984,Disconnecting,Client  is disconnecting my calls since morning calling so many times ..Will again try to call some time later,Completed,2024-10-18 09:22:00 UTC,70000110352,70000110352,70000110352,2024-10-17 09:23:36 UTC,2024-10-17 09:23:36 UTC,,,2024-10-17 09:22:14 UTC
70012624726,Confirm site visit ,,Overdue,2024-10-19 06:30:00 UTC,70000089514,70000089514,70000089514,2024-10-17 10:00:43 UTC,2024-10-17 10:00:43 UTC,,Follow up,
70012628707,Disconnecting,Client is disconnecting my calls will again try to call later,Completed,2024-10-19 05:29:00 UTC,70000110352,70000110352,70000110352,2024-10-18 05:30:23 UTC,2024-10-18 05:30:23 UTC,,,2024-10-18 05:29:28 UTC
70012628744,Only villas and not plots,Client says he is keen on villas only not in villa plots. Because client says he is not happy with plot because its at extreme end,Completed,2024-10-19 05:38:00 UTC,70000110352,70000110352,70000110352,2024-10-18 05:39:37 UTC,2024-10-18 05:39:37 UTC,,,2024-10-18 05:38:04 UTC
70012628794,Not Answering,The person you are calling is not answering. Tried calling so many times.. Will try again later,Completed,2024-10-19 05:48:00 UTC,70000110352,70000110352,70000110352,2024-10-18 05:50:09 UTC,2024-10-18 05:50:09 UTC,,,2024-10-18 05:49:02 UTC
70012628857,Security gaurd,This client is security gaurd. He says he cant afford to buy any plot. HE says bymistake his son has scrolled it,Overdue,2024-10-19 05:57:00 UTC,70000110352,70000110352,70000110352,2024-10-18 06:05:14 UTC,2024-10-18 06:05:14 UTC,,,
70012629785,Senior living,Client looking for senior living flat only not plot  . Tried convincing him .Client said this week endwill again go for site visit and then decide ,Completed,2024-10-19 07:04:00 UTC,70000110352,70000110352,70000110352,2024-10-18 07:07:49 UTC,2024-10-18 07:07:49 UTC,,,2024-10-18 07:04:57 UTC
70012632680,Senior living,Discussed with client ..Client has already visited site last week to meet his friend.. Client is intrested in senior living flat. Tried to convince himj.. All details sent through whats app.. Client said by next week will again visit site and then decide,Completed,2024-10-19 09:37:00 UTC,70000110352,70000110352,70000110352,2024-10-18 09:37:36 UTC,2024-10-18 09:37:36 UTC,,,2024-10-18 09:37:22 UTC
70012632870,east tambram,Client budget is up to 90 lakhs only wanted 2 bhk flat only not plot..They are looking area east tambram,Completed,2024-10-19 09:45:00 UTC,70000110352,70000110352,70000110352,2024-10-18 09:45:56 UTC,2024-10-18 09:45:56 UTC,,,2024-10-18 09:45:45 UTC
70012632924,Does not exceed,dialed number does not exceed.....tried calling so many times,Completed,2024-10-19 09:48:00 UTC,70000110352,70000110352,70000110352,2024-10-18 09:48:45 UTC,2024-10-18 09:48:45 UTC,,,2024-10-18 09:48:24 UTC
70012634130,Follow up ,"",Completed,2024-10-19 05:45:00 UTC,70000089514,70000089514,70000089514,2024-10-18 12:06:49 UTC,2024-10-19 09:13:21 UTC,Interested,,2024-10-19 09:13:21 UTC
70012637486,follow up for site visit ,,Overdue,2024-10-23 05:45:00 UTC,70000089514,70000089514,70000089514,2024-10-19 07:09:38 UTC,2024-10-19 07:09:38 UTC,,,
70012637664,Confirm for site visit ,,Overdue,2024-10-23 05:30:00 UTC,70000089514,70000089514,70000089514,2024-10-19 07:18:17 UTC,2024-10-19 07:18:17 UTC,,,
70012639717,Meeting scheduled ,,Overdue,2024-11-04 06:00:00 UTC,70000089514,70000089514,70000089514,2024-10-19 09:13:14 UTC,2024-10-19 09:13:14 UTC,,,
70012650412,Not yet decided,Client says still under discussion going on with in there family..Will decide and revert back,Completed,2024-10-22 06:47:00 UTC,70000110352,70000110352,70000110352,2024-10-21 06:48:23 UTC,2024-10-21 06:48:23 UTC,,,2024-10-21 06:47:45 UTC
70012650559,budget up to 30 lakhs,Discussed with client now… And explained all the details of our project. Client says his budget up to only 30 lakhs only unfortunately our plot cost 52 lakhs onwards,Completed,2024-10-22 06:56:00 UTC,70000110352,70000110352,70000110352,2024-10-21 06:57:03 UTC,2024-10-21 06:57:03 UTC,,,2024-10-21 06:56:23 UTC
70012650635,no Response,The person you are calling is not responding.. Tried calling so many times No response,Completed,2024-10-22 07:01:00 UTC,70000110352,70000110352,70000110352,2024-10-21 07:01:45 UTC,2024-10-21 07:01:45 UTC,,,2024-10-21 07:01:16 UTC
70012650709,NExt week end,Discussed with client now .. Client says right now he is banglore . By next week end he will come down to chennai for diwali and then decide,Completed,2024-10-22 07:08:00 UTC,70000110352,70000110352,70000110352,2024-10-21 07:09:09 UTC,2024-10-21 07:09:09 UTC,,,2024-10-21 07:08:20 UTC
70012650924,Budget up to 2 cr only,Discussed with client now.. Client need 3 bhk flat in vaniya vilas project with budget of 2 cr. And that too cosmo Client. Our project is meant only jain community,Completed,2024-10-22 07:16:00 UTC,70000110352,70000110352,70000110352,2024-10-21 07:17:10 UTC,2024-10-21 07:17:10 UTC,,,2024-10-21 07:16:15 UTC
70012650988,Very Busy,The number you have dialed is currently busy..Pls try later. Tried calling today so many times.. Will again try later,Completed,2024-10-22 07:19:00 UTC,70000110352,70000110352,70000110352,2024-10-21 07:21:17 UTC,2024-10-21 07:21:17 UTC,,,2024-10-21 07:19:58 UTC
70012650999,Very Busy,The number you have dialed is currently busy..Pls try later. Tried calling today so many times.. Will again try later,Completed,2024-10-22 07:21:00 UTC,70000110352,70000110352,70000110352,2024-10-21 07:21:41 UTC,2024-10-21 07:21:41 UTC,,,2024-10-21 07:21:27 UTC
70012677043,rnr,The person you are calling is not answering Pls try later,Completed,2024-10-25 05:57:00 UTC,70000110352,70000110352,70000110352,2024-10-24 05:57:30 UTC,2024-10-24 05:57:30 UTC,,,2024-10-24 05:57:17 UTC
70012677065,After 6 months,Client says right now he has stop looking any property right now.. Will see After 6 months once his financial status becomes stable,Completed,2024-10-25 06:01:00 UTC,70000110352,70000110352,70000110352,2024-10-24 06:01:37 UTC,2024-10-24 06:01:37 UTC,,,2024-10-24 06:01:15 UTC
70012680677,Confirm Site visit for Sunday ,,Overdue,2024-11-02 05:45:00 UTC,70000089514,70000089514,70000089514,2024-10-24 09:03:49 UTC,2024-10-24 09:03:49 UTC,,,
70012699826,Follow up ,,Overdue,2024-11-04 05:46:00 UTC,70000089514,70000089514,70000089514,2024-10-26 05:46:41 UTC,2024-10-26 05:46:41 UTC,,,
70012715037,not intrested,As soon we say hello client says no and then cut the call,Completed,2024-10-29 05:48:00 UTC,70000110352,70000110352,70000110352,2024-10-28 05:49:04 UTC,2024-10-28 05:49:04 UTC,,,2024-10-28 05:48:43 UTC
70012724385,disconnecting calls after lifting,Mobile number rings..Client lift the call and then disconnected.. Tried callling so many times.,Completed,2024-10-30 06:04:00 UTC,70000110352,70000110352,70000110352,2024-10-29 06:05:14 UTC,2024-10-29 06:05:14 UTC,,,2024-10-29 06:04:21 UTC
70012724406,not connecting,The person you are calling is not answering or else speaking to someone else.. Tried calling so many time,Completed,2024-10-30 06:08:00 UTC,70000110352,70000110352,70000110352,2024-10-29 06:08:56 UTC,2024-10-29 06:08:56 UTC,,,2024-10-29 06:08:34 UTC
70012724451,vendor,This client is a vendor….aditya birla cement looking for order,Completed,2024-10-30 06:16:00 UTC,70000110352,70000110352,70000110352,2024-10-29 06:16:40 UTC,2024-10-29 06:16:40 UTC,,,2024-10-29 06:16:26 UTC
70012724468,Wrong Window,Client says its a wrong window…Client says he was supposed to call his friend by mistake he called arihant,Completed,2024-10-30 06:20:00 UTC,70000110352,70000110352,70000110352,2024-10-29 06:21:02 UTC,2024-10-29 06:21:02 UTC,,,2024-10-29 06:20:39 UTC
70012734490,Follow up ,,Overdue,2024-11-11 07:00:00 UTC,70000089514,70000089514,70000089514,2024-10-30 07:00:47 UTC,2024-10-30 07:00:47 UTC,,,
70012734507,Follow uo ,,Overdue,2024-11-01 07:01:00 UTC,70000089514,70000089514,70000089514,2024-10-30 07:02:00 UTC,2024-10-30 07:02:00 UTC,,,
70012774417,not reachable,The number you are calling is temporary out of service…Pls try later,Completed,2024-11-05 05:46:00 UTC,70000110352,70000110352,70000110352,2024-11-04 05:46:52 UTC,2024-11-04 05:46:52 UTC,,,2024-11-04 05:46:24 UTC
70012774439,not reachable,The number you have dialed is currently busy… Pls try later,Completed,2024-11-05 05:49:00 UTC,70000110352,70000110352,70000110352,2024-11-04 05:49:44 UTC,2024-11-04 05:49:44 UTC,,,2024-11-04 05:49:25 UTC
70012774513,Follow up,,Overdue,2025-01-17 05:56:00 UTC,70000089514,70000089514,70000089514,2024-11-04 05:58:29 UTC,2024-11-04 05:58:29 UTC,,,
70012775339,Will call back,Discussed with client now again… Client now says he will again explore few other properties and then decide… will call me back again if intrested,Completed,2024-11-05 06:57:00 UTC,70000110352,70000110352,70000110352,2024-11-04 06:57:35 UTC,2024-11-04 06:57:35 UTC,,,2024-11-04 06:57:17 UTC
70012776358,follow up,Discussed with client now again… Client now says he will again explore few other properties and then decide… will call me back again if intrested,Completed,2024-11-05 07:40:00 UTC,70000110352,70000110352,70000110352,2024-11-04 07:40:50 UTC,2024-11-04 07:40:50 UTC,,,2024-11-04 07:40:32 UTC
70012784925,busy,The number you have dialed is currently busy please try later,Completed,2024-11-06 06:44:00 UTC,70000110352,70000110352,70000110352,2024-11-05 06:44:37 UTC,2024-11-05 06:44:37 UTC,,,2024-11-05 06:44:21 UTC
70012784978,tEMPORARY OUT OF SERVICE,The number you are calling is temporary out of service…Pls try later,Completed,2024-11-06 06:46:00 UTC,70000110352,70000110352,70000110352,2024-11-05 06:47:19 UTC,2024-11-05 06:47:19 UTC,,,2024-11-05 06:46:30 UTC
70012785062,vERY BUSY,The number you have dialed is currently busy… Pls try later,Completed,2024-11-06 06:49:00 UTC,70000110352,70000110352,70000110352,2024-11-05 06:49:34 UTC,2024-11-05 06:49:34 UTC,,,2024-11-05 06:49:19 UTC
70012794187,not in use,The number you have dialed is busy or not in use..Pls try later,Completed,2024-11-07 05:30:00 UTC,70000110352,70000110352,70000110352,2024-11-06 05:30:58 UTC,2024-11-06 05:30:58 UTC,,,2024-11-06 05:30:42 UTC
70012794317,Budget 1.2 crore only,Client budget is up to 1.2 crores only wanted 2 or 3 bhk flat area looking at guindy ashok nagar or saligramam,Completed,2024-11-07 05:52:00 UTC,70000110352,70000110352,70000110352,2024-11-06 05:52:43 UTC,2024-11-06 05:52:43 UTC,,,2024-11-06 05:52:22 UTC
70012794347,No Response,The person you are calling is not answering. Pls try after some time,Completed,2024-11-07 05:59:00 UTC,70000110352,70000110352,70000110352,2024-11-06 06:00:09 UTC,2024-11-06 06:00:09 UTC,,,2024-11-06 05:59:23 UTC
70012805363,not getting connect,The number you are trying to call is currently busy.. Pls try later,Completed,2024-11-08 06:48:00 UTC,70000110352,70000110352,70000110352,2024-11-07 06:48:24 UTC,2024-11-07 06:48:24 UTC,,,2024-11-07 06:48:05 UTC
70012808891,not intrested,Client says he is not looking any property nor intrested as of now,Completed,2024-11-08 09:30:00 UTC,70000110352,70000110352,70000110352,2024-11-07 09:31:38 UTC,2024-11-07 09:31:38 UTC,,,2024-11-07 09:30:25 UTC
70012814394,Not intrested,Again discuss with client.. Client says his family is not intrested in buying plot since its extreme end from main gate so client feels lonly so they have decided to see some other builders property,Completed,2024-11-09 06:31:00 UTC,70000110352,70000110352,70000110352,2024-11-08 06:32:12 UTC,2024-11-08 06:32:12 UTC,,,2024-11-08 06:31:15 UTC
70012823420,east tambram  only,Client looking property at east tambram onlynext to her  her daugters college.client is not intrested in maraimalai nagar,Completed,2024-11-10 07:19:00 UTC,70000110352,70000110352,70000110352,2024-11-09 07:20:25 UTC,2024-11-09 07:20:25 UTC,,,2024-11-09 07:20:01 UTC
70012823527,already purchase budget 50 lakhs,Client says he has purchased last month in madhavaram flat budget of 50 lakhs.. So right now he is not intrested in any property purchase,Completed,2024-11-10 07:24:00 UTC,70000110352,70000110352,70000110352,2024-11-09 07:24:51 UTC,2024-11-09 07:24:51 UTC,,,2024-11-09 07:24:22 UTC
70012840282,no response,The person you are calling is not answering pls try later,Completed,2024-11-12 05:51:00 UTC,70000110352,70000110352,70000110352,2024-11-11 05:52:22 UTC,2024-11-11 05:52:22 UTC,,,2024-11-11 05:51:56 UTC
70012840306,does not exist,The person you are calling is not answering pls try later,Completed,2024-11-12 05:55:00 UTC,70000110352,70000110352,70000110352,2024-11-11 05:55:42 UTC,2024-11-11 05:55:42 UTC,,,2024-11-11 05:55:23 UTC
70012845275,Not getting connected,The dialed number does not exist....Pls check the number you have dialed,Completed,2024-11-12 10:54:00 UTC,70000110352,70000110352,70000110352,2024-11-11 10:54:59 UTC,2024-11-11 10:54:59 UTC,,,2024-11-11 10:54:27 UTC
70012874028,follow up ,"",Completed,2024-12-10 11:04:00 UTC,70000110350,70000110350,70000110350,2024-11-14 11:05:02 UTC,2025-01-21 05:24:41 UTC,,,2025-01-21 05:24:40 UTC
70012945620,busy,Client says right now hie is busy advice me to call him tommorrow morning,Completed,2024-11-23 10:22:00 UTC,70000110352,70000110352,70000110352,2024-11-22 10:22:58 UTC,2024-11-22 10:22:58 UTC,,,2024-11-22 10:22:42 UTC
70012950127,milange,Client says will visit site at saligramam milange today. Already discussed with site representative,Completed,2024-11-24 07:14:00 UTC,70000110352,70000110352,70000110352,2024-11-23 07:15:20 UTC,2024-11-23 07:15:20 UTC,,,2024-11-23 07:14:18 UTC
70012975553,Villa plot,Discussed with client now..Client advice me to forward all details through whats app. Client also said will revert back to me if intrested,Completed,2024-11-27 06:29:00 UTC,70000110352,70000110352,70000110352,2024-11-26 06:29:32 UTC,2024-11-26 06:29:32 UTC,,,2024-11-26 06:29:04 UTC
70012980914,No response,Discussed with client now..Client advice me to forward all details through whats app. Client also said will revert back to me if intrested,Completed,2024-11-27 09:34:00 UTC,70000110352,70000110352,70000110352,2024-11-26 09:35:24 UTC,2024-11-26 09:35:24 UTC,,,2024-11-26 09:35:12 UTC
70012986225,Esta,Client advice me call him again by 2.30 pm today right now he is busy in meeting,Completed,2024-11-28 05:28:00 UTC,70000110352,70000110352,70000110352,2024-11-27 05:29:06 UTC,2024-11-27 05:29:06 UTC,,,2024-11-27 05:28:29 UTC
70012986251,Not Reachable,The number you have called is currently unavailable…Tried calling so many times,Completed,2024-11-28 05:33:00 UTC,70000110352,70000110352,70000110352,2024-11-27 05:33:39 UTC,2024-11-27 05:33:39 UTC,,,2024-11-27 05:33:22 UTC
70012987850,Follow up to fix meeting ,"",Overdue,2024-11-29 06:00:00 UTC,70000089514,70000089514,70000089514,2024-11-27 09:57:45 UTC,2024-11-27 09:57:45 UTC,Interested,Follow up,
70012987878,Follow up to confirm meeting,,Overdue,2024-11-29 06:00:00 UTC,70000089514,70000089514,70000089514,2024-11-27 10:01:34 UTC,2024-11-27 10:01:48 UTC,Interested,,
70012987953,No response,"The person you are calling is not answering pls try after some time
",Completed,2024-11-28 10:10:00 UTC,70000110352,70000110352,70000110352,2024-11-27 10:11:41 UTC,2024-11-27 10:11:41 UTC,,,2024-11-27 10:10:52 UTC
70012992030,not intrested,"Client says he is not looking any property at all then cuts the call



",Completed,2024-11-29 06:11:00 UTC,70000110352,70000110352,70000110352,2024-11-28 06:12:32 UTC,2024-11-28 06:12:32 UTC,,,2024-11-28 06:12:27 UTC
70012992769,follow up ,,Completed,2024-11-29 04:15:00 UTC,70000110350,70000110350,70000110350,2024-11-28 08:00:00 UTC,2024-11-29 05:33:11 UTC,,,2024-11-29 05:33:08 UTC
70012993615,no response,The number you have dialed is currently busy.. Pls try after some time.. Tried calling so many times from morning.. Will try to call some time later,Completed,2024-11-29 10:03:00 UTC,70000110352,70000110352,70000110352,2024-11-28 10:04:20 UTC,2024-11-28 10:04:20 UTC,,,2024-11-28 10:04:02 UTC
70012994044,Esta,Client called me now..He was busy in his office work. Shown intrest in esta project. All details sent through whats app. Client said wiill revert back by next friday if intrested,Completed,2024-11-29 11:08:00 UTC,70000110352,70000110352,70000110352,2024-11-28 11:08:49 UTC,2024-11-28 11:08:49 UTC,,,2024-11-28 11:08:32 UTC
70012997402,cutting calls,Tried calling yesterday afternoon client didnt respond my calls and now disconnecting my calls… will try to call some time later. All details sent through whats app,Completed,2024-11-30 05:19:00 UTC,70000110352,70000110352,70000110352,2024-11-29 05:19:30 UTC,2024-11-29 05:19:30 UTC,,,2024-11-29 05:19:04 UTC
70013030006,rnr,The person you are calling is not answering pls try later. i belive this number is from calcutta recording meesage speaks in bengali,Completed,2024-12-03 05:57:00 UTC,70000110352,70000110352,70000110352,2024-12-02 05:57:24 UTC,2024-12-02 05:57:24 UTC,,,2024-12-02 05:57:06 UTC
70013030065,genrAL ENQUIRY ALL PROJECTS,Discussed with client again on saturday 39 th june. All details sent through what app. All projects been forwarded. Client said will check and revert back,Completed,2024-12-03 06:05:00 UTC,70000110352,70000110352,70000110352,2024-12-02 06:06:13 UTC,2024-12-02 06:06:13 UTC,,,2024-12-02 06:05:30 UTC
70013030085,Budget,All details of esta been forwarded through whats app. Client budget is up to 1 cr only.. And our costsheet starts from 1.25 cr plus registration,Completed,2024-12-03 06:10:00 UTC,70000110352,70000110352,70000110352,2024-12-02 06:10:43 UTC,2024-12-02 06:10:43 UTC,,,2024-12-02 06:10:22 UTC
70013031928,Commercial,Client looking for commercial space.. They require plate size from from 2000 sqft and wanted ready to move in either rental or outright sale,Completed,2024-12-03 07:33:00 UTC,70000110352,70000110352,70000110352,2024-12-02 07:33:37 UTC,2024-12-02 07:33:37 UTC,,,2024-12-02 07:33:19 UTC
70013032622,East Tambram,Discussed with client. Client says looking plot with east tambram only.. No where else,Completed,2024-12-03 07:54:00 UTC,70000110352,70000110352,70000110352,2024-12-02 07:54:50 UTC,2024-12-02 07:54:50 UTC,,,2024-12-02 07:54:31 UTC
70013034342,rnr,The number you have dialed is currently busy pls try later,Completed,2024-12-03 08:54:00 UTC,70000110352,70000110352,70000110352,2024-12-02 08:55:18 UTC,2024-12-02 08:55:18 UTC,,,2024-12-02 08:54:52 UTC
70013034438,rnr,The number you have dialed is currently busy..Pls try after some time,Completed,2024-12-03 08:57:00 UTC,70000110352,70000110352,70000110352,2024-12-02 08:57:48 UTC,2024-12-02 08:57:48 UTC,,,2024-12-02 08:57:37 UTC
70013034518,no response phone ringing,Ringing no response..will try some time later,Completed,2024-12-03 09:00:00 UTC,70000110352,70000110352,70000110352,2024-12-02 09:00:48 UTC,2024-12-02 09:00:48 UTC,,,2024-12-02 09:00:21 UTC
70013040826,not intrested,Client says not looking for any property at all and then cuts the call,Completed,2024-12-04 05:21:00 UTC,70000110352,70000110352,70000110352,2024-12-03 05:23:15 UTC,2024-12-03 05:23:15 UTC,,,2024-12-03 05:21:19 UTC
70013040850,no response,The person you are calling is not answering pls try later. i belive this number is from calcutta recording meesage speaks in bengali,Completed,2024-12-04 05:27:00 UTC,70000110352,70000110352,70000110352,2024-12-03 05:27:59 UTC,2024-12-03 05:27:59 UTC,,,2024-12-03 05:27:39 UTC
70013040874,Vendor,This client is a vendor....doing finance buisness looking for client who requires any loan,Completed,2024-12-04 05:31:00 UTC,70000110352,70000110352,70000110352,2024-12-03 05:31:44 UTC,2024-12-03 05:31:44 UTC,,,2024-12-03 05:31:14 UTC
70013045834,follow up for site visit scheduled ,"",Overdue,2024-12-06 06:00:00 UTC,70000089514,70000089514,70000089514,2024-12-03 09:14:26 UTC,2024-12-03 09:14:26 UTC,Interested,,
70013046919,health insurance,This client is a vendor selling insurance policy,Completed,2024-12-04 09:48:00 UTC,70000110352,70000110352,70000110352,2024-12-03 09:49:02 UTC,2024-12-03 09:49:02 UTC,,,2024-12-03 09:48:36 UTC
70013047408,Villa plots,Discussed with client now. Client is residing in siruseri. Just wnated to know the details. All details sent through whats app. Client said will check and revert back if needed,Completed,2024-12-04 10:17:00 UTC,70000110352,70000110352,70000110352,2024-12-03 10:17:44 UTC,2024-12-03 10:17:44 UTC,,,2024-12-03 10:17:24 UTC
70013051595,not getting connected,As we dial call gets disconnected tried calling so many times since yesterday,Completed,2024-12-05 05:19:00 UTC,70000110352,70000110352,70000110352,2024-12-04 05:20:15 UTC,2024-12-04 05:20:15 UTC,,,2024-12-04 05:19:56 UTC
70013052129,Follow up ,,Overdue,2024-12-11 06:00:00 UTC,70000089514,70000089514,70000089514,2024-12-04 06:32:02 UTC,2024-12-04 06:32:02 UTC,Interested,,
70013062735,Disconnecting calls,"The num
ber you have dialed is disconnecting call right now pls try later",Completed,2024-12-06 06:26:00 UTC,70000110352,70000110352,70000110352,2024-12-05 06:27:24 UTC,2024-12-05 06:27:24 UTC,,,2024-12-05 06:26:34 UTC
70013063561,Follow up for office visit ,,Overdue,2024-12-07 05:30:00 UTC,70000089514,70000089514,70000089514,2024-12-05 06:57:23 UTC,2024-12-05 06:57:23 UTC,,,
70013087733,rnr,The person you are calling is not answering pls try later,Completed,2024-12-08 09:40:00 UTC,70000110352,70000110352,70000110352,2024-12-07 09:40:45 UTC,2024-12-07 09:40:45 UTC,,,2024-12-07 09:40:30 UTC
70013098201,Follow up for Site visit,,Overdue,2024-12-16 05:45:00 UTC,70000089514,70000089514,70000089514,2024-12-09 06:15:20 UTC,2024-12-09 06:15:20 UTC,,,
70013098336,rnr,Tried calling so many times client is not answering my calls right now will try some time later,Completed,2024-12-10 06:31:00 UTC,70000110352,70000110352,70000110352,2024-12-09 06:31:56 UTC,2024-12-09 06:31:56 UTC,,,2024-12-09 06:31:42 UTC
70013099389,Senior livings,"client is intrested only in senior livings not in plots.. At villa viviana project

",Completed,2024-12-10 07:22:00 UTC,70000110352,70000110352,70000110352,2024-12-09 07:23:16 UTC,2024-12-09 07:23:16 UTC,,,2024-12-09 07:22:29 UTC
70013099442,Not reachable,The number you are calling either switched off or not reachable at the moment... Pls try some time later,Completed,2024-12-10 07:26:00 UTC,70000110352,70000110352,70000110352,2024-12-09 07:26:45 UTC,2024-12-09 07:26:45 UTC,,,2024-12-09 07:26:26 UTC
70013099738,Follow up,Discussed with client now.. and explained all details of our project . And also forwarded in whats app too. Client said will check with her husband and revert back to us if needed,Completed,2024-12-10 07:42:00 UTC,70000110352,70000110352,70000110352,2024-12-09 07:42:22 UTC,2024-12-09 07:42:22 UTC,,,2024-12-09 07:42:08 UTC
70013099922,not intrested,"Client says ….dont know anything pls keep the phone. and then cuts the call

",Overdue,2024-12-10 07:51:00 UTC,70000110352,70000110352,70000110352,2024-12-09 07:52:22 UTC,2024-12-09 07:52:22 UTC,,,
70013102176,plot at siruseri,Client looking plot at omr only.. Not at villa viana plots. Client says looking plot at siruseri only,Completed,2024-12-10 09:37:00 UTC,70000110352,70000110352,70000110352,2024-12-09 09:38:30 UTC,2024-12-09 09:38:30 UTC,,,2024-12-09 09:38:03 UTC
70013103288,budget,Client looking at amijikarai and nnsk nagar only not vipaasna budget up to 1.5 cr,Completed,2024-12-10 10:59:00 UTC,70000110352,70000110352,70000110352,2024-12-09 11:00:13 UTC,2024-12-09 11:00:13 UTC,,,2024-12-09 10:59:50 UTC
70013107133,follow up,Discussed with client. All details of esta project forwarded through whatas app. Client says he will dispose his existing property and then will look into it,Completed,2024-12-11 05:54:00 UTC,70000110352,70000110352,70000110352,2024-12-10 05:54:40 UTC,2024-12-10 05:54:40 UTC,,,2024-12-10 05:54:13 UTC
70013108420,Follow up 2,Discussed with client ..Client says she havent spoke with her husband yet  will let me know by this weekend,Completed,2024-12-11 07:06:00 UTC,70000110352,70000110352,70000110352,2024-12-10 07:07:08 UTC,2024-12-10 07:07:08 UTC,,,2024-12-10 07:06:44 UTC
70013113525,Villla Plots,Discussed with client now .. Client says this weekend will try to go fir site visit and then decide..All details sent through whats app,Completed,2024-12-11 11:19:00 UTC,70000110352,70000110352,70000110352,2024-12-10 11:20:11 UTC,2024-12-10 11:20:11 UTC,,,2024-12-10 11:19:52 UTC
70013113569,rnr,The person you are calling is not answering.. Pls try later,Completed,2024-12-11 11:24:00 UTC,70000110352,70000110352,70000110352,2024-12-10 11:25:08 UTC,2024-12-10 11:25:08 UTC,,,2024-12-10 11:24:36 UTC
70013113580,rnr,The person you are calling is not answering pls try later,Completed,2024-12-11 11:25:00 UTC,70000110352,70000110352,70000110352,2024-12-10 11:25:55 UTC,2024-12-10 11:25:55 UTC,,,2024-12-10 11:25:44 UTC
70013117467,Singapore Client,The singai customer is not available pls try again later,Completed,2024-12-12 06:25:00 UTC,70000110352,70000110352,70000110352,2024-12-11 06:26:11 UTC,2024-12-11 06:26:11 UTC,,,2024-12-11 06:25:53 UTC
70013117801,Site visit completed,LAst evening around 5 pm client has visited the site and seen two bhk flat.along with his family. Client said first he will dispose his old flat and then decide to buy or not,Completed,2024-12-12 06:49:00 UTC,70000110352,70000110352,70000110352,2024-12-11 06:49:45 UTC,2024-12-11 06:49:45 UTC,,,2024-12-11 06:49:41 UTC
70013117903,Rnr,Tried calling so many times client is not answering..Will again try some time later,Completed,2024-12-12 06:53:00 UTC,70000110352,70000110352,70000110352,2024-12-11 06:53:44 UTC,2024-12-11 06:53:44 UTC,,,2024-12-11 06:53:41 UTC
70013121756,unqualified,This client is working in tax consultant office..She says not intrested in buying any property,Completed,2024-12-12 10:44:00 UTC,70000110352,70000110352,70000110352,2024-12-11 10:45:16 UTC,2024-12-11 10:45:16 UTC,,,2024-12-11 10:45:00 UTC
70013125660,follow up,Client says call me tommorrow and then cuts the call..will try to call again tomorrow,Completed,2024-12-13 06:00:00 UTC,70000110352,70000110352,70000110352,2024-12-12 06:00:37 UTC,2024-12-12 06:00:37 UTC,,,2024-12-12 06:00:20 UTC
70013143230,Disconnecting,Client is disconnecting my call.. tried calling so many times since morning..will try again some time later,Completed,2024-12-15 09:37:00 UTC,70000110352,70000110352,70000110352,2024-12-14 09:38:45 UTC,2024-12-14 09:38:45 UTC,,,2024-12-14 09:37:39 UTC
70013143865,Rnr,The number you are calling is not answering pls try later,Completed,2024-12-15 10:29:00 UTC,70000110352,70000110352,70000110352,2024-12-14 10:30:10 UTC,2024-12-14 10:30:10 UTC,,,2024-12-14 10:29:29 UTC
70013143883,Not intrested,Client says right now not looking for any property right now,Completed,2024-12-15 10:32:00 UTC,70000110352,70000110352,70000110352,2024-12-14 10:32:52 UTC,2024-12-14 10:32:52 UTC,,,2024-12-14 10:32:11 UTC
70013153804,Ecr PAttipulam,Client looking for  plot at ecr…once we recieved the plot lay out patipulam layout then only will forwarded to client.,Completed,2024-12-17 05:27:00 UTC,70000110352,70000110352,70000110352,2024-12-16 05:28:07 UTC,2024-12-16 05:28:07 UTC,,,2024-12-16 05:27:48 UTC
70013153957,Not getting connected,Dialed number does not exist pls check the number you have dialed.. Tried calling so many times..,Completed,2024-12-17 05:48:00 UTC,70000110352,70000110352,70000110352,2024-12-16 05:49:18 UTC,2024-12-16 05:49:18 UTC,,,2024-12-16 05:48:33 UTC
70013154041,Not available,The person you are trying to reach is not available.. Forwarded to voice mail.. Tried calling so many times,Completed,2024-12-17 05:56:00 UTC,70000110352,70000110352,70000110352,2024-12-16 05:58:07 UTC,2024-12-16 05:58:07 UTC,,,2024-12-16 05:56:18 UTC
70013154957,future project, Client is looking plot at  omr only no where else,Completed,2024-12-17 07:03:00 UTC,70000110352,70000110352,70000110352,2024-12-16 07:04:17 UTC,2024-12-16 07:04:17 UTC,,,2024-12-16 07:04:00 UTC
70013155024,out of srvice,The number you are calling is temporary out of service.. Pls try later,Completed,2024-12-17 07:08:00 UTC,70000110352,70000110352,70000110352,2024-12-16 07:08:22 UTC,2024-12-16 07:08:22 UTC,,,2024-12-16 07:08:03 UTC
70013155119,out of service,The dialed number does not exist pls check the number you have dialedd,Completed,2024-12-17 07:11:00 UTC,70000110352,70000110352,70000110352,2024-12-16 07:12:38 UTC,2024-12-16 07:12:38 UTC,,,2024-12-16 07:11:39 UTC
70013155675,not intrested,Client says not now she is not looking for any property…and then cuts the cal,Completed,2024-12-17 07:41:00 UTC,70000110352,70000110352,70000110352,2024-12-16 07:41:46 UTC,2024-12-16 07:41:46 UTC,,,2024-12-16 07:41:30 UTC
70013162024,looking property at other district,Client looking plot at tirunelveli  only other than no where else,Completed,2024-12-18 05:15:00 UTC,70000110352,70000110352,70000110352,2024-12-17 05:16:28 UTC,2024-12-17 05:16:28 UTC,,,2024-12-17 05:16:00 UTC
70013162460,not intrested,Client says not intrested and then cuts the call.After getting all details of our project,Completed,2024-12-18 06:22:00 UTC,70000110352,70000110352,70000110352,2024-12-17 06:22:46 UTC,2024-12-17 06:22:46 UTC,,,2024-12-17 06:22:31 UTC
70013162852,out of country,Tried calling today to client ..your call has been forwarded to voice mail…,Completed,2024-12-18 06:48:00 UTC,70000110352,70000110352,70000110352,2024-12-17 06:49:36 UTC,2024-12-17 06:49:36 UTC,,,2024-12-17 06:48:41 UTC
70013163085,villa plots,Client wanted to know the details of viila plot details. after having discussed all details sent through whats app. Client says he will have site visit this week end and then decide,Completed,2024-12-18 07:01:00 UTC,70000110352,70000110352,70000110352,2024-12-17 07:01:44 UTC,2024-12-17 07:01:44 UTC,,,2024-12-17 07:01:24 UTC
70013177624,Vivirti project,Client enquired about viviriti project… All details sent through whats app. Client said this week end will have site visit and then decide client budget is up to 2 crores only,Completed,2024-12-20 05:13:00 UTC,70000110352,70000110352,70000110352,2024-12-19 05:13:28 UTC,2024-12-19 05:13:28 UTC,,,2024-12-19 05:13:08 UTC
70013177643,Magnolia woods,Client intrested in magnolia woods project wanted 1800 sqft ground for purchase. Unfortunately this project is already sold out,Completed,2024-12-20 05:17:00 UTC,70000110352,70000110352,70000110352,2024-12-19 05:18:04 UTC,2024-12-19 05:18:04 UTC,,,2024-12-19 05:17:42 UTC
70013177694,Vendor,This client is a vendor….doing digital market buisness,Completed,2024-12-20 05:32:00 UTC,70000110352,70000110352,70000110352,2024-12-19 05:32:45 UTC,2024-12-19 05:32:45 UTC,,,2024-12-19 05:32:28 UTC
70013177715,Site visited villa plots,Client has visited our villa viviana site yesterday evening.. Client has seen our left out 3 remaining plots. Which he didnt like because of road width is only 16ft and olso plot location is at extreme end. Client needs plot next to club house..,Completed,2024-12-20 05:36:00 UTC,70000110352,70000110352,70000110352,2024-12-19 05:37:11 UTC,2024-12-19 05:37:11 UTC,,,2024-12-19 05:36:48 UTC
70013177758,Rnr 2,The person you are calling is not answering.. Pls try again later,Completed,2024-12-20 05:44:00 UTC,70000110352,70000110352,70000110352,2024-12-19 05:45:16 UTC,2024-12-19 05:45:16 UTC,,,2024-12-19 05:44:57 UTC
70013177785,Not intrested,"Client says she is not looking for any plots and then cuts the call

",Completed,2024-12-20 05:49:00 UTC,70000110352,70000110352,70000110352,2024-12-19 05:49:34 UTC,2024-12-19 05:49:34 UTC,,,2024-12-19 05:49:08 UTC
70013177860,Not keen,Discussed with client regarding vipaasna project. Client says the whole sree nagar colony is low lying area and they had worst experience in water logging which they have daced earlier when they were staying on rent in that area.. So client says that they are not keen on looking our project,Completed,2024-12-20 06:05:00 UTC,70000110352,70000110352,70000110352,2024-12-19 06:07:31 UTC,2024-12-19 06:07:31 UTC,,,2024-12-19 06:05:43 UTC
70013177876,Other projects,Again convinced to client regarding our other project of ours. Client said will discussed with her husband and then decide,Completed,2024-12-20 06:09:00 UTC,70000110352,70000110352,70000110352,2024-12-19 06:10:00 UTC,2024-12-19 06:10:00 UTC,,,2024-12-19 06:09:32 UTC
70013177992,City limits,Client looking plot at aynavaram only no where else,Completed,2024-12-20 06:17:00 UTC,70000110352,70000110352,70000110352,2024-12-19 06:20:38 UTC,2024-12-19 06:20:38 UTC,,,2024-12-19 06:17:24 UTC
70013178020,General enquiry,Discussed with client yesterday. Client was enquiring generally about our vipaasna project. And said will let me know. Today now i am calling her she is disconncting my calls . Tried calling so many timess,Completed,2024-12-20 06:24:00 UTC,70000110352,70000110352,70000110352,2024-12-19 06:24:54 UTC,2024-12-19 06:24:54 UTC,,,2024-12-19 06:24:31 UTC
70013178093,not intrested,The person you are calling is not answering…Pls try later..Suddenly client calls me from unknown and says he is not intrested in buying any property right now,Completed,2024-12-20 06:31:00 UTC,70000110352,70000110352,70000110352,2024-12-19 06:32:06 UTC,2024-12-19 06:32:06 UTC,,,2024-12-19 06:31:52 UTC
70013178180,Vendors,This client is a vendor… Suppling raw materials for construction,Completed,2024-12-20 06:37:00 UTC,70000110352,70000110352,70000110352,2024-12-19 06:37:28 UTC,2024-12-19 06:37:28 UTC,,,2024-12-19 06:37:12 UTC
70013178378,Traveling,Client says right now he is travelling advice me to call him after two days,Completed,2024-12-20 06:47:00 UTC,70000110352,70000110352,70000110352,2024-12-19 06:48:18 UTC,2024-12-19 06:48:18 UTC,,,2024-12-19 06:47:12 UTC
70013180854,No response,Again the same story.. The person you are calling is not answering…Pls try later,Completed,2024-12-20 09:10:00 UTC,70000110352,70000110352,70000110352,2024-12-19 09:11:07 UTC,2024-12-19 09:11:07 UTC,,,2024-12-19 09:10:34 UTC
70013182332,flat,Discussed with client regarding vipaasna project. Client says the whole sree nagar colony is low lying area and they had worst experience in water logging which they have daced earlier when they were staying on rent in that area.. So client says that they are not keen on looking our project,Completed,2024-12-20 06:03:00 UTC,70000110352,70000110352,70000110352,2024-12-19 11:20:46 UTC,2024-12-19 11:20:46 UTC,,,2024-12-19 06:03:53 UTC
70013185378,not answering,The person you are calling is not answering.. Pls call after some time,Completed,2024-12-21 05:58:00 UTC,70000110352,70000110352,70000110352,2024-12-20 05:58:33 UTC,2024-12-20 05:58:33 UTC,,,2024-12-20 05:58:15 UTC
70013185779,East Tambram,Client looking property at east tambram and no where else,Completed,2024-12-21 06:39:00 UTC,70000110352,70000110352,70000110352,2024-12-20 06:40:11 UTC,2024-12-20 06:40:11 UTC,,,2024-12-20 06:39:50 UTC
70013186151,looking for his friend,Client is looking plot for is friend working in ford company. looking for property at villa viviana project. All details sent through whats app. Client said by next week end will have a site visit and then decide,Completed,2024-12-21 06:58:00 UTC,70000110352,70000110352,70000110352,2024-12-20 06:59:04 UTC,2024-12-20 06:59:04 UTC,,,2024-12-20 06:58:38 UTC
70013190239,not getting connected,Call gets disconnected tried calling so many times,Completed,2024-12-21 10:18:00 UTC,70000110352,70000110352,70000110352,2024-12-20 10:18:35 UTC,2024-12-20 10:18:35 UTC,,,2024-12-20 10:18:18 UTC
70013194850,general enquiry,This client is a very close friend of Mr Navratan lunawat and he himself is a builder. Just for general enquiry he has called us just like before for other projects he used to call,Completed,2024-12-22 07:41:00 UTC,70000110352,70000110352,70000110352,2024-12-21 07:42:10 UTC,2024-12-21 07:42:10 UTC,,,2024-12-21 07:41:51 UTC
70013194929,milange,Client has shown intrest in milange project. All details sent through whats app. Client said will revert back if intrested,Completed,2024-12-22 07:45:00 UTC,70000110352,70000110352,70000110352,2024-12-21 07:46:20 UTC,2024-12-21 07:46:20 UTC,,,2024-12-21 07:46:03 UTC
70013195201,milange,Client has earlier enquired for milange project. all details of project forwarded through whats app. Client said she will visit site tommoroww. before going to site she will call me,Completed,2024-12-22 08:00:00 UTC,70000110352,70000110352,70000110352,2024-12-21 08:00:48 UTC,2024-12-21 08:00:48 UTC,,,2024-12-21 08:00:35 UTC
70013195255,add agency,This client is a vendor,Completed,2024-12-22 08:03:00 UTC,70000110352,70000110352,70000110352,2024-12-21 08:03:35 UTC,2024-12-21 08:03:35 UTC,,,2024-12-21 08:03:17 UTC
70013196032,site visit arranged,Client shown intrest in vivrit project. and also arranged for tommorrow site visit. Once they complete site visit will revert ,Completed,2024-12-22 08:48:00 UTC,70000110352,70000110352,70000110352,2024-12-21 08:48:47 UTC,2024-12-21 08:48:47 UTC,,,2024-12-21 08:48:24 UTC
70013196089,General enquiry,After Discussion with client.. All details sent through whats app. Both milange and vivriti Client said thanks and revert back,Completed,2024-12-22 08:52:00 UTC,70000110352,70000110352,70000110352,2024-12-21 08:53:01 UTC,2024-12-21 08:53:01 UTC,,,2024-12-21 08:52:38 UTC
70013197401,Vendor,This client is a vendor.. Digital marketing,Completed,2024-12-22 10:06:00 UTC,70000110352,70000110352,70000110352,2024-12-21 10:06:48 UTC,2024-12-21 10:06:48 UTC,,,2024-12-21 10:06:06 UTC
70013197516,Sms,Client disconnects my call and advice me to sms..All details sent through sms.. Waiting for client to respond my sms,Completed,2024-12-22 10:24:00 UTC,70000110352,70000110352,70000110352,2024-12-21 10:24:44 UTC,2024-12-21 10:24:44 UTC,,,2024-12-21 10:24:31 UTC
70013197585,met with accident,While travelling client was discussing with me over phone. Suddenly client met with  accident and said will talk to me later and then disconncts my call,Completed,2024-12-22 10:35:00 UTC,70000110352,70000110352,70000110352,2024-12-21 10:35:27 UTC,2024-12-21 10:35:27 UTC,,,2024-12-21 10:35:06 UTC
70013197613,Vaniya vilas,Client budget is up to 3 cr only wanted 4 bhk flat in vaniya vilas project. Client said will call me before going for site visit,Completed,2024-12-22 10:39:00 UTC,70000110352,70000110352,70000110352,2024-12-21 10:39:26 UTC,2024-12-21 10:39:26 UTC,,,2024-12-21 10:39:08 UTC
70013206391,villa plots,Client was just enquirying about our project just wanted to know the price for curosity,Overdue,2024-12-24 05:35:00 UTC,70000110352,70000110352,70000110352,2024-12-23 05:36:45 UTC,2024-12-23 05:36:45 UTC,,,
70013206419,Arihant staff,This client is arihant technical staff.He just wanted to know when the client will come for site visit,Completed,2024-12-24 05:44:00 UTC,70000110352,70000110352,70000110352,2024-12-23 05:44:24 UTC,2024-12-23 05:44:24 UTC,,,2024-12-23 05:44:05 UTC
70013206434,karthick anarock,Client is looking for milange project only. Details forwsrded to karthck anarock,Completed,2024-12-24 05:46:00 UTC,70000110352,70000110352,70000110352,2024-12-23 05:47:18 UTC,2024-12-23 05:47:18 UTC,,,2024-12-23 05:47:00 UTC
70013206517,villa plots,Discussed with client now. Client says will check and revert back if needed. All details sent through whats app,Completed,2024-12-24 06:00:00 UTC,70000110352,70000110352,70000110352,2024-12-23 06:00:27 UTC,2024-12-23 06:00:27 UTC,,,2024-12-23 06:00:08 UTC
70013206639,milange,Client looking for milange project…Forwarded this client to karthck anarock,Completed,2024-12-24 06:24:00 UTC,70000110352,70000110352,70000110352,2024-12-23 06:25:03 UTC,2024-12-23 06:25:03 UTC,,,2024-12-23 06:24:42 UTC
70013207462,viviriti,Client says her daughter is an architect and also visited site yesterday afternoon. Client says they didnt like the design and the building is so close to compound wall and road level is very low so water logging are more chances so client is not intrested,Completed,2024-12-24 07:13:00 UTC,70000110352,70000110352,70000110352,2024-12-23 07:13:55 UTC,2024-12-23 07:13:55 UTC,,,2024-12-23 07:13:19 UTC
70013207567,Milange,Forwarded this details to karthck anarock to follow,Completed,2024-12-24 07:19:00 UTC,70000110352,70000110352,70000110352,2024-12-23 07:19:52 UTC,2024-12-23 07:19:52 UTC,,,2024-12-23 07:19:13 UTC
70013207630,Viviriti,Client name is devki.. And she has given me her whats app number.. All details sent through whats app.. Client said she will revert back to with in one week,Completed,2024-12-24 07:23:00 UTC,70000110352,70000110352,70000110352,2024-12-23 07:23:41 UTC,2024-12-23 07:23:41 UTC,,,2024-12-23 07:23:18 UTC
70013208014,Milange,Fowarded this number to karthck anarock for follow up. Milange property,Completed,2024-12-24 07:44:00 UTC,70000110352,70000110352,70000110352,2024-12-23 07:44:53 UTC,2024-12-23 07:44:53 UTC,,,2024-12-23 07:44:36 UTC
70013208081,Vivriti,Client name is devki.. And she has given me her whats app number.. All details sent through whats app.. Client said she will revert back to with in one week,Completed,2024-12-24 07:49:00 UTC,70000110352,70000110352,70000110352,2024-12-23 07:49:49 UTC,2024-12-23 07:49:49 UTC,,,2024-12-23 07:49:44 UTC
70013208101,Milange,Fowarded this details to mr karthick anarock,Completed,2024-12-24 07:51:00 UTC,70000110352,70000110352,70000110352,2024-12-23 07:52:06 UTC,2024-12-23 07:52:06 UTC,,,2024-12-23 07:51:50 UTC
70013208255,Villa Plot, Client shown some intrest in villa plots. All details sent through whats app. Client said by this week end he will try to go for site visit,Completed,2024-12-24 08:00:00 UTC,70000110352,70000110352,70000110352,2024-12-23 08:01:22 UTC,2024-12-23 08:01:22 UTC,,,2024-12-23 08:00:50 UTC
70013212663,Follow up for site visit,,Completed,2025-01-02 05:45:00 UTC,70000089514,70000089514,70000089514,2024-12-23 16:25:50 UTC,2025-01-03 06:09:59 UTC,Interested,Follow up,2025-01-03 06:09:59 UTC
70013214629,follow up ,,Overdue,2024-12-30 05:45:00 UTC,70000089514,70000089514,70000089514,2024-12-24 05:58:18 UTC,2024-12-24 05:58:18 UTC,Interested,,
70013215132,Rnr,Tried calling client so many times. The person you are calling is not answering,Completed,2024-12-25 06:49:00 UTC,70000110352,70000110352,70000110352,2024-12-24 06:49:48 UTC,2024-12-24 06:49:48 UTC,,,2024-12-24 06:49:21 UTC
70013215255,Milange,This client is looking for milange project. Pls forward this lead to karthick anarock,Completed,2024-12-25 06:55:00 UTC,70000110352,70000110352,70000110352,2024-12-24 06:56:09 UTC,2024-12-24 06:56:09 UTC,,,2024-12-24 06:55:17 UTC
70013215299,Milange,This client is looking for milange project.. Pls forward this client to karthick anarock,Completed,2024-12-25 06:58:00 UTC,70000110352,70000110352,70000110352,2024-12-24 06:59:02 UTC,2024-12-24 06:59:02 UTC,,,2024-12-24 06:58:34 UTC
70013215442,Ashiana Existing client,Client is an ashaina client looking for plot in city only.He clearly says he is not intrested in apartment at all ,Overdue,2024-12-25 07:05:00 UTC,70000110352,70000110352,70000110352,2024-12-24 07:06:19 UTC,2024-12-24 07:06:19 UTC,,,
70013215900,not intrested,This client said is not looking any property right at all,Completed,2024-12-25 07:29:00 UTC,70000110352,70000110352,70000110352,2024-12-24 07:29:50 UTC,2024-12-24 07:29:50 UTC,,,2024-12-24 07:29:29 UTC
70013227358,north facing plots wanted,Discussed with client now. Client says he need only north facing flats only .Unfortunately we have only 3 plot left out in which one plot is facing east facing and other two are facing south,Completed,2024-12-27 06:31:00 UTC,70000110352,70000110352,70000110352,2024-12-26 06:32:14 UTC,2024-12-26 06:32:14 UTC,,,2024-12-26 06:31:48 UTC
70013227429,intrested in veoery area only  plots,Client need a plot in vepery area only ..no where else..and then cuts the call,Completed,2024-12-27 06:36:00 UTC,70000110352,70000110352,70000110352,2024-12-26 06:37:30 UTC,2024-12-26 06:37:30 UTC,,,2024-12-26 06:36:44 UTC
70013227730,Switched off,The number you are trying to reach is switched off.. pls try later. Tried calling so many times,Completed,2024-12-27 06:54:00 UTC,70000110352,70000110352,70000110352,2024-12-26 06:54:45 UTC,2024-12-26 06:54:45 UTC,,,2024-12-26 06:54:14 UTC
70013227869,Fair pro client,This client has already visited our stall in credai fair pro 2024. She has enquired about our project. Since our project is far from her work so she dropped  it now she has enquired about vivriti project. All details sent through whats app. Client says her husband is not intrested in joint venture project in future because they had a bad experience in one flat which they are residing,Completed,2024-12-27 07:02:00 UTC,70000110352,70000110352,70000110352,2024-12-26 07:03:24 UTC,2024-12-26 07:03:24 UTC,,,2024-12-26 07:02:37 UTC
70013227991,Plot or villa,Client looking plot at palavaram / gudvancherry only either plot or flats. Budget up to 60 lakhs only. Not in marai malai nagar,Completed,2024-12-27 07:09:00 UTC,70000110352,70000110352,70000110352,2024-12-26 07:09:45 UTC,2024-12-26 07:09:45 UTC,,,2024-12-26 07:09:08 UTC
70013228230,Villa plot,Client brother is staying in villa no 66 on rent. She says she will go tommorrow to meet to meet her. Will see the plot and revert back,Completed,2024-12-27 07:24:00 UTC,70000110352,70000110352,70000110352,2024-12-26 07:24:35 UTC,2024-12-26 07:24:35 UTC,,,2024-12-26 07:24:22 UTC
70013234562,follow up ,,Overdue,2024-12-30 05:45:00 UTC,70000089514,70000089514,70000089514,2024-12-27 06:01:47 UTC,2024-12-27 06:01:47 UTC,Interested,,
70013234596,Follow up ,,Completed,2025-01-02 05:45:00 UTC,70000089514,70000089514,70000089514,2024-12-27 06:07:20 UTC,2025-01-02 09:17:11 UTC,,Follow up,2025-01-02 09:17:10 UTC
70013234603,follow up ,,Completed,2025-01-02 06:08:00 UTC,70000089514,70000089514,70000089514,2024-12-27 06:08:35 UTC,2025-01-03 06:10:01 UTC,,,2025-01-03 06:10:01 UTC
70013234744,Patipulam Plots,This client Mr Anand shown intrest in our new projects patipulam area which we are yet to launch. Will forward all details once brouchure and plots will be finalized.,Completed,2024-12-28 06:27:00 UTC,70000110352,70000110352,70000110352,2024-12-27 06:29:45 UTC,2024-12-27 06:29:45 UTC,,,2024-12-27 06:27:58 UTC
70013235067,Plots at navaloor,Client says he is looking plots at navaloor area only working in it industry he needs plot should be near by metro lines. budget is up 70 lakhs only,Completed,2024-12-28 06:36:00 UTC,70000110352,70000110352,70000110352,2024-12-27 06:37:23 UTC,2024-12-27 06:37:23 UTC,,,2024-12-27 06:36:48 UTC
70013235401,Only Villas,This client need only ready to build villa only.. client doesnt want plot  . Budget is up to 1cr. tried convincing for plot  client says no onlyvillas,Completed,2024-12-28 06:43:00 UTC,70000110352,70000110352,70000110352,2024-12-27 06:44:08 UTC,2024-12-27 06:44:08 UTC,,,2024-12-27 06:43:47 UTC
70013235714,Rnr,The person you are calling is not answering my calls.. Pls try later tried calling so many times,Completed,2024-12-28 06:50:00 UTC,70000110352,70000110352,70000110352,2024-12-27 06:50:36 UTC,2024-12-27 06:50:36 UTC,,,2024-12-27 06:50:19 UTC
70013235910,RNR2,Tried calling client so many times. The person you are calling is not answering today also ,Completed,2024-12-28 06:54:00 UTC,70000110352,70000110352,70000110352,2024-12-27 06:54:40 UTC,2024-12-27 06:54:40 UTC,,,2024-12-27 06:54:17 UTC
70013243673,vendor,This client is a vendor..Adviced him to call landline for purchase,Completed,2024-12-28 09:42:00 UTC,70000110352,70000110352,70000110352,2024-12-27 09:42:30 UTC,2024-12-27 09:42:30 UTC,,,2024-12-27 09:42:14 UTC
70013243761,Vendor,This client is a vendor..Advice him to call land line for purchase,Completed,2024-12-28 09:43:00 UTC,70000110352,70000110352,70000110352,2024-12-27 09:44:06 UTC,2024-12-27 09:44:06 UTC,,,2024-12-27 09:43:22 UTC
70013243933,Number does not exist,The dialed number does not exist. Pls check the number you have dialed..,Completed,2024-12-28 09:47:00 UTC,70000110352,70000110352,70000110352,2024-12-27 09:47:45 UTC,2024-12-27 09:47:45 UTC,,,2024-12-27 09:47:21 UTC
70013244255,Ringing no response,The person you are calling is not answering… Pls try later. Tried calling so many times,Completed,2024-12-28 09:54:00 UTC,70000110352,70000110352,70000110352,2024-12-27 09:54:38 UTC,2024-12-27 09:54:38 UTC,,,2024-12-27 09:54:05 UTC
70013247737,Disconnecting calls,Client is disconnecting my calls tried calling so many times.. will again try to call him some time later,Completed,2024-12-29 05:56:00 UTC,70000110352,70000110352,70000110352,2024-12-28 05:57:44 UTC,2024-12-28 05:57:44 UTC,,,2024-12-28 05:57:02 UTC
70013261976,Follow up ,"",Overdue,2025-01-02 06:15:00 UTC,70000089514,70000089514,70000089514,2024-12-30 06:54:33 UTC,2024-12-30 06:54:33 UTC,,,
70013264915,Viviriti site, Client Looking property at kottivakam / perungudi area. Explained about our project viviriti. All details sent through whats app. Client said will do site visit today and let us know either they are intrested or not,Completed,2024-12-31 09:07:00 UTC,70000110352,70000110352,70000110352,2024-12-30 09:07:24 UTC,2024-12-30 09:07:24 UTC,,,2024-12-30 09:07:10 UTC
70013265003,ntrested in milang,Client is an architect and intrested in our milange project. Forwarded all details through whats app. And given instruction Mr karthick to follow up further,Completed,2024-12-31 09:10:00 UTC,70000110352,70000110352,70000110352,2024-12-30 09:11:13 UTC,2024-12-30 09:11:13 UTC,,,2024-12-30 09:11:11 UTC
70013265072,Number does not exceed,The dialed number does not exist. Pls check the number you have dialed….Tried calling so many times,Completed,2024-12-31 09:14:00 UTC,70000110352,70000110352,70000110352,2024-12-30 09:14:53 UTC,2024-12-30 09:14:53 UTC,,,2024-12-30 09:14:30 UTC
70013265334,Not Answering,The person you are calling is not answering pls try later.. Tried calling so many times,Completed,2024-12-31 09:27:00 UTC,70000110352,70000110352,70000110352,2024-12-30 09:28:13 UTC,2024-12-30 09:28:13 UTC,,,2024-12-30 09:27:09 UTC
70013265616,budget,The dialed number does not exist. Pls check the number you have dialed….Tried calling so many times,Completed,2024-12-31 09:40:00 UTC,70000110352,70000110352,70000110352,2024-12-30 09:40:53 UTC,2024-12-30 09:40:53 UTC,,,2024-12-30 09:40:40 UTC
70013266521,Villa !82 relative,Client says his relative have already purchased villa no 182 already. Client says intrested in plots. Client said by this week end will again visit site and then decide..,Completed,2024-12-31 10:57:00 UTC,70000110352,70000110352,70000110352,2024-12-30 10:57:44 UTC,2024-12-30 10:57:44 UTC,,,2024-12-30 10:57:13 UTC
70013269305,Viviriti Project,Discussed with client regarding viviriti project. All details sent through whats app. Few technical question been asked by client. I have forward quaries to technical team. Once that is cleared again discuss with client,Completed,2025-01-01 05:36:00 UTC,70000110352,70000110352,70000110352,2024-12-31 05:36:59 UTC,2024-12-31 05:36:59 UTC,,,2024-12-31 05:36:17 UTC
70013269336,Channel patner,This client is a channel partner,Completed,2025-01-01 05:42:00 UTC,70000110352,70000110352,70000110352,2024-12-31 05:44:16 UTC,2024-12-31 05:44:16 UTC,,,2024-12-31 05:44:12 UTC
70013283757,Ohter Enquiery ,Client looking only for farm land only..Client says not looking for patta land,Completed,2025-01-03 06:25:00 UTC,70000110352,70000110352,70000110352,2025-01-02 06:26:06 UTC,2025-01-02 06:26:06 UTC,,,2025-01-02 06:25:09 UTC
70013284036,Lesser investment,Client looking plot for investment client budget is upto 1500 per sqft only looking area ecr pondy route one. Lesser investment higher returns client expecting,Completed,2025-01-03 06:41:00 UTC,70000110352,70000110352,70000110352,2025-01-02 06:42:01 UTC,2025-01-02 06:42:01 UTC,,,2025-01-02 06:41:41 UTC
70013284265,NAvaloor area only,Client need 1000 sqft plot in navaloor only . Next to to his work place sirureri,Completed,2025-01-03 06:50:00 UTC,70000110352,70000110352,70000110352,2025-01-02 06:52:37 UTC,2025-01-02 06:52:37 UTC,,,2025-01-02 06:50:16 UTC
70013284344,Vendor,This client is a vendor,Completed,2025-01-03 06:55:00 UTC,70000110352,70000110352,70000110352,2025-01-02 06:55:40 UTC,2025-01-02 06:55:40 UTC,,,2025-01-02 06:55:20 UTC
70013284444,This lead is followed by malathy madam,This lead is followed by malathy madam,Completed,2025-01-03 07:00:00 UTC,70000110352,70000110352,70000110352,2025-01-02 07:00:26 UTC,2025-01-02 07:00:26 UTC,,,2025-01-02 07:00:02 UTC
70013287878,Follow up for site visit,,Overdue,2025-01-08 06:00:00 UTC,70000089514,70000089514,70000089514,2025-01-02 09:35:52 UTC,2025-01-02 09:35:52 UTC,,,
70013288971,not reachable,The number you are dialing either switched off or not reachable at the moment. Pls try later,Completed,2025-01-03 10:47:00 UTC,70000110352,70000110352,70000110352,2025-01-02 10:48:03 UTC,2025-01-02 10:48:03 UTC,,,2025-01-02 10:47:45 UTC
70013292710,Follow- up for site visit ,,Overdue,2025-01-08 05:15:00 UTC,70000089514,70000089514,70000089514,2025-01-03 06:09:51 UTC,2025-01-03 06:09:51 UTC,,,
70013292958,Villa Plot,Discussed with client …As per client advice all details sent through whats app. Client said will check and revert back if needed,Completed,2025-01-04 06:37:00 UTC,70000110352,70000110352,70000110352,2025-01-03 06:38:09 UTC,2025-01-03 06:38:09 UTC,,,2025-01-03 06:37:28 UTC
70013306081,looking property at kilpauk vepery only,Client budget is upto 3 crores looking property only at kilpauk vepery only. Client says no to hunters road. Client is not keen in hunters road,Completed,2025-01-05 10:10:00 UTC,70000110352,70000110352,70000110352,2025-01-04 10:10:49 UTC,2025-01-04 10:10:49 UTC,,,2025-01-04 10:10:04 UTC
70013306103,not intrested,Client not looking for any property as of now as discussed,Completed,2025-01-05 10:13:00 UTC,70000110352,70000110352,70000110352,2025-01-04 10:13:59 UTC,2025-01-04 10:13:59 UTC,,,2025-01-04 10:13:43 UTC
70013306229,viviriti,After discussion with client.. Client has visited site on last monday. Client said will discuss with family. Client als said he is a close friend of Md Ramaswamy (Fresh Works ). After two days client says his family didnt like the location . So they have kept on hold.,Completed,2025-01-05 10:32:00 UTC,70000110352,70000110352,70000110352,2025-01-04 10:33:45 UTC,2025-01-04 10:33:45 UTC,,,2025-01-04 10:33:01 UTC
70013319160,follow up,,Completed,2025-01-07 09:48:00 UTC,70000110350,70000110350,70000110350,2025-01-06 09:48:44 UTC,2025-01-28 10:35:18 UTC,,,2025-01-28 10:35:16 UTC
70013341317,follow up ,,Overdue,2025-01-10 07:00:00 UTC,70000089514,70000089514,70000089514,2025-01-09 06:00:21 UTC,2025-01-09 06:00:21 UTC,,,
70013444442,vendor, This client is a vendor…,Completed,2025-01-21 09:01:00 UTC,70000110352,70000110352,70000110352,2025-01-20 09:01:39 UTC,2025-01-20 09:01:39 UTC,,,2025-01-20 09:01:22 UTC
70013444601,Viviriti,Discussed with client. Client shown intrest in viviriti project. Customer has visited site on 7th january 2025. Client likes the floor plan and happy with design too. But client is not happy with sorroundings which is next to our property. Client says thanks and not intrested,Completed,2025-01-21 09:07:00 UTC,70000110352,70000110352,70000110352,2025-01-20 09:07:37 UTC,2025-01-20 09:07:37 UTC,,,2025-01-20 09:07:21 UTC
70013444769,Not reachable,The number you are calling or not reachable at the moment.. Pls try later. Tried calling so many time,Completed,2025-01-21 09:15:00 UTC,70000110352,70000110352,70000110352,2025-01-20 09:15:58 UTC,2025-01-20 09:15:58 UTC,,,2025-01-20 09:15:40 UTC
70013444948,Villa plot,Discussed with client now. Client says will discussed with his family and get back to us. All details sent through whats app.,Completed,2025-01-21 09:23:00 UTC,70000110352,70000110352,70000110352,2025-01-20 09:23:49 UTC,2025-01-20 09:23:49 UTC,,,2025-01-20 09:23:25 UTC
70013445035,Switched off,The number you are calling is currently switched off. Pls try later,Completed,2025-01-21 09:27:00 UTC,70000110352,70000110352,70000110352,2025-01-20 09:28:18 UTC,2025-01-20 09:28:18 UTC,,,2025-01-20 09:27:47 UTC
70013445201,Disconnecting,Client is diconnecting my calls tried calling so many times..,Completed,2025-01-21 09:33:00 UTC,70000110352,70000110352,70000110352,2025-01-20 09:34:50 UTC,2025-01-20 09:34:50 UTC,,,2025-01-20 09:33:04 UTC
70013445655,Budget up to 10 lakhs only,Client is disconnecting my calls tried calling so many times..,Completed,2025-01-21 09:52:00 UTC,70000110352,70000110352,70000110352,2025-01-20 09:53:33 UTC,2025-01-20 09:53:33 UTC,,,2025-01-20 09:52:54 UTC
70013446099,patipulam plots,Client shown intrest in patipulam plot. Ebrouchure forwarded through whats app. Client said will discuss and revert back to us,Completed,2025-01-21 10:31:00 UTC,70000110352,70000110352,70000110352,2025-01-20 10:32:14 UTC,2025-01-20 10:32:14 UTC,,,2025-01-20 10:31:55 UTC
70013446144,Vendor,This client is a vendor….,Completed,2025-01-21 10:35:00 UTC,70000110352,70000110352,70000110352,2025-01-20 10:36:00 UTC,2025-01-20 10:36:00 UTC,,,2025-01-20 10:35:40 UTC
70013450269,Vihaana,Client looking propertry at vihaana project/.. Its an old project and completely sold out. Client need at vihaana only and no where else,Completed,2025-01-22 06:12:00 UTC,70000110352,70000110352,70000110352,2025-01-21 06:13:18 UTC,2025-01-21 06:13:18 UTC,,,2025-01-21 06:12:53 UTC
70013450479,vihaana,Client looking propertry at vihaana project/.. Its an old project and completely sold out. Client need at vihaana only and no where else,Completed,2025-01-22 06:34:00 UTC,70000110352,70000110352,70000110352,2025-01-21 06:34:55 UTC,2025-01-21 06:34:55 UTC,,,2025-01-21 06:34:40 UTC
70013450721,hannel partner,This client is a broker Channel partner,Completed,2025-01-22 06:46:00 UTC,70000110352,70000110352,70000110352,2025-01-21 06:46:41 UTC,2025-01-21 06:46:41 UTC,,,2025-01-21 06:46:24 UTC
70013450831,Nager koil,Client says he is looking property only at nagerkoil only.. No where else,Completed,2025-01-22 06:50:00 UTC,70000110352,70000110352,70000110352,2025-01-21 06:50:46 UTC,2025-01-21 06:50:46 UTC,,,2025-01-21 06:50:43 UTC
70013451009,Not reachable,The number you are calling is not answering ...Pls try later. Tried calling so many times,Completed,2025-01-22 06:56:00 UTC,70000110352,70000110352,70000110352,2025-01-21 06:57:51 UTC,2025-01-21 06:57:51 UTC,,,2025-01-21 06:56:51 UTC
70013451132,Not intrested ,Before explaining about our project client says if intrested will let you know,Completed,2025-01-22 07:02:00 UTC,70000110352,70000110352,70000110352,2025-01-21 07:02:39 UTC,2025-01-21 07:02:39 UTC,,,2025-01-21 07:02:19 UTC
70013451667,Not intrested,Client says not looking any plots right now and then cuts the call,Completed,2025-01-22 07:21:00 UTC,70000110352,70000110352,70000110352,2025-01-21 07:21:50 UTC,2025-01-21 07:22:14 UTC,Not interested,,2025-01-21 07:22:14 UTC
70013451778,Not intrested, Client saysNot intrested in buying any property as of now,Completed,2025-01-22 07:25:00 UTC,70000110352,70000110352,70000110352,2025-01-21 07:26:20 UTC,2025-01-21 07:26:20 UTC,,,2025-01-21 07:25:59 UTC
70013459723,Vendor,This client is a vendor,Completed,2025-01-23 05:41:00 UTC,70000110352,70000110352,70000110352,2025-01-22 05:42:29 UTC,2025-01-22 05:42:29 UTC,,,2025-01-22 05:41:59 UTC
70013460382,Rnr,The number you are calling is not answering.. Pls try later,Completed,2025-01-23 06:03:00 UTC,70000110352,70000110352,70000110352,2025-01-22 06:42:31 UTC,2025-01-22 06:42:31 UTC,,,2025-01-22 06:03:36 UTC
70013460450,does not exist,The number you have dialed does not exist…Pls check the number you have dialed,Completed,2025-01-23 06:45:00 UTC,70000110352,70000110352,70000110352,2025-01-22 06:45:52 UTC,2025-01-22 06:45:52 UTC,,,2025-01-22 06:45:23 UTC
70013460539,Proclaim buisness,This client is a earth remover proclaim buisness,Completed,2025-01-23 06:49:00 UTC,70000110352,70000110352,70000110352,2025-01-22 06:49:38 UTC,2025-01-22 06:49:38 UTC,,,2025-01-22 06:49:22 UTC
70013460743,poonamalle,Client looking plot at poonamalee area only.. NExt to his work place,Completed,2025-01-23 06:55:00 UTC,70000110352,70000110352,70000110352,2025-01-22 06:58:18 UTC,2025-01-22 06:58:18 UTC,,,2025-01-22 06:55:06 UTC
70013460883,Out of coverage area,The number you are calling is out of network coverage area..Thried calling so many times,Completed,2025-01-23 07:02:00 UTC,70000110352,70000110352,70000110352,2025-01-22 07:02:45 UTC,2025-01-22 07:02:45 UTC,,,2025-01-22 07:02:24 UTC
70013461058,Not intrested,Client lift the call and not answering seems busy in his buisness and the after some time cuts the call.,Completed,2025-01-23 07:08:00 UTC,70000110352,70000110352,70000110352,2025-01-22 07:08:38 UTC,2025-01-22 07:08:38 UTC,,,2025-01-22 07:08:11 UTC
70013469142,Poonamalee area only,Discussed with client now. Client says she is intrested only in poonamalee area only,Completed,2025-01-24 05:32:00 UTC,70000110352,70000110352,70000110352,2025-01-23 05:33:19 UTC,2025-01-23 05:33:19 UTC,,,2025-01-23 05:32:57 UTC
70013479712,no reasponse,The person you are calling is not answering pls try later. Since yesterday no response from client,Completed,2025-01-25 07:07:00 UTC,70000110352,70000110352,70000110352,2025-01-24 07:08:23 UTC,2025-01-24 07:08:23 UTC,,,2025-01-24 07:07:14 UTC
70013483679,Commercial Space,Client looking space for rental in arihant rohini project. Unfortunately it completely sold out,Completed,2025-01-25 10:20:00 UTC,70000110352,70000110352,70000110352,2025-01-24 10:21:01 UTC,2025-01-24 10:21:01 UTC,,,2025-01-24 10:20:40 UTC
70013483711,Viviriti Project,Client need 3 bhk apartment in kotivakam area. Client budget is up to 1.80 crore only. Client shown intrest on vivirit. Budget is constraint and they need 3 bhk only,Completed,2025-01-25 10:24:00 UTC,70000110352,70000110352,70000110352,2025-01-24 10:25:13 UTC,2025-01-24 10:25:13 UTC,,,2025-01-24 10:24:35 UTC
70013483759,womens welfare scheme,Client is dealing with womens welfare scheme,Completed,2025-01-25 10:30:00 UTC,70000110352,70000110352,70000110352,2025-01-24 10:30:28 UTC,2025-01-24 10:30:28 UTC,,,2025-01-24 10:30:03 UTC
70013486879,krsna project,Client Shown in krsna project abhirampuram. looking for 4 bhk apartment with bigger size. Client said she will discuss with her husband and then revert back if needed,Completed,2025-01-26 05:17:00 UTC,70000110352,70000110352,70000110352,2025-01-25 05:17:35 UTC,2025-01-25 05:17:35 UTC,,,2025-01-25 05:17:16 UTC
70013490877,Budget,Client shown intrest in viviriti project. But his budget is only up to 1.8 cr only. Unfortunately our budget starts from 2.5 cr onwards,Completed,2025-01-26 09:28:00 UTC,70000110352,70000110352,70000110352,2025-01-25 09:29:02 UTC,2025-01-25 09:29:02 UTC,,,2025-01-25 09:28:47 UTC
70013490993,milange, Client budget is up to 1.30 cr wanted 3 bhk flat in valsarvakam .All details sent through whats app. Client is from coimbatore. He wil discuss with his father and revert back. if needed,Completed,2025-01-26 09:34:00 UTC,70000110352,70000110352,70000110352,2025-01-25 09:34:20 UTC,2025-01-25 09:34:20 UTC,,,2025-01-25 09:34:06 UTC
70013501036,Property jv,Client need a builder to devlop his property at thiruvanmiyur,Completed,2025-01-28 05:41:00 UTC,70000110352,70000110352,70000110352,2025-01-27 05:42:02 UTC,2025-01-27 05:42:02 UTC,,,2025-01-27 05:41:15 UTC
70013501251,Web Designer,This client is a web designer wanted his housing board property to be developed jv,Completed,2025-01-28 06:15:00 UTC,70000110352,70000110352,70000110352,2025-01-27 06:16:16 UTC,2025-01-27 06:16:16 UTC,,,2025-01-27 06:15:58 UTC
70013501398,Gwc plots,Client looking plot at thalambur gwc only. Budget is up to 1.3 crores. Client says he is not intrested in ecr mahaballipuram area . wanted only in omr,Completed,2025-01-28 06:30:00 UTC,70000110352,70000110352,70000110352,2025-01-27 06:31:38 UTC,2025-01-27 06:31:38 UTC,,,2025-01-27 06:30:53 UTC
70013501729,villa plot,Discussed with client now. Client says pls forward me all details through whats app. Client says if he is intrested he will revert back to us ,Completed,2025-01-28 06:41:00 UTC,70000110352,70000110352,70000110352,2025-01-27 06:41:45 UTC,2025-01-27 06:41:45 UTC,,,2025-01-27 06:41:17 UTC
70013507044,Digitil ,This client is a vendor,Completed,2025-01-28 09:39:00 UTC,70000110352,70000110352,70000110352,2025-01-27 09:40:40 UTC,2025-01-27 09:40:40 UTC,,,2025-01-27 09:39:46 UTC
70013512611,Land dispute,Existing client wanted to talk with mr vimal/ Mr harish regarding land dispute,Completed,2025-01-29 05:59:00 UTC,70000110352,70000110352,70000110352,2025-01-28 06:00:01 UTC,2025-01-28 06:00:01 UTC,,,2025-01-28 05:59:45 UTC
70013512649,vendor,This client is a vendor,Completed,2025-01-29 06:03:00 UTC,70000110352,70000110352,70000110352,2025-01-28 06:03:52 UTC,2025-01-28 06:03:52 UTC,,,2025-01-28 06:03:38 UTC
70013512677,Krsna,Discussed with client last evening. Client said still she has not discussed with husband yet . Will discuss and revert back,Completed,2025-01-29 06:07:00 UTC,70000110352,70000110352,70000110352,2025-01-28 06:08:04 UTC,2025-01-28 06:08:04 UTC,,,2025-01-28 06:07:43 UTC
70013512702,vipaasna,Client said will revert back once he is free. Right now he is busy,Completed,2025-01-29 06:12:00 UTC,70000110352,70000110352,70000110352,2025-01-28 06:13:27 UTC,2025-01-28 06:13:27 UTC,,,2025-01-28 06:12:30 UTC
70013512716,not keen,Client says its far away from city. So family members are not keen in buying a property,Completed,2025-01-29 06:16:00 UTC,70000110352,70000110352,70000110352,2025-01-28 06:16:20 UTC,2025-01-28 06:16:20 UTC,,,2025-01-28 06:16:05 UTC
70013519450,patipulam village,Client enquired for patipulam plots. after discussion all details sent through whats app. Client said mrs malathy is following up.,Completed,2025-01-29 10:05:00 UTC,70000110352,70000110352,70000110352,2025-01-28 10:05:32 UTC,2025-01-28 10:05:32 UTC,,,2025-01-28 10:05:08 UTC
70013519478,cirla,Client visited our cirla project last evening. Client budget is up to 8cr. Our project cost starts from 16 cr on wards,Completed,2025-01-29 10:09:00 UTC,70000110352,70000110352,70000110352,2025-01-28 10:10:04 UTC,2025-01-28 10:10:04 UTC,,,2025-01-28 10:09:50 UTC
70013519503,budget,Client need 600 sqft plots budget up to 10 lakhs only. ,Completed,2025-01-29 10:13:00 UTC,70000110352,70000110352,70000110352,2025-01-28 10:14:15 UTC,2025-01-28 10:14:15 UTC,,,2025-01-28 10:13:13 UTC
70013519526,milange,Client looking property milange. Forwarded all details through whats app. And also forwarded this lead to mr karthick (anarock ) to follow up,Completed,2025-01-29 10:17:00 UTC,70000110352,70000110352,70000110352,2025-01-28 10:17:30 UTC,2025-01-28 10:17:30 UTC,,,2025-01-28 10:17:16 UTC
70013519566,Poonamallee area want plot,Client looking plot at poonamalee area only next to work place,Completed,2025-01-29 10:21:00 UTC,70000110352,70000110352,70000110352,2025-01-28 10:22:25 UTC,2025-01-28 10:22:25 UTC,,,2025-01-28 10:22:04 UTC
70013519989,rnr,The person you are calling is not answering. Pls call later,Completed,2025-01-29 11:12:00 UTC,70000110352,70000110352,70000110352,2025-01-28 11:13:19 UTC,2025-01-28 11:13:19 UTC,,,2025-01-28 11:12:35 UTC
70013538035,Vendor,This client is a vendor,Completed,2025-01-31 10:47:00 UTC,70000110352,70000110352,70000110352,2025-01-30 10:48:08 UTC,2025-01-30 10:48:08 UTC,,,2025-01-30 10:47:42 UTC
70013538113,on hold tiara project,Client need two bhk flat in tiara  project  budget is up to 60 lakhs. Unfortunately tiara sales kept on hold due to guide line value difference,Completed,2025-01-31 10:52:00 UTC,70000110352,70000110352,70000110352,2025-01-30 10:52:50 UTC,2025-01-30 10:52:50 UTC,,,2025-01-30 10:52:22 UTC
70013538153,water proffing vendor,This client is a sara water proffing vendor,Completed,2025-01-31 10:57:00 UTC,70000110352,70000110352,70000110352,2025-01-30 10:57:54 UTC,2025-01-30 10:57:54 UTC,,,2025-01-30 10:57:33 UTC
70013545110,Rnr,The person you are calling si not answering pls call after some time,Overdue,2025-02-01 09:03:00 UTC,70000110352,70000110352,70000110352,2025-01-31 09:03:51 UTC,2025-01-31 09:03:51 UTC,,,
70013546858,Vendor,This client seems to be a data collecting team from north. Just to gater information about our project,Completed,2025-02-01 10:47:00 UTC,70000110352,70000110352,70000110352,2025-01-31 10:47:55 UTC,2025-01-31 10:47:55 UTC,,,2025-01-31 10:47:07 UTC
70013546882,rnr,Client is disconnecting my calls tried calling so many times,Completed,2025-02-01 10:50:00 UTC,70000110352,70000110352,70000110352,2025-01-31 10:51:35 UTC,2025-01-31 10:51:35 UTC,,,2025-01-31 10:50:58 UTC
70013571638,Vendor,This client is a vendor,Completed,2025-02-05 05:48:00 UTC,70000110352,70000110352,70000110352,2025-02-04 05:48:28 UTC,2025-02-04 05:48:28 UTC,,,2025-02-04 05:48:07 UTC
70013574998,Existing client,This Client is eixting client need number for suresh kumar regarding his falt dispute,Completed,2025-02-05 08:45:00 UTC,70000110352,70000110352,70000110352,2025-02-04 08:46:15 UTC,2025-02-04 08:46:15 UTC,,,2025-02-04 08:45:43 UTC
70013576671,Old project tiara,This client looking apartment at tiara project 2 bhk flat with budget of 80 lakhs . Unfortunately arihant share already sold out. ,Completed,2025-02-05 10:12:00 UTC,70000110352,70000110352,70000110352,2025-02-04 10:13:28 UTC,2025-02-04 10:13:28 UTC,,,2025-02-04 10:12:49 UTC
70013581077,Voice mail,This call has been forwarded to voice mail… Tried calling so many times. In voice mail message given about our project,Completed,2025-02-06 07:02:00 UTC,70000110352,70000110352,70000110352,2025-02-05 07:02:39 UTC,2025-02-05 07:02:39 UTC,,,2025-02-05 07:02:08 UTC
70013581831,Villa plot,Discussed with client. Client says by next week he will have a site visit and then decide. Since availability is is only one plot.. Will check and revert,Completed,2025-02-06 07:31:00 UTC,70000110352,70000110352,70000110352,2025-02-05 07:31:53 UTC,2025-02-05 07:31:53 UTC,,,2025-02-05 07:31:24 UTC
70013581968,Looking plot at poonamallee,Discussed with client over phone. Client says he is looking plot only poonamalee only no where else,Completed,2025-02-06 07:36:00 UTC,70000110352,70000110352,70000110352,2025-02-05 07:36:46 UTC,2025-02-05 07:36:46 UTC,,,2025-02-05 07:36:22 UTC
70013582032,Voice mail,This call is forwarded to voice mail.. .Pls leave your message in voice mail. Tried calling so many times,Completed,2025-02-06 07:38:00 UTC,70000110352,70000110352,70000110352,2025-02-05 07:39:16 UTC,2025-02-05 07:39:16 UTC,,,2025-02-05 07:38:45 UTC
70013584475,follow up ,,Overdue,2025-02-10 06:15:00 UTC,70000089514,70000089514,70000089514,2025-02-05 09:15:18 UTC,2025-02-05 09:15:18 UTC,Interested,Follow up,
70013589520,Vendor,This client is a vendor.. Was asking for earth removing escavation,Completed,2025-02-07 05:39:00 UTC,70000110352,70000110352,70000110352,2025-02-06 05:39:48 UTC,2025-02-06 05:39:48 UTC,,,2025-02-06 05:39:25 UTC
70013589603,Follow Up,Client said me right now he is in meeting advice me to call him back after 2.30 pm .Will again follow,Completed,2025-02-07 05:50:00 UTC,70000110352,70000110352,70000110352,2025-02-06 05:51:04 UTC,2025-02-06 05:51:04 UTC,,,2025-02-06 05:50:37 UTC
70013589626,Vendor,This client is a vendor,Completed,2025-02-07 05:53:00 UTC,70000110352,70000110352,70000110352,2025-02-06 05:53:59 UTC,2025-02-06 05:53:59 UTC,,,2025-02-06 05:53:36 UTC
70013589664,Future prospect,Client looking property at  poonamalee/avadi area only,Completed,2025-02-07 05:59:00 UTC,70000110352,70000110352,70000110352,2025-02-06 05:59:49 UTC,2025-02-06 05:59:49 UTC,,,2025-02-06 05:59:12 UTC
70013589828,Not reachable,The number you are calling either switched off or not reachable at the moment,Completed,2025-02-07 06:22:00 UTC,70000110352,70000110352,70000110352,2025-02-06 06:22:59 UTC,2025-02-06 06:22:59 UTC,,,2025-02-06 06:22:04 UTC
70013590135,Out of service,"The number you are caling is temporary out of service. Pls try later


",Completed,2025-02-07 06:47:00 UTC,70000110352,70000110352,70000110352,2025-02-06 06:48:04 UTC,2025-02-06 06:48:04 UTC,,,2025-02-06 06:47:17 UTC
70013590223,Voice mail,Your call has been forwarded to voice mail box. All meesage delivered about our project,Completed,2025-02-07 06:51:00 UTC,70000110352,70000110352,70000110352,2025-02-06 06:51:58 UTC,2025-02-06 06:51:58 UTC,,,2025-02-06 06:51:29 UTC
70013590273,Gwc only,Client need plot at gwc only… No where else next to there work place,Completed,2025-02-07 06:55:00 UTC,70000110352,70000110352,70000110352,2025-02-06 06:56:02 UTC,2025-02-06 06:56:02 UTC,,,2025-02-06 06:55:31 UTC
70013590954,Budget,Client need 3 bhk flat in perungudi with budget of 1.5 crore only. Our project cost starts from 2.5 crore only,Completed,2025-02-07 07:09:00 UTC,70000110352,70000110352,70000110352,2025-02-06 07:09:37 UTC,2025-02-06 07:09:37 UTC,,,2025-02-06 07:09:16 UTC
70013596784,No response,The person you are calling is not answering...Tried calling so many times,Completed,2025-02-08 06:37:00 UTC,70000110352,70000110352,70000110352,2025-02-07 06:39:40 UTC,2025-02-07 06:39:40 UTC,,,2025-02-07 06:37:28 UTC
70013597063,gwc,This client need plot in gwc only  budget is up to 50 lakhs plot size 600 sqft .Client is not interested in any location,Completed,2025-02-08 07:16:00 UTC,70000110352,70000110352,70000110352,2025-02-07 07:17:14 UTC,2025-02-07 07:17:14 UTC,,,2025-02-07 07:16:57 UTC
70013600704,pattipulam,Mr Agarwal is existing client of arihant vaikunt. Client has shown intrest in reserve 16 plots. He says regarding cash part and finalizing he will discuss with vimal. I have already intrusted vimal to follow,Completed,2025-02-09 06:07:00 UTC,70000110352,70000110352,70000110352,2025-02-08 06:07:26 UTC,2025-02-08 06:07:26 UTC,,,2025-02-08 06:07:03 UTC
70013600746,Rnr,Tried calling so many times client is disconnecting my call..,Completed,2025-02-09 06:16:00 UTC,70000110352,70000110352,70000110352,2025-02-08 06:16:56 UTC,2025-02-08 06:16:56 UTC,,,2025-02-08 06:16:06 UTC
70013606610,Vipaasna,As discussed with client on saturday  evening. Clent visited site vipaasna on sunday morning shown him complete site to him . Client says he need 4 bhk flat ready for occupation . Client said he will visit other builders flat too and then take a call. Either to buy or not with in 10 days,Completed,2025-02-11 06:10:00 UTC,70000110352,70000110352,70000110352,2025-02-10 06:10:53 UTC,2025-02-10 06:10:53 UTC,,,2025-02-10 06:10:36 UTC
70013606632,Reserve 16 patipulam,This client is existing client of arihant (invester). Was enquiring about reserve 16. Client says he will discuss with kamal or vimal either to invest or not.Will let me know later,Overdue,2025-02-11 06:16:00 UTC,70000110352,70000110352,70000110352,2025-02-10 06:16:38 UTC,2025-02-10 06:16:38 UTC,,,
70013606800,Not reachable,The number you are trying to reach is not connecting..Tried calling so many times,Completed,2025-02-11 06:40:00 UTC,70000110352,70000110352,70000110352,2025-02-10 06:40:46 UTC,2025-02-10 06:40:46 UTC,,,2025-02-10 06:40:26 UTC
70013606877,perungudi,Discussed with client ..now he is looking plot at perugudi only with budget of 70 lakhs for own use and wanted plot next to office.,Completed,2025-02-11 06:52:00 UTC,70000110352,70000110352,70000110352,2025-02-10 06:53:02 UTC,2025-02-10 06:53:02 UTC,,,2025-02-10 06:52:47 UTC
70013606906,Vendor, Client says he is a vendor and not looking any property for purchase as of now,Completed,2025-02-11 06:56:00 UTC,70000110352,70000110352,70000110352,2025-02-10 06:56:28 UTC,2025-02-10 06:56:28 UTC,,,2025-02-10 06:56:13 UTC
70013607732,No response,Tried calling so many times client is not responding my call…All details sent through whats app,Completed,2025-02-11 09:06:00 UTC,70000110352,70000110352,70000110352,2025-02-10 09:07:25 UTC,2025-02-10 09:07:25 UTC,,,2025-02-10 09:07:01 UTC
70013607751,not intrested,Client feels its very far away from city he says not intrested,Completed,2025-02-11 09:09:00 UTC,70000110352,70000110352,70000110352,2025-02-10 09:10:23 UTC,2025-02-10 09:10:23 UTC,,,2025-02-10 09:10:19 UTC
70013616410,Tiara,Client need two bhk flat in tiara project. Client budget is up to 80 lakhs only. Arihant portion is completely sold out . Due to Guide line value difrence price increased from 9000 rs per sqft ,Completed,2025-02-13 05:22:00 UTC,70000110352,70000110352,70000110352,2025-02-12 05:23:00 UTC,2025-02-12 05:23:00 UTC,,,2025-02-12 05:22:27 UTC
70013616426,Tiara ,Client need two bhk flat in tiara project. Client budget is up to 80 lakhs only. Arihant portion is completely sold out . Due to Guide line value difrence price increased from 9000 rs per sqft ,Completed,2025-02-13 05:25:00 UTC,70000110352,70000110352,70000110352,2025-02-12 05:25:37 UTC,2025-02-12 05:25:37 UTC,,,2025-02-12 05:25:31 UTC
70013616513,Vendor,This client is from bajaj finance .. For loan (vendor),Completed,2025-02-13 05:43:00 UTC,70000110352,70000110352,70000110352,2025-02-12 05:43:57 UTC,2025-02-12 05:43:57 UTC,,,2025-02-12 05:43:32 UTC
70013617964,reserve 16,This client is existing client of arihant (invester). Was enquiring about reserve 16. Client says he will discuss with kamal or vimal either to invest or not.Will let me know later,Completed,2025-02-13 07:33:00 UTC,70000110352,70000110352,70000110352,2025-02-12 07:34:10 UTC,2025-02-12 07:34:10 UTC,,,2025-02-12 07:33:51 UTC
70013618243,Not reachable,The number you are calling is temporarly out of service…Tried calling so many times,Completed,2025-02-13 07:42:00 UTC,70000110352,70000110352,70000110352,2025-02-12 07:42:44 UTC,2025-02-12 07:42:44 UTC,,,2025-02-12 07:42:17 UTC
70013624985,Krishna project,Client shown intrest in krishna project .All details sent through whats app. Client said will have site visit today and decide ,Completed,2025-02-14 05:43:00 UTC,70000110352,70000110352,70000110352,2025-02-13 05:44:27 UTC,2025-02-13 05:44:27 UTC,,,2025-02-13 05:43:36 UTC
70013625234,Krshna project,Client seen the project from outside and says not intrested because client didnt like the project entrance ,Completed,2025-02-14 06:23:00 UTC,70000110352,70000110352,70000110352,2025-02-13 06:24:00 UTC,2025-02-13 06:24:00 UTC,,,2025-02-13 06:23:35 UTC
70013631284,viviriti,Client looking flat at perungudi budget is 1.5 cr wanted 3 bhk flat…Our project cost is 2.5 cr onwards,Completed,2025-02-14 10:59:00 UTC,70000110352,70000110352,70000110352,2025-02-13 11:00:13 UTC,2025-02-13 11:00:13 UTC,,,2025-02-13 10:59:53 UTC
70013666822,Not reachable,Client says cant able to hear properly can we speak later.. and then cuts the call. Tried calling so many times,Completed,2025-02-19 06:22:00 UTC,70000110352,70000110352,70000110352,2025-02-18 06:22:58 UTC,2025-02-18 06:22:58 UTC,,,2025-02-18 06:22:38 UTC
70013675308,Reserver 16,Again tried calling to client. Client  says he will discuss with mr vimal regarding plots. Also advice mr vimal to follow up,Completed,2025-02-20 05:02:00 UTC,70000110352,70000110352,70000110352,2025-02-19 05:02:59 UTC,2025-02-19 05:02:59 UTC,,,2025-02-19 05:02:25 UTC
70013675323,investor,This client is existing client of arihant (invester). Was enquiring about reserve 16. Client says he will discuss with kamal or vimal either to invest or not.Will let me know later,Completed,2025-02-20 05:06:00 UTC,70000110352,70000110352,70000110352,2025-02-19 05:07:16 UTC,2025-02-19 05:07:16 UTC,,,2025-02-19 05:06:55 UTC
70013675386,Looking for plots,This client shown intrest in patipulam reserve 16 plots. All details send through whats app. Client said will check and revert back if needed. Will also try to have site visit this week end,Completed,2025-02-20 05:16:00 UTC,70000110352,70000110352,70000110352,2025-02-19 05:17:40 UTC,2025-02-19 05:17:40 UTC,,,2025-02-19 05:17:00 UTC
70013675417,Gwc,Client need plot in gwc only . that to residential only.. wanted nest to his work place,Completed,2025-02-20 05:22:00 UTC,70000110352,70000110352,70000110352,2025-02-19 05:22:30 UTC,2025-02-19 05:22:30 UTC,,,2025-02-19 05:22:12 UTC
70013675443,no response,Pls dialed the extension number.Tried calling so many times,Completed,2025-02-20 05:25:00 UTC,70000110352,70000110352,70000110352,2025-02-19 05:26:05 UTC,2025-02-19 05:26:05 UTC,,,2025-02-19 05:25:40 UTC
70013675456,not intrested,Client was asking about mrs malathy regarding plots. Discussed with malathy . She says client is not intrested in reserve 16 plots,Completed,2025-02-20 05:28:00 UTC,70000110352,70000110352,70000110352,2025-02-19 05:28:53 UTC,2025-02-19 05:28:53 UTC,,,2025-02-19 05:28:38 UTC
70013675516,Reserve 16 ,Client has visited our reserve 16 site patipulam plots. Wanted 1800 sqft plot . Client visited our stall for price negotiation in fair pro stall. Client says after having discussed with his family. Client says there budget is 2000 rs basic cost only. And also said client is not intrested in other charges. not even club membership. beyond that client is not having any budget,Completed,2025-02-20 05:40:00 UTC,70000110352,70000110352,70000110352,2025-02-19 05:41:04 UTC,2025-02-19 05:41:04 UTC,,,2025-02-19 05:40:43 UTC
70013675562,Besant nagar project,Client shown intrest in besant nagar project. But says his project up to 4 crores only,Completed,2025-02-20 05:50:00 UTC,70000110352,70000110352,70000110352,2025-02-19 05:50:54 UTC,2025-02-19 05:50:54 UTC,,,2025-02-19 05:50:30 UTC
70013675630,not reachable,Pls check the number you have dialed tried calling so many times,Completed,2025-02-20 06:02:00 UTC,70000110352,70000110352,70000110352,2025-02-19 06:02:33 UTC,2025-02-19 06:02:33 UTC,,,2025-02-19 06:02:15 UTC
70013678022,Not Reachable,The person you are calling is not answering pls try later..tried calling so many times,Overdue,2025-02-20 07:42:00 UTC,70000110352,70000110352,70000110352,2025-02-19 07:43:01 UTC,2025-02-19 07:43:01 UTC,,,
70013678050,Not answering,The person you are calling is not answering..Pls try later. Tried calling so many times,Completed,2025-02-20 07:43:00 UTC,70000110352,70000110352,70000110352,2025-02-19 07:43:58 UTC,2025-02-19 07:43:58 UTC,,,2025-02-19 07:43:08 UTC
70013685522,green wood city plots,Discussed with client earlier two weeks back over phone. She is very keen on gwc plots only wanted 1200 sqft plot. Unfortunately all plots sold out. Only commercial plots are available. Explaine about our new reserve 16 plots. Client says no wanted only plot next to her work place.only,Completed,2025-02-21 05:44:00 UTC,70000110352,70000110352,70000110352,2025-02-20 05:44:52 UTC,2025-02-20 05:44:52 UTC,,,2025-02-20 05:44:22 UTC
70013685563,Not intrested,Client will call you if i am intrested and then cuts the call,Completed,2025-02-21 05:51:00 UTC,70000110352,70000110352,70000110352,2025-02-20 05:52:14 UTC,2025-02-20 05:52:14 UTC,,,2025-02-20 05:51:37 UTC
70013685577,budget,Client looking flat at perungudi budget is 1.5 cr wanted 3 bhk flat…Our project cost is 2.5 cr onwards,Completed,2025-02-21 05:53:00 UTC,70000110352,70000110352,70000110352,2025-02-20 05:54:32 UTC,2025-02-20 05:54:32 UTC,,,2025-02-20 05:54:00 UTC
70013685625,Vendor,This client is a vendor…aluminium fabricators,Completed,2025-02-21 06:02:00 UTC,70000110352,70000110352,70000110352,2025-02-20 06:02:46 UTC,2025-02-20 06:02:46 UTC,,,2025-02-20 06:02:18 UTC
70013685941,Rnr 2,The person you are callling is not answering. Tried calling so many times,Completed,2025-02-21 06:23:00 UTC,70000110352,70000110352,70000110352,2025-02-20 06:23:28 UTC,2025-02-20 06:23:28 UTC,,,2025-02-20 06:23:11 UTC
70013686487,Not reachable,The number you are calling is temporarily out of service.. Pls try later. Tried calling so many times,Completed,2025-02-21 06:49:00 UTC,70000110352,70000110352,70000110352,2025-02-20 06:49:47 UTC,2025-02-20 06:49:47 UTC,,,2025-02-20 06:49:24 UTC
70013686605,bUDGET ,Client need 600 sqft plot in villa viviana project budget of 12 LAKHS  ONLY,Completed,2025-02-21 06:53:00 UTC,70000110352,70000110352,70000110352,2025-02-20 06:53:37 UTC,2025-02-20 06:53:37 UTC,,,2025-02-20 06:53:19 UTC
70013686791,Not Reachable,Mobile phone line doesnt get connected tried calling so many times…,Completed,2025-02-21 07:00:00 UTC,70000110352,70000110352,70000110352,2025-02-20 07:00:56 UTC,2025-02-20 07:00:56 UTC,,,2025-02-20 07:00:31 UTC
70013687178,Sales Person (vendor),This client is a cc tv sales persom (Vendor),Completed,2025-02-21 07:13:00 UTC,70000110352,70000110352,70000110352,2025-02-20 07:13:39 UTC,2025-02-20 07:13:39 UTC,,,2025-02-20 07:13:06 UTC
70013687330,follow up ,,Overdue,2025-02-24 06:15:00 UTC,70000089514,70000089514,70000089514,2025-02-20 07:18:32 UTC,2025-02-20 07:18:32 UTC,Interested,,
70013687358,Patipulam,Client shown intrest in patipulam project. All details sent through wahts app. Client said will check with her husband and revert back if needed,Completed,2025-02-21 07:18:00 UTC,70000110352,70000110352,70000110352,2025-02-20 07:19:42 UTC,2025-02-20 07:19:42 UTC,,,2025-02-20 07:18:58 UTC
70013687470,Villas in ecr,Client need ready to move in villa in ecr. Client says they are not intrested in plots right now,Completed,2025-02-21 07:24:00 UTC,70000110352,70000110352,70000110352,2025-02-20 07:24:25 UTC,2025-02-20 07:24:25 UTC,,,2025-02-20 07:24:08 UTC
70013687617,Patipulam plots,Already discussed in fairpro stall. Client has visited our site in pattipulam  village. Client need all iclusive 2000rs per sqft wanted 1800 sqft plot.,Completed,2025-02-21 07:28:00 UTC,70000110352,70000110352,70000110352,2025-02-20 07:29:26 UTC,2025-02-20 07:29:26 UTC,,,2025-02-20 07:28:58 UTC
70013687733,Not intrested,Client says wrong number and then cuts the call,Completed,2025-02-21 07:32:00 UTC,70000110352,70000110352,70000110352,2025-02-20 07:33:19 UTC,2025-02-20 07:33:19 UTC,,,2025-02-20 07:33:02 UTC
70013687842,Client busy,Client says pls call me next week sunday as of now he is travelling,Completed,2025-02-21 07:36:00 UTC,70000110352,70000110352,70000110352,2025-02-20 07:37:09 UTC,2025-02-20 07:37:09 UTC,,,2025-02-20 07:36:44 UTC
70013690445,Disconnecting calls,Client is disconnecting my calls tried calling him since morning will again call him later,Completed,2025-02-21 09:17:00 UTC,70000110352,70000110352,70000110352,2025-02-20 09:18:56 UTC,2025-02-20 09:18:56 UTC,,,2025-02-20 09:17:52 UTC
70013690672,reserve 16 plots,As discussed with client  in fairpro. Client adviced me to forward all details through whats app.In todats follow up client says will check and revert back,Completed,2025-02-21 09:26:00 UTC,70000110352,70000110352,70000110352,2025-02-20 09:27:39 UTC,2025-02-20 09:27:39 UTC,,,2025-02-20 09:26:41 UTC
70013690913,budget,Client is not looking plots in ecr. He needs flat at madipakkam / ayanabakam wanted three bhk apartment ready to move in. Client budget is up to 50 lakhs only,Completed,2025-02-21 09:35:00 UTC,70000110352,70000110352,70000110352,2025-02-20 09:36:08 UTC,2025-02-20 09:36:08 UTC,,,2025-02-20 09:35:43 UTC
70013691455,patipulam plots,After discussed with client.. All details sent through whats app. Client said will check and revert back. If needed,Completed,2025-02-21 09:55:00 UTC,70000110352,70000110352,70000110352,2025-02-20 09:56:15 UTC,2025-02-20 09:56:15 UTC,,,2025-02-20 09:55:54 UTC
70013691590,budget up to 1 cr only,After discussion with client regarding viviriti project. Client says his budget is up to 1 cr only wanted 3 bhk flat in omr area. Our project cost starts from 2.60 crores onwards,Completed,2025-02-21 10:04:00 UTC,70000110352,70000110352,70000110352,2025-02-20 10:04:39 UTC,2025-02-20 10:04:39 UTC,,,2025-02-20 10:04:13 UTC
70013691663,Reserve 16,Client says she is in a middle of meeting. Advice me to forward all details. Client said will check and revert back to me if needed,Completed,2025-02-21 10:11:00 UTC,70000110352,70000110352,70000110352,2025-02-20 10:12:23 UTC,2025-02-20 10:12:23 UTC,,,2025-02-20 10:11:52 UTC
70013691728,vendor,This client is a vendor ( housing loan),Completed,2025-02-21 10:16:00 UTC,70000110352,70000110352,70000110352,2025-02-20 10:17:35 UTC,2025-02-20 10:17:35 UTC,,,2025-02-20 10:17:29 UTC
70013691778,not reachable,Client says she is in a middle of meeting. Advice me to forward all details. Client said will check and revert back to me if needed,Completed,2025-02-21 10:20:00 UTC,70000110352,70000110352,70000110352,2025-02-20 10:21:15 UTC,2025-02-20 10:21:15 UTC,,,2025-02-20 10:20:28 UTC
70013691895,no response, The number you are calling client is disconnecting. Tried calling him so many times,Completed,2025-02-21 10:31:00 UTC,70000110352,70000110352,70000110352,2025-02-20 10:32:20 UTC,2025-02-20 10:32:20 UTC,,,2025-02-20 10:31:55 UTC
70013692019,Not intrested,Client said in fairpro we were just exploring stalls but not looking any property as of now,Completed,2025-02-21 10:43:00 UTC,70000110352,70000110352,70000110352,2025-02-20 10:44:19 UTC,2025-02-20 10:44:19 UTC,,,2025-02-20 10:43:50 UTC
70013692062,rnr,The person you are calling is not answering pls try after some times,Completed,2025-02-21 10:47:00 UTC,70000110352,70000110352,70000110352,2025-02-20 10:47:44 UTC,2025-02-20 10:47:44 UTC,,,2025-02-20 10:47:28 UTC
70013692114,budget,Client says he hs al ready spoken to director . He says he is looking property at omr only 2 bhk flat budget up to 80 lakhs only,Completed,2025-02-21 10:53:00 UTC,70000110352,70000110352,70000110352,2025-02-20 10:53:45 UTC,2025-02-20 10:53:45 UTC,,,2025-02-20 10:53:38 UTC
70013692320,villas,Client need villa at omr not plots or apartment,Completed,2025-02-21 11:14:00 UTC,70000110352,70000110352,70000110352,2025-02-20 11:14:36 UTC,2025-02-20 11:14:36 UTC,,,2025-02-20 11:14:19 UTC
70013692375,plots,Client advice me to call him tommorow by 2 pm regarding plots,Completed,2025-02-21 11:19:00 UTC,70000110352,70000110352,70000110352,2025-02-20 11:19:32 UTC,2025-02-20 11:19:32 UTC,,,2025-02-20 11:19:17 UTC
70013695744,Vendor,This client has already met mr kamal in fairpro regarding health insurance. he want to meet mr kamal today so for that he was asking office address. I guided him to check the address in website,Completed,2025-02-22 06:07:00 UTC,70000110352,70000110352,70000110352,2025-02-21 06:07:47 UTC,2025-02-21 06:07:47 UTC,,,2025-02-21 06:07:20 UTC
70013695806,plots,last evening around 8.45 pm client called me and enquired about patipulam project. Client shown intrest in our project. All details sent through whats app. client said will check and revert back if needed,Completed,2025-02-22 06:13:00 UTC,70000110352,70000110352,70000110352,2025-02-21 06:16:21 UTC,2025-02-21 06:16:21 UTC,,,2025-02-21 06:13:35 UTC
70013696245,No response,"the person you are calling is not answering. tried calling so many times

 


",Completed,2025-02-22 06:47:00 UTC,70000110352,70000110352,70000110352,2025-02-21 06:48:04 UTC,2025-02-21 06:48:04 UTC,,,2025-02-21 06:47:30 UTC
70013696523,reserve plots,This client is from happy bay resort was enqiry about or project. All details sent through whats app. Client said will check and revert back if needed,Overdue,2025-02-22 06:57:00 UTC,70000110352,70000110352,70000110352,2025-02-21 06:58:09 UTC,2025-02-21 06:58:09 UTC,,,
70013696633,Vendor,This client is a vendor,Completed,2025-02-22 07:00:00 UTC,70000110352,70000110352,70000110352,2025-02-21 07:01:36 UTC,2025-02-21 07:01:36 UTC,,,2025-02-21 07:00:46 UTC
70013700201,Not intrested,Client says its a wrong number.. He is not intrested in any plots or apartment ,Completed,2025-02-22 09:45:00 UTC,70000110352,70000110352,70000110352,2025-02-21 09:45:40 UTC,2025-02-21 09:45:40 UTC,,,2025-02-21 09:45:17 UTC
70013700385,rnr,"the person you are calling is not answering pls try after some time

 

",Completed,2025-02-22 09:53:00 UTC,70000110352,70000110352,70000110352,2025-02-21 09:53:28 UTC,2025-02-21 09:53:28 UTC,,,2025-02-21 09:53:07 UTC
70013708386,milange,Client intrested in milange. Forwarded all message through whats app. And also adviced mr karthick to follow,Completed,2025-02-23 09:36:00 UTC,70000110352,70000110352,70000110352,2025-02-22 09:36:57 UTC,2025-02-22 09:36:57 UTC,,,2025-02-22 09:36:33 UTC
70013709147,Vendor,This client is a vendor….dealing with upvc windows,Completed,2025-02-23 10:17:00 UTC,70000110352,70000110352,70000110352,2025-02-22 10:18:16 UTC,2025-02-22 10:18:16 UTC,,,2025-02-22 10:17:54 UTC
70013709174,Channel partner,This client is a channel partner…. looking for his client 3 bhk flat at vaniya vilas project. All details sent through whats app,Completed,2025-02-23 10:21:00 UTC,70000110352,70000110352,70000110352,2025-02-22 10:21:58 UTC,2025-02-22 10:21:58 UTC,,,2025-02-22 10:21:35 UTC
70013709256,Not intrested,Client says she is not looking any property or apartment at all..And then cuts the call,Completed,2025-02-23 10:34:00 UTC,70000110352,70000110352,70000110352,2025-02-22 10:35:33 UTC,2025-02-22 10:35:33 UTC,,,2025-02-22 10:34:39 UTC
70013709276,not intrested,This client is running an ngo firm wanted sponsership,Completed,2025-02-23 10:37:00 UTC,70000110352,70000110352,70000110352,2025-02-22 10:38:49 UTC,2025-02-22 10:38:49 UTC,,,2025-02-22 10:37:58 UTC
70013709293,not intrested,Client has already finalized the property in fairpro from sameera properties,Completed,2025-02-23 10:41:00 UTC,70000110352,70000110352,70000110352,2025-02-22 10:42:20 UTC,2025-02-22 10:42:20 UTC,,,2025-02-22 10:41:52 UTC
70013709348,out of budget,Client says going price in besant nagar not less than 16000 rs per sqft. Client says its out of my budget. As we are quoting 27000 rs per sqft plus other charges,Completed,2025-02-23 10:49:00 UTC,70000110352,70000110352,70000110352,2025-02-22 10:50:12 UTC,2025-02-22 10:50:12 UTC,,,2025-02-22 10:49:47 UTC
70013709372,not reachable,The number you are calling is not reachable or out of range.. Tried calling so many times,Completed,2025-02-23 10:52:00 UTC,70000110352,70000110352,70000110352,2025-02-22 10:53:08 UTC,2025-02-22 10:53:08 UTC,,,2025-02-22 10:52:39 UTC
70013709391,Not intrested,Client says not intrested. Says they are not looking any flats nor plots as of now,Completed,2025-02-23 10:55:00 UTC,70000110352,70000110352,70000110352,2025-02-22 10:55:55 UTC,2025-02-22 10:55:55 UTC,,,2025-02-22 10:55:32 UTC
70013709417,Vendor,This client is a lead promotions just like channel partner,Overdue,2025-02-23 10:58:00 UTC,70000110352,70000110352,70000110352,2025-02-22 10:59:20 UTC,2025-02-22 10:59:20 UTC,,,
70013709432,plot, fClient says this week unexpected work has arried for him . Client says will let me know once he is free,Completed,2025-02-23 11:02:00 UTC,70000110352,70000110352,70000110352,2025-02-22 11:02:57 UTC,2025-02-22 11:02:57 UTC,,,2025-02-22 11:02:25 UTC
70013709507,Supplier,This client is a steel supplier looking for buisness order,Completed,2025-02-23 11:07:00 UTC,70000110352,70000110352,70000110352,2025-02-22 11:14:59 UTC,2025-02-22 11:14:59 UTC,,,2025-02-22 11:07:32 UTC
70013709531,Not able to reach,The dialed number does not exist..Tried calling so many times,Completed,2025-02-23 11:17:00 UTC,70000110352,70000110352,70000110352,2025-02-22 11:18:00 UTC,2025-02-22 11:18:00 UTC,,,2025-02-22 11:17:35 UTC
70013709559,Disconnecting,Client is disconnecting my calls right now . Tried calling so many times,Completed,2025-02-23 11:20:00 UTC,70000110352,70000110352,70000110352,2025-02-22 11:21:30 UTC,2025-02-22 11:21:30 UTC,,,2025-02-22 11:20:45 UTC
70013709584,not intrested,Client says as of now not looking for plots in future he may look,Completed,2025-02-23 11:25:00 UTC,70000110352,70000110352,70000110352,2025-02-22 11:25:40 UTC,2025-02-22 11:25:40 UTC,,,2025-02-22 11:25:18 UTC
70013709603,Wrong Number,The dialed number does not exeed pls check the number you have dialed,Completed,2025-02-23 11:27:00 UTC,70000110352,70000110352,70000110352,2025-02-22 11:27:55 UTC,2025-02-22 11:27:55 UTC,,,2025-02-22 11:27:32 UTC
70013724842,not reachable,The number you have dialed is currently not answering pls try later.. Tried calling so many times,Completed,2025-02-25 09:38:00 UTC,70000110352,70000110352,70000110352,2025-02-24 09:38:21 UTC,2025-02-24 09:38:21 UTC,,,2025-02-24 09:38:06 UTC
70013724955,does not exist,The dialed number does not exist.. Pls check the number you have dialed. Tried calling so many times,Completed,2025-02-25 09:41:00 UTC,70000110352,70000110352,70000110352,2025-02-24 09:41:33 UTC,2025-02-24 09:41:33 UTC,,,2025-02-24 09:41:11 UTC
70013725011,No response,The perso you are calling is not answering… Tried calling so many times,Completed,2025-02-25 09:43:00 UTC,70000110352,70000110352,70000110352,2025-02-24 09:44:06 UTC,2025-02-24 09:44:06 UTC,,,2025-02-24 09:43:45 UTC
70013725087,Budget,Client need 600 sqft of plot only with budget of 12 lakhs only. Unfortunately we have only one plot in villa viviana that too a price of 45 lakhs only,Completed,2025-02-25 09:47:00 UTC,70000110352,70000110352,70000110352,2025-02-24 09:47:16 UTC,2025-02-24 09:47:16 UTC,,,2025-02-24 09:47:03 UTC
70013725180,not intrested,Client says he is not looking any plots nor any property at all,Completed,2025-02-25 09:50:00 UTC,70000110352,70000110352,70000110352,2025-02-24 09:50:26 UTC,2025-02-24 09:50:26 UTC,,,2025-02-24 09:50:07 UTC
70013725310,Not intrested,Client says he si not looking any propert at all and then cuts the call,Completed,2025-02-25 09:54:00 UTC,70000110352,70000110352,70000110352,2025-02-24 09:55:01 UTC,2025-02-24 09:55:01 UTC,,,2025-02-24 09:54:44 UTC
70013725483,disconnecting my calls,Client is disconnecting my calls tried calling so many times,Completed,2025-02-25 10:00:00 UTC,70000110352,70000110352,70000110352,2025-02-24 10:00:30 UTC,2025-02-24 10:00:30 UTC,,,2025-02-24 10:00:08 UTC
70013725512,Voice mail,This call has been forwarded to voice mail… Tried calling so many times. In voice mail message given about our project,Completed,2025-02-25 10:02:00 UTC,70000110352,70000110352,70000110352,2025-02-24 10:02:51 UTC,2025-02-24 10:02:51 UTC,,,2025-02-24 10:02:32 UTC
70013725578,Budget,Client need two bhk flat at omr only near karapakkam. Client budget is up to 65 lakhs only,Completed,2025-02-25 10:07:00 UTC,70000110352,70000110352,70000110352,2025-02-24 10:07:25 UTC,2025-02-24 10:07:25 UTC,,,2025-02-24 10:07:02 UTC
70013725625,Budget,Client says he is not looking plot in ecr in fact he is looking two bhk flat in perungudi with budget up to 60 lakhs,Completed,2025-02-25 10:10:00 UTC,70000110352,70000110352,70000110352,2025-02-24 10:12:29 UTC,2025-02-24 10:12:29 UTC,,,2025-02-24 10:10:32 UTC
70013725855,Vendor,This client is a vendor,Completed,2025-02-25 10:26:00 UTC,70000110352,70000110352,70000110352,2025-02-24 10:27:03 UTC,2025-02-24 10:27:03 UTC,,,2025-02-24 10:26:44 UTC
70013725894,Disconnecting calls,In first call client lift the call says hello and  and then disconnect. After some time (2 Hours) client is not responding my calls tried calling so many times,Completed,2025-02-25 10:31:00 UTC,70000110352,70000110352,70000110352,2025-02-24 10:32:55 UTC,2025-02-24 10:32:55 UTC,,,2025-02-24 10:31:55 UTC
70013725962,Not intrested,Client says he is not looking any plots right now. will let me know if intrested,Completed,2025-02-25 10:41:00 UTC,70000110352,70000110352,70000110352,2025-02-24 10:42:02 UTC,2025-02-24 10:42:02 UTC,,,2025-02-24 10:41:24 UTC
70013726083,Vivriti project,Discussed with client now. Client advice me to forward all details and said will get back to me if intrested,Completed,2025-02-25 10:56:00 UTC,70000110352,70000110352,70000110352,2025-02-24 10:56:34 UTC,2025-02-24 10:56:34 UTC,,,2025-02-24 10:56:18 UTC
70013729866,Not reachable,Line gets disconnected. Tried calling so many times,Completed,2025-02-26 06:09:00 UTC,70000110352,70000110352,70000110352,2025-02-25 06:09:41 UTC,2025-02-25 06:09:41 UTC,,,2025-02-25 06:09:03 UTC
70013729908,Already purchesd on fairpro,Client says they have already finalize one property on fairpro on sunday.. They says says they have bought a flat in omr. They feel reserve 16 is very far away from work place,Completed,2025-02-26 06:13:00 UTC,70000110352,70000110352,70000110352,2025-02-25 06:14:36 UTC,2025-02-25 06:14:36 UTC,,,2025-02-25 06:13:48 UTC
70013730111,still under discussion,Client says still they have not yet decided still under discussion with family members. As per astrological they will start looking property after april only and then they will decide,Completed,2025-02-26 06:32:00 UTC,70000110352,70000110352,70000110352,2025-02-25 06:32:53 UTC,2025-02-25 06:32:53 UTC,,,2025-02-25 06:32:24 UTC
70013730482,patipulam plots,Discussed with client.. Due to personal issues in family still havent taken any dission. Client says before 10 th march will decide and revert,Completed,2025-02-26 06:45:00 UTC,70000110352,70000110352,70000110352,2025-02-25 06:45:32 UTC,2025-02-25 06:45:32 UTC,,,2025-02-25 06:45:12 UTC
70013730832,Not reachable,The person you are calling is not answering tried calling so many times,Completed,2025-02-26 06:59:00 UTC,70000110352,70000110352,70000110352,2025-02-25 06:59:34 UTC,2025-02-25 06:59:34 UTC,,,2025-02-25 06:59:06 UTC
70013730920,Not answering,The person you are calling is not answering pls try later.. Tried calling so many times,Completed,2025-02-26 07:03:00 UTC,70000110352,70000110352,70000110352,2025-02-25 07:03:32 UTC,2025-02-25 07:03:32 UTC,,,2025-02-25 07:03:12 UTC
70013731269,patipulam plots,After discussion with client earlier and now over phone .. Client says will take late deccission on finalizing becaus he will see others builders property too and also said if he likes our property he is revert back to us if needed.. Till then do not disturb,Completed,2025-02-26 07:14:00 UTC,70000110352,70000110352,70000110352,2025-02-25 07:15:23 UTC,2025-02-25 07:15:23 UTC,,,2025-02-25 07:14:59 UTC
70013731416,out of service,The number you are calling is out of service ..Tried calling so many times,Completed,2025-02-26 07:20:00 UTC,70000110352,70000110352,70000110352,2025-02-25 07:21:14 UTC,2025-02-25 07:21:14 UTC,,,2025-02-25 07:20:28 UTC
70013731541,Budget 50 lakhs,Client is not looking any plot in ecr. He needs flat at anna nagar area only budget up to 50 lakhs only,Completed,2025-02-26 07:25:00 UTC,70000110352,70000110352,70000110352,2025-02-25 07:25:55 UTC,2025-02-25 07:25:55 UTC,,,2025-02-25 07:25:28 UTC
70013731830,Not in town,Client says he is in coimbatore right now for his official work. He will be back after 15th march 2025. The will revert back,Completed,2025-02-26 07:35:00 UTC,70000110352,70000110352,70000110352,2025-02-25 07:35:47 UTC,2025-02-25 07:35:47 UTC,,,2025-02-25 07:35:06 UTC
70013731911,Not reachable,Client is disconecting my calls tried calling so many times…,Completed,2025-02-26 07:38:00 UTC,70000110352,70000110352,70000110352,2025-02-25 07:39:24 UTC,2025-02-25 07:39:24 UTC,,,2025-02-25 07:38:45 UTC
70013732053,may be or may not,Client speaks over phone in very sarcastic ways. Still not yet decided. if at all if i travel that way will try to see your site. when ever i go,Completed,2025-02-26 07:44:00 UTC,70000110352,70000110352,70000110352,2025-02-25 07:44:33 UTC,2025-02-25 07:44:33 UTC,,,2025-02-25 07:44:04 UTC
70013732229,not reachable,The number you are calling either switched off or not reachable at the moment. Tried calling so many times,Completed,2025-02-26 07:50:00 UTC,70000110352,70000110352,70000110352,2025-02-25 07:51:21 UTC,2025-02-25 07:51:21 UTC,,,2025-02-25 07:51:00 UTC
70013732317,not reachable,The number you are calling either switched off or not reachable at the moment. Tried calling so many times,Completed,2025-02-26 07:54:00 UTC,70000110352,70000110352,70000110352,2025-02-25 07:54:48 UTC,2025-02-25 07:54:48 UTC,,,2025-02-25 07:54:32 UTC
70013732498,feels very far,After discussion with client.. Client feels its very far away from city. Will let me know if intrested,Completed,2025-02-26 08:01:00 UTC,70000110352,70000110352,70000110352,2025-02-25 08:01:30 UTC,2025-02-25 08:01:30 UTC,,,2025-02-25 08:01:05 UTC
70013732580,will let us know if needed,Client says still havent gone that area for site visit. Will let me know if needed,Completed,2025-02-26 08:05:00 UTC,70000110352,70000110352,70000110352,2025-02-25 08:05:42 UTC,2025-02-25 08:05:42 UTC,,,2025-02-25 08:05:11 UTC
70013734265,Vendor,This client is a vendor greenlam company,Completed,2025-02-26 09:17:00 UTC,70000110352,70000110352,70000110352,2025-02-25 09:18:11 UTC,2025-02-25 09:18:11 UTC,,,2025-02-25 09:17:50 UTC
70013734405,budget,Client looking plot size of 600 sqft only budget up to 10 lakhs only. we have only 1300 sqft plot budget up to 45 lakhs only,Completed,2025-02-26 09:22:00 UTC,70000110352,70000110352,70000110352,2025-02-25 09:22:40 UTC,2025-02-25 09:22:40 UTC,,,2025-02-25 09:22:19 UTC
70013734519,Not intrested,Client says he knows the property. And says will give you a call if he is intrested,Completed,2025-02-26 09:26:00 UTC,70000110352,70000110352,70000110352,2025-02-25 09:26:42 UTC,2025-02-25 09:26:42 UTC,,,2025-02-25 09:26:15 UTC
70013734654,patipulam,Client says he knows the property. And says will give you a call if he is intrested,Completed,2025-02-26 09:31:00 UTC,70000110352,70000110352,70000110352,2025-02-25 09:32:17 UTC,2025-02-25 09:32:17 UTC,,,2025-02-25 09:31:42 UTC
70013734718,network coverage area,The person you are calling is network coverage area.. tried calling many times,Completed,2025-02-26 09:34:00 UTC,70000110352,70000110352,70000110352,2025-02-25 09:35:16 UTC,2025-02-25 09:35:16 UTC,,,2025-02-25 09:34:55 UTC
70013734887,channel partner, This client looking for his client wanted to invest in commercial space ready made one requirement space is 1500 sqft,Completed,2025-02-26 09:40:00 UTC,70000110352,70000110352,70000110352,2025-02-25 09:41:23 UTC,2025-02-25 09:41:23 UTC,,,2025-02-25 09:41:00 UTC
70013735007,not intrested,Client has seen our property from ecr main road. Client says we are not intrested and said thank you and then cuts the call,Completed,2025-02-26 09:45:00 UTC,70000110352,70000110352,70000110352,2025-02-25 09:45:36 UTC,2025-02-25 09:45:36 UTC,,,2025-02-25 09:45:15 UTC
70013735082,Not intrested,Client runs an ngo firm needed donation for poor people,Completed,2025-02-26 09:48:00 UTC,70000110352,70000110352,70000110352,2025-02-25 09:49:45 UTC,2025-02-25 09:49:45 UTC,,,2025-02-25 09:48:32 UTC
70013735258,Patipulam,After sending all details through whats app. Client says he has gone through brouchere and says after one month he will decide. Client said he will call back,Completed,2025-02-26 09:54:00 UTC,70000110352,70000110352,70000110352,2025-02-25 09:55:30 UTC,2025-02-25 09:55:30 UTC,,,2025-02-25 09:54:41 UTC
70013735335,Wrong number,The dialed number does not exist.. tried calling so many times,Completed,2025-02-26 09:58:00 UTC,70000110352,70000110352,70000110352,2025-02-25 09:58:35 UTC,2025-02-25 09:58:35 UTC,,,2025-02-25 09:58:14 UTC
70013735429,Vihana project,Client need apartment 3 bhk flat in vihaana project. budget up to 2 cr only. Unfortunately complete project is sold out,Completed,2025-02-26 10:04:00 UTC,70000110352,70000110352,70000110352,2025-02-25 10:05:16 UTC,2025-02-25 10:05:16 UTC,,,2025-02-25 10:04:36 UTC
70013735539,Channel partner,This client is a broker..Channel partner,Completed,2025-02-26 10:14:00 UTC,70000110352,70000110352,70000110352,2025-02-25 10:14:46 UTC,2025-02-25 10:14:46 UTC,,,2025-02-25 10:14:06 UTC
70013735572,Number busy,The number you are calling is very busy.. tried calling so many times,Completed,2025-02-26 10:17:00 UTC,70000110352,70000110352,70000110352,2025-02-25 10:18:17 UTC,2025-02-25 10:18:17 UTC,,,2025-02-25 10:17:34 UTC
70013735764,villa viaviana,Discussed with client.. Client need 2400 sqft plot in villa viana project. Unfortunately we have only 1300 sqft plot for the same,Completed,2025-02-26 10:36:00 UTC,70000110352,70000110352,70000110352,2025-02-25 10:36:35 UTC,2025-02-25 10:36:35 UTC,,,2025-02-25 10:36:08 UTC
70013735956,not from chennai,This client is from chandigarh and he si looking property in chandigarh. Not in chennai,Completed,2025-02-26 10:53:00 UTC,70000110352,70000110352,70000110352,2025-02-25 10:54:29 UTC,2025-02-25 10:54:29 UTC,,,2025-02-25 10:53:56 UTC
70013735980,Vendor,This client is a vendor...electrical supplier,Completed,2025-02-26 10:55:00 UTC,70000110352,70000110352,70000110352,2025-02-25 10:56:21 UTC,2025-02-25 10:56:21 UTC,,,2025-02-25 10:55:44 UTC
70013736050,Wrong number,The dialed number does not exist…Tried calling so many times,Completed,2025-02-26 11:02:00 UTC,70000110352,70000110352,70000110352,2025-02-25 11:02:42 UTC,2025-02-25 11:02:42 UTC,,,2025-02-25 11:02:18 UTC
70013736104,patipulam project,Client said due month end audit still unable to visit our site. Client said will visit site after march end and then decide,Completed,2025-02-26 11:07:00 UTC,70000110352,70000110352,70000110352,2025-02-25 11:07:40 UTC,2025-02-25 11:07:40 UTC,,,2025-02-25 11:07:19 UTC
70013736128,Channel partner,This client is a vendor…Doing real estate buisness,Completed,2025-02-26 11:10:00 UTC,70000110352,70000110352,70000110352,2025-02-25 11:10:54 UTC,2025-02-25 11:10:54 UTC,,,2025-02-25 11:10:24 UTC
70013736236,channe partner,This client wanted to sell his friends property in avadi,Completed,2025-02-26 11:19:00 UTC,70000110352,70000110352,70000110352,2025-02-25 11:19:45 UTC,2025-02-25 11:19:45 UTC,,,2025-02-25 11:19:27 UTC
70013736461,patipulam plots,Client shown intrest in patipulam projects. All details sent through whats app. Client says just 200 meter away per ground we get for 20 lakhs and ours is bit high. Its beyond there budget,Completed,2025-02-26 11:44:00 UTC,70000110352,70000110352,70000110352,2025-02-25 11:44:41 UTC,2025-02-25 11:44:41 UTC,,,2025-02-25 11:44:18 UTC
70013736482,villa plot,Client need ready made villa with budget of 45 lakhs only,Completed,2025-02-26 11:46:00 UTC,70000110352,70000110352,70000110352,2025-02-25 11:46:29 UTC,2025-02-25 11:46:29 UTC,,,2025-02-25 11:46:15 UTC
70013736568,villas,Client is looking for villas.. not plots. With budget of 45 lakhs. unfortunately all villas sold out,Completed,2025-02-26 11:52:00 UTC,70000110352,70000110352,70000110352,2025-02-25 11:53:07 UTC,2025-02-25 11:53:07 UTC,,,2025-02-25 11:52:55 UTC
70013736612,Vendor,Client is a vendor,Completed,2025-02-26 11:56:00 UTC,70000110352,70000110352,70000110352,2025-02-25 11:56:48 UTC,2025-02-25 11:56:48 UTC,,,2025-02-25 11:56:21 UTC
70013736668,villa plots,Client looking plots in east tambram only ..no where else,Completed,2025-02-26 12:01:00 UTC,70000110352,70000110352,70000110352,2025-02-25 12:01:52 UTC,2025-02-25 12:01:52 UTC,,,2025-02-25 12:01:36 UTC
70013741706,Disconnecting calls,Client is disconnecting my calls right now… tried calling so many times . Will also try to call some time later,Completed,2025-02-27 07:51:00 UTC,70000110352,70000110352,70000110352,2025-02-26 07:52:07 UTC,2025-02-26 07:52:07 UTC,,,2025-02-26 07:51:24 UTC
70013741812,Builder,This client is a builder doing a project in ecr. It was general enquiry,Completed,2025-02-27 07:55:00 UTC,70000110352,70000110352,70000110352,2025-02-26 07:56:03 UTC,2025-02-26 07:56:03 UTC,,,2025-02-26 07:55:36 UTC
70013742939,not intrested,Client says i will not talk over phone because he si in office and said do not disturb,Completed,2025-02-27 08:43:00 UTC,70000110352,70000110352,70000110352,2025-02-26 08:43:36 UTC,2025-02-26 08:43:36 UTC,,,2025-02-26 08:43:12 UTC
70013743008,Wrong number,The dialed number does not exist.. Pls check the number you have dialed..tried calling so many times,Completed,2025-02-27 08:46:00 UTC,70000110352,70000110352,70000110352,2025-02-26 08:46:40 UTC,2025-02-26 08:46:40 UTC,,,2025-02-26 08:46:23 UTC
70013743107,Not intrested,Client says i am not looking any property as per his horoscope he may look after one year,Completed,2025-02-27 08:50:00 UTC,70000110352,70000110352,70000110352,2025-02-26 08:50:31 UTC,2025-02-26 08:50:31 UTC,,,2025-02-26 08:50:12 UTC
70013743210,Already purchased,Client has finalized a flat from doshi builders in fairpro on 18th,Completed,2025-02-27 08:54:00 UTC,70000110352,70000110352,70000110352,2025-02-26 08:54:58 UTC,2025-02-26 08:54:58 UTC,,,2025-02-26 08:54:10 UTC
70013743323,Finalized a plot in fair pro,Client has finalized a plot in arun exelo in fair pro event on final day.,Completed,2025-02-27 08:59:00 UTC,70000110352,70000110352,70000110352,2025-02-26 09:00:15 UTC,2025-02-26 09:00:15 UTC,,,2025-02-26 08:59:48 UTC
70013743430,Wrong number,Client says wrong number and then cuts the call,Completed,2025-02-27 09:03:00 UTC,70000110352,70000110352,70000110352,2025-02-26 09:04:11 UTC,2025-02-26 09:04:11 UTC,,,2025-02-26 09:03:48 UTC
70013743533,Not intrested,Client says he has postpone to buy any property. Becaus family members says right now its not possible,Completed,2025-02-27 09:07:00 UTC,70000110352,70000110352,70000110352,2025-02-26 09:07:55 UTC,2025-02-26 09:07:55 UTC,,,2025-02-26 09:07:18 UTC
70013743623,disconnecting,"Client is disconnecting my calls and sending me sms will call back me later

 


",Completed,2025-02-27 09:11:00 UTC,70000110352,70000110352,70000110352,2025-02-26 09:12:04 UTC,2025-02-26 09:12:04 UTC,,,2025-02-26 09:11:32 UTC
70013743921,budget,Clent has enquired for patipulam. Client says he need 600 sqft plot only with budget of 18 lakhs only,Completed,2025-02-27 09:22:00 UTC,70000110352,70000110352,70000110352,2025-02-26 09:22:39 UTC,2025-02-26 09:22:39 UTC,,,2025-02-26 09:22:24 UTC
70013744124,not intrested,Client says they have postpone there decission to buy plot or any apartment right now,Completed,2025-02-27 09:30:00 UTC,70000110352,70000110352,70000110352,2025-02-26 09:31:01 UTC,2025-02-26 09:31:01 UTC,,,2025-02-26 09:30:43 UTC
70013744281,not intrested,The number you have dialed is currently busy. Client disconnects the call,Completed,2025-02-27 09:36:00 UTC,70000110352,70000110352,70000110352,2025-02-26 09:36:58 UTC,2025-02-26 09:36:58 UTC,,,2025-02-26 09:36:17 UTC
70013744534,not intrested,Client responded my calls in first call and then disconnect in second call. He is not even bother to listen what i am saying,Completed,2025-02-27 09:46:00 UTC,70000110352,70000110352,70000110352,2025-02-26 09:46:31 UTC,2025-02-26 09:46:31 UTC,,,2025-02-26 09:46:10 UTC
70013744839,not answering,The person you are calling is not answering tried calling so many times,Completed,2025-02-27 09:58:00 UTC,70000110352,70000110352,70000110352,2025-02-26 09:59:14 UTC,2025-02-26 09:59:14 UTC,,,2025-02-26 09:58:57 UTC
70013748272,Vendor,Client says she is not looking any flat nor any property . Infact she needs sponsors for her cultural festival,Completed,2025-02-28 05:30:00 UTC,70000110352,70000110352,70000110352,2025-02-27 05:30:49 UTC,2025-02-27 05:30:49 UTC,,,2025-02-27 05:30:28 UTC
70013748295,Tiara, Client need two bhk flat in nandambakam with budget of 50 lakhs. Unfortunately project sold out,Completed,2025-02-28 05:34:00 UTC,70000110352,70000110352,70000110352,2025-02-27 05:34:52 UTC,2025-02-27 05:34:52 UTC,,,2025-02-27 05:34:32 UTC
70013748325,East tambram,Client looking property at east tambram only and nowhere else.client budget up to 65 lakhs only,Completed,2025-02-28 05:38:00 UTC,70000110352,70000110352,70000110352,2025-02-27 05:38:43 UTC,2025-02-27 05:38:43 UTC,,,2025-02-27 05:38:24 UTC
70013748416,Not intrested,Client is not looking any property as of now,Completed,2025-02-28 05:50:00 UTC,70000110352,70000110352,70000110352,2025-02-27 05:51:13 UTC,2025-02-27 05:51:13 UTC,,,2025-02-27 05:50:54 UTC
70013748425,not intrested,Client is not looking any property as of now,Completed,2025-02-28 05:51:00 UTC,70000110352,70000110352,70000110352,2025-02-27 05:52:16 UTC,2025-02-27 05:52:16 UTC,,,2025-02-27 05:51:56 UTC
70013748478,Vendor,This client is a vendor dealing with insurance company wanted buisness from our side,Completed,2025-02-28 05:59:00 UTC,70000110352,70000110352,70000110352,2025-02-27 06:00:11 UTC,2025-02-27 06:00:11 UTC,,,2025-02-27 05:59:47 UTC
70013748501,Rental,Client looking property on rent for His  company guest house budget up to 80000 /- only near guindy area,Completed,2025-02-28 06:05:00 UTC,70000110352,70000110352,70000110352,2025-02-27 06:05:21 UTC,2025-02-27 06:05:21 UTC,,,2025-02-27 06:05:06 UTC
70013748586,Alway voice mail,Your call has been forwarded to voice mail. tried calling so many times,Completed,2025-02-28 06:15:00 UTC,70000110352,70000110352,70000110352,2025-02-27 06:15:52 UTC,2025-02-27 06:15:52 UTC,,,2025-02-27 06:15:26 UTC
70013748654,Not intrested,Client says she is not intrested in buying any property right now due to personal emergency,Completed,2025-02-28 06:24:00 UTC,70000110352,70000110352,70000110352,2025-02-27 06:24:45 UTC,2025-02-27 06:24:45 UTC,,,2025-02-27 06:24:27 UTC
70013748685,Not intrested,Client says they are not looking any property as of now,Completed,2025-02-28 06:27:00 UTC,70000110352,70000110352,70000110352,2025-02-27 06:27:38 UTC,2025-02-27 06:27:38 UTC,,,2025-02-27 06:27:15 UTC
70013748765,Guduvancherry area,Client says he is looking property at guduvanchery only wanted 600 sqft plot. Our project is at maraimalai nagar,Completed,2025-02-28 06:31:00 UTC,70000110352,70000110352,70000110352,2025-02-27 06:31:59 UTC,2025-02-27 06:31:59 UTC,,,2025-02-27 06:31:18 UTC
70013748871,Karur property,Client looking property at karur only . Client says he is from karur why he should buy in chennai,Completed,2025-02-28 06:35:00 UTC,70000110352,70000110352,70000110352,2025-02-27 06:36:34 UTC,2025-02-27 06:36:34 UTC,,,2025-02-27 06:35:52 UTC
70013749645,nanganallur plot,Client looking property at nanganalur wanted one ground plot,Completed,2025-02-28 07:09:00 UTC,70000110352,70000110352,70000110352,2025-02-27 07:09:45 UTC,2025-02-27 07:09:45 UTC,,,2025-02-27 07:09:13 UTC
70013753854,follow up ,"",Overdue,2025-02-28 10:16:00 UTC,70000110350,70000110350,70000110350,2025-02-27 10:17:26 UTC,2025-02-27 10:17:26 UTC,,,
70013754186,follow up,,Completed,2025-03-06 11:01:00 UTC,70000110350,70000110350,70000110350,2025-02-27 11:01:27 UTC,2026-05-02 10:55:58 UTC,,,2026-05-02 10:55:58 UTC
70013757964,Follow up for site visit,,Overdue,2025-03-17 06:23:00 UTC,70000110350,70000110350,70000110350,2025-02-28 06:24:02 UTC,2025-02-28 06:24:02 UTC,,,
70013835230,patipulam plots,As discussed with client last evening.. Client he friend is in abroad. As per his friends advice he has enquired for reserve 16 plot.Client also said he will get whats app number from his friend and then send him directly the details. Client said he will get number grom his friend by tommorrow,Completed,2025-03-08 05:34:00 UTC,70000110352,70000110352,70000110352,2025-03-07 05:35:00 UTC,2025-03-07 05:35:00 UTC,,,2025-03-07 05:34:34 UTC
70013835256,Vendor,This client is a vendor,Completed,2025-03-08 05:36:00 UTC,70000110352,70000110352,70000110352,2025-03-07 05:36:30 UTC,2025-03-07 05:36:30 UTC,,,2025-03-07 05:36:11 UTC
70013835299,Channel partner,This client is a vendor and looking for his client wanted commercial property hotel hilton,Completed,2025-03-08 05:39:00 UTC,70000110352,70000110352,70000110352,2025-03-07 05:39:52 UTC,2025-03-07 05:39:52 UTC,,,2025-03-07 05:39:34 UTC
70013835356,Vendor,This client is a vendor.. looking for order from arihant,Completed,2025-03-08 05:44:00 UTC,70000110352,70000110352,70000110352,2025-03-07 05:44:57 UTC,2025-03-07 05:44:57 UTC,,,2025-03-07 05:44:45 UTC
70013835449,patipulam plots,Client shown intrest in patipulam plots. Client says he is looking for 800 sqft plot in patipulam area only. Client says its out of his budget and want less size,Completed,2025-03-08 05:50:00 UTC,70000110352,70000110352,70000110352,2025-03-07 05:50:46 UTC,2025-03-07 05:50:46 UTC,,,2025-03-07 05:50:27 UTC
70013835480,Vendor,This client is a vendor,Completed,2025-03-08 05:52:00 UTC,70000110352,70000110352,70000110352,2025-03-07 05:53:09 UTC,2025-03-07 05:53:09 UTC,,,2025-03-07 05:52:51 UTC
70013835591,Not intrested,Client says he is not looking any plots nor any property right now,Completed,2025-03-08 06:01:00 UTC,70000110352,70000110352,70000110352,2025-03-07 06:01:15 UTC,2025-03-07 06:01:15 UTC,,,2025-03-07 06:01:02 UTC
70013835629,Vendors,Client looking for supplying fitting materials for home interiors... ,Completed,2025-03-08 06:04:00 UTC,70000110352,70000110352,70000110352,2025-03-07 06:05:25 UTC,2025-03-07 06:05:25 UTC,,,2025-03-07 06:04:19 UTC
70013835672,Magnolia woods navallur,Client is desperately wanted plot in magnolia plots not in patipulam . Wanted 1800 sqft plot,Completed,2025-03-08 06:07:00 UTC,70000110352,70000110352,70000110352,2025-03-07 06:08:27 UTC,2025-03-07 06:08:27 UTC,,,2025-03-07 06:08:01 UTC
70013835717,Vendor,This client is a vendor,Completed,2025-03-08 06:11:00 UTC,70000110352,70000110352,70000110352,2025-03-07 06:11:47 UTC,2025-03-07 06:11:47 UTC,,,2025-03-07 06:11:26 UTC
70013835755,Vendor,This client is from star health insurance,Completed,2025-03-08 06:14:00 UTC,70000110352,70000110352,70000110352,2025-03-07 06:14:46 UTC,2025-03-07 06:14:46 UTC,,,2025-03-07 06:14:18 UTC
70013835782,Disconnecting calls,The customer you are calling is not answering… client is disconnecting my calls. Tried calling so many times,Completed,2025-03-08 06:18:00 UTC,70000110352,70000110352,70000110352,2025-03-07 06:18:34 UTC,2025-03-07 06:18:34 UTC,,,2025-03-07 06:18:11 UTC
70013836450,patipulam plots,Client has seen our patipulam board in ecr. Enquired about our project. All details sent through whats app. Client said will revert back to me before this month end,Completed,2025-03-08 06:50:00 UTC,70000110352,70000110352,70000110352,2025-03-07 06:50:44 UTC,2025-03-07 06:50:44 UTC,,,2025-03-07 06:50:25 UTC
70013836856,patipulam plots, This client is looking plot at patipulam . As per client advice all details sent through whats app. Client said will revert back to me after april. As he is travelling to his native,Completed,2025-03-08 07:00:00 UTC,70000110352,70000110352,70000110352,2025-03-07 07:00:46 UTC,2025-03-07 07:00:46 UTC,,,2025-03-07 07:00:28 UTC
70013837109,Channel partner,This client is channel partner.. from hanu reddy realty,Completed,2025-03-08 07:08:00 UTC,70000110352,70000110352,70000110352,2025-03-07 07:09:13 UTC,2025-03-07 07:09:13 UTC,,,2025-03-07 07:08:25 UTC
70013837189,Vendor,Thsi client is a vendor,Completed,2025-03-08 07:11:00 UTC,70000110352,70000110352,70000110352,2025-03-07 07:11:32 UTC,2025-03-07 07:11:32 UTC,,,2025-03-07 07:11:12 UTC
70013837397,OLd project sold out,Client looking 2 bhk flats with budget of 90 lakhs. Looking at esta project only,Completed,2025-03-08 07:16:00 UTC,70000110352,70000110352,70000110352,2025-03-07 07:19:05 UTC,2025-03-07 07:19:05 UTC,,,2025-03-07 07:16:38 UTC
70013840579,vendor, This client is a vendor…doing buisness mortgage loan and personal loan,Completed,2025-03-08 09:07:00 UTC,70000110352,70000110352,70000110352,2025-03-07 09:07:34 UTC,2025-03-07 09:07:34 UTC,,,2025-03-07 09:07:21 UTC
70013840750,not reachable,The dialed number does not exist….pls check the number you have dialed. Tried calling so many times,Completed,2025-03-08 09:10:00 UTC,70000110352,70000110352,70000110352,2025-03-07 09:10:46 UTC,2025-03-07 09:10:46 UTC,,,2025-03-07 09:10:23 UTC
70013851129,patipulam plots,Client enquiered about patipulam plots. Client saud he will not respond over phone only whats app. Client said he will have site visit tommorow on his own. Customer doesnt require any pick up drops ,Completed,2025-03-09 06:28:00 UTC,70000110352,70000110352,70000110352,2025-03-08 06:30:12 UTC,2025-03-08 06:30:12 UTC,,,2025-03-08 06:28:59 UTC
70013851354,Disconnecting,First ring comes and then it says the number you have dialed is currently busy pls try later. Tried calling so many times,Completed,2025-03-09 06:43:00 UTC,70000110352,70000110352,70000110352,2025-03-08 06:46:01 UTC,2025-03-08 06:46:01 UTC,,,2025-03-08 06:43:36 UTC
70013851394,Switched off,The number you are calling is switched off. Tried calling so many times..,Completed,2025-03-09 06:49:00 UTC,70000110352,70000110352,70000110352,2025-03-08 06:49:47 UTC,2025-03-08 06:49:47 UTC,,,2025-03-08 06:49:28 UTC
70013852305,beyond client budget,Again discussed with client . Client says he cannot afford to buy a plot in arihant because price is very high . Client says his budget for one ground is 20 lakhs only. Client says its beyond his budget,Completed,2025-03-09 07:11:00 UTC,70000110352,70000110352,70000110352,2025-03-08 07:11:46 UTC,2025-03-08 07:11:46 UTC,,,2025-03-08 07:11:17 UTC
70013873565,Budget,After seeing our board in ecr Client  enquired about our prperty at patipulam project. All details sent through whats app. Client said will check and revert back if needed. Client feels its too costly. Client als says in that area per ground budget is 24 lakhs only. C;ient feels other charges are beyond his budget,Completed,2025-03-11 05:21:00 UTC,70000110352,70000110352,70000110352,2025-03-10 05:21:35 UTC,2025-03-10 05:21:35 UTC,,,2025-03-10 05:21:22 UTC
70013873606,budget,Client enquired for reserve 16 project. All details sent through whats app. Client said will discuss with her husband and then revert back . Client says her budget is up to 15 lakhs only,Completed,2025-03-11 05:26:00 UTC,70000110352,70000110352,70000110352,2025-03-10 05:26:29 UTC,2025-03-10 05:26:29 UTC,,,2025-03-10 05:26:12 UTC
70013873621,Budget,Client enquired for reserve 16 project. All details sent through whats app. Client said will discuss with her husband and then revert back . Client says her budget is up to 15 lakhs only,Completed,2025-03-11 05:28:00 UTC,70000110352,70000110352,70000110352,2025-03-10 05:28:19 UTC,2025-03-12 05:42:45 UTC,,,2025-03-12 05:42:36 UTC
70013873695,general enquiry,On the way to puducherry. Client has seen our hoarding..Client called and was just enquirying about our project. Client said he is already having 6 plot purchased jut opp to our plot long before. Client was just enquirig about our projects and rates. Client said he will wait for our project to complete so that he will sell his property at better price,Completed,2025-03-11 05:34:00 UTC,70000110352,70000110352,70000110352,2025-03-10 05:35:17 UTC,2025-03-10 05:35:17 UTC,,,2025-03-10 05:34:51 UTC
70013873784,Vaniya Vilas,Client need 3 bhk apartment in vaniya vilas project. With budget of 2.5 crores. I advised client to go to site and discussed with Mr vimal directly. and also gave MR vimal number to client ,Completed,2025-03-11 05:42:00 UTC,70000110352,70000110352,70000110352,2025-03-10 05:42:32 UTC,2025-03-10 05:42:32 UTC,,,2025-03-10 05:42:10 UTC
70013873828,budget,Client enquired about our reserve 16 project. Client said will discuss with his family and then revert back if needed. Client feels rat is very high and its beyond his budget,Completed,2025-03-11 05:46:00 UTC,70000110352,70000110352,70000110352,2025-03-10 05:46:46 UTC,2025-03-10 05:46:46 UTC,,,2025-03-10 05:46:33 UTC
70013874170,Follow up,Client responded me on whats app. After foloow up .Client says he is  out of station and will be back only after 20 th march 2025,Completed,2025-03-11 06:18:00 UTC,70000110352,70000110352,70000110352,2025-03-10 06:19:23 UTC,2025-03-10 06:19:23 UTC,,,2025-03-10 06:19:05 UTC
70013875614,Not looking any property as of now,Discussed with client now. again . Client said he has stop looking property in ecr due to his son higher studies at abroad. So this year he may not look any property ,Completed,2025-03-11 07:15:00 UTC,70000110352,70000110352,70000110352,2025-03-10 07:16:13 UTC,2025-03-10 07:16:13 UTC,,,2025-03-10 07:15:05 UTC
70013875811,General enquiry,Client has visited our site yesterday. He says he has long before he has purchased a plots just opposite to our site. Wanted enqire about the prices. Client says just wanted to know the price,Completed,2025-03-11 07:22:00 UTC,70000110352,70000110352,70000110352,2025-03-10 07:22:45 UTC,2025-03-10 07:22:45 UTC,,,2025-03-10 07:22:25 UTC
70013876136,Budget,Client need 4 bhk apartment in vaniya vilas with budget of 2.5 cr. I have Given MR vimal number to client . Advice client To go have site visit and ask vimal in site,Completed,2025-03-11 07:28:00 UTC,70000110352,70000110352,70000110352,2025-03-10 07:33:08 UTC,2025-03-10 07:33:08 UTC,,,2025-03-10 07:28:25 UTC
70013876537,Not intrested,This  client is fom ranchi. She says by mistake her kids scrolled website. She says she is not looking property in chennai,Completed,2025-03-11 07:46:00 UTC,70000110352,70000110352,70000110352,2025-03-10 07:47:02 UTC,2025-03-10 07:47:02 UTC,,,2025-03-10 07:46:34 UTC
70013876620,rnr,The person you are calling is not answering..Pls call later. Tried calling so many times,Completed,2025-03-11 07:50:00 UTC,70000110352,70000110352,70000110352,2025-03-10 07:50:37 UTC,2025-03-10 07:50:37 UTC,,,2025-03-10 07:50:18 UTC
70013880852,budget,Client has already done site visit last sunday along with his friend. Client said his budget is up to 1.5 to 2cr. wanted 3 bhk flat. but our project cost starts from 3.5 cr onwards,Completed,2025-03-11 11:03:00 UTC,70000110352,70000110352,70000110352,2025-03-10 11:03:39 UTC,2025-03-10 11:03:39 UTC,,,2025-03-10 11:03:16 UTC
70013881054,On hold,Due to guide line issue. As of now we have kept sales on hold for time being. Once problem is solved then we shall proceed,Completed,2025-03-11 11:18:00 UTC,70000110352,70000110352,70000110352,2025-03-10 11:19:40 UTC,2025-03-10 11:19:40 UTC,,,2025-03-10 11:18:59 UTC
70013881456,not intrested,Client says he si not looking any plots in chennai. He says he is from bhopal. Why should see plots in chennai,Completed,2025-03-11 11:51:00 UTC,70000110352,70000110352,70000110352,2025-03-10 11:51:53 UTC,2025-03-10 11:51:53 UTC,,,2025-03-10 11:51:34 UTC
70013881498,Out of service,The number you are calling is temporary out of service,Completed,2025-03-11 11:54:00 UTC,70000110352,70000110352,70000110352,2025-03-10 11:54:32 UTC,2025-03-10 11:54:32 UTC,,,2025-03-10 11:54:15 UTC
70013886683,disconnecting calls,Tried calling last evening as well even today also. Call is ringing for long time and then client disconnects the call. Tried calling so many times. result is same,Completed,2025-03-12 05:45:00 UTC,70000110352,70000110352,70000110352,2025-03-11 05:46:44 UTC,2025-03-11 05:46:44 UTC,,,2025-03-11 05:45:56 UTC
70013886740,not intrested,Client speaks in telegu.. And says wrong number,Completed,2025-03-12 05:52:00 UTC,70000110352,70000110352,70000110352,2025-03-11 05:52:40 UTC,2025-03-11 05:52:40 UTC,,,2025-03-11 05:52:23 UTC
70013886779,no response,The person you are calling is not answering .Tried calling so many times since yesterday,Completed,2025-03-12 05:57:00 UTC,70000110352,70000110352,70000110352,2025-03-11 05:57:33 UTC,2025-03-11 05:57:33 UTC,,,2025-03-11 05:57:11 UTC
70013886990,no response,The person you are calling is not answering… Tried calling so many times,Completed,2025-03-12 06:16:00 UTC,70000110352,70000110352,70000110352,2025-03-11 06:17:22 UTC,2025-03-11 06:17:22 UTC,,,2025-03-11 06:16:54 UTC
70013887046,bad luck,Client says as of now he is not looking any property due to sudden death of his father. last week,Completed,2025-03-12 06:22:00 UTC,70000110352,70000110352,70000110352,2025-03-11 06:22:58 UTC,2025-03-11 06:22:58 UTC,,,2025-03-11 06:22:35 UTC
70013887263,Rnr,The number you are calling is not answering….Tried calling so many times. Will try to call again later,Completed,2025-03-12 06:43:00 UTC,70000110352,70000110352,70000110352,2025-03-11 06:44:09 UTC,2025-03-11 06:44:09 UTC,,,2025-03-11 06:43:42 UTC
70013887421,Not intrested,This client is staying in madurai. Says he is not looking any property in chennai. he says he is working in hote lodge industry in madurai,Completed,2025-03-12 06:50:00 UTC,70000110352,70000110352,70000110352,2025-03-11 06:50:57 UTC,2025-03-11 06:50:57 UTC,,,2025-03-11 06:50:35 UTC
70013887660,Client budget is up to 15 lakhs only,Client enquired for reserve 16 project. All details sent through whats app. Client said will discuss with her husband and then revert back . Client says her budget is up to 15 lakhs only,Completed,2025-03-12 06:58:00 UTC,70000110352,70000110352,70000110352,2025-03-11 06:58:49 UTC,2025-03-11 06:58:49 UTC,,,2025-03-11 06:58:09 UTC
70013898385,Vendor,This client is a vendor..Looking people for part time job ,Completed,2025-03-13 06:37:00 UTC,70000110352,70000110352,70000110352,2025-03-12 06:38:34 UTC,2025-03-12 06:38:34 UTC,,,2025-03-12 06:37:38 UTC
70013899611,Vendor,This client is a property expo organiser.. They said looking builders to participate in gugaon,Completed,2025-03-13 07:40:00 UTC,70000110352,70000110352,70000110352,2025-03-12 07:40:25 UTC,2025-03-12 07:40:25 UTC,,,2025-03-12 07:40:07 UTC
70013899660,Vendor,This client is a vendor.. wanted to do buisness of fabrication,Completed,2025-03-13 07:43:00 UTC,70000110352,70000110352,70000110352,2025-03-12 07:43:24 UTC,2025-03-12 07:43:24 UTC,,,2025-03-12 07:43:04 UTC
70013899775,patipulam plots,Client shown intrest in reserve 16 plots. All details sent through whats app. Client said will get back to me after having discussed with family members,Completed,2025-03-13 07:48:00 UTC,70000110352,70000110352,70000110352,2025-03-12 07:49:16 UTC,2025-03-12 07:49:16 UTC,,,2025-03-12 07:48:32 UTC
70013901379,budget,Client just enquired about patipulam plot. Client feels rate is very high his budget is 2000 rs per sqft all inclusive. And our rate starts from 2300 rs per sqft plus other charges,Completed,2025-03-13 09:19:00 UTC,70000110352,70000110352,70000110352,2025-03-12 09:20:01 UTC,2025-03-12 09:20:01 UTC,,,2025-03-12 09:19:35 UTC
70013901571,not intrested,Client says she is not looking for any property right now,Completed,2025-03-13 09:28:00 UTC,70000110352,70000110352,70000110352,2025-03-12 09:28:50 UTC,2025-03-12 09:28:50 UTC,,,2025-03-12 09:28:30 UTC
70013909686,budget,Client shown intrest in patipulam projects. Client says she doesnt want on emi. .She need plots in monthly instalment. Budget up to 12 lakhs only,Completed,2025-03-14 05:29:00 UTC,70000110352,70000110352,70000110352,2025-03-13 05:30:57 UTC,2025-03-13 05:30:57 UTC,,,2025-03-13 05:30:00 UTC
70013910089,No response,The person you are calling is not answering . Tried calling so many times ..Will again after some times,Completed,2025-03-14 06:02:00 UTC,70000110352,70000110352,70000110352,2025-03-13 06:03:20 UTC,2025-03-13 06:03:20 UTC,,,2025-03-13 06:02:49 UTC
70013910106,rnr,The person you are calling is not answering.. Pls try later,Completed,2025-03-14 06:05:00 UTC,70000110352,70000110352,70000110352,2025-03-13 06:06:18 UTC,2025-03-13 06:06:18 UTC,,,2025-03-13 06:05:53 UTC
70013910160,vendor,This client is a vendor,Completed,2025-03-14 06:14:00 UTC,70000110352,70000110352,70000110352,2025-03-13 06:14:51 UTC,2025-03-13 06:14:51 UTC,,,2025-03-13 06:14:29 UTC
70013910308,out of coverage area,The number you are calling is out of network coverage area.. Pls connect after some tried calling so many times,Completed,2025-03-14 06:31:00 UTC,70000110352,70000110352,70000110352,2025-03-13 06:32:39 UTC,2025-03-13 06:32:39 UTC,,,2025-03-13 06:31:11 UTC
70013910455,Not intrested,Client says i dont need any thing and then cuts the call.,Completed,2025-03-14 06:40:00 UTC,70000110352,70000110352,70000110352,2025-03-13 06:40:43 UTC,2025-03-13 06:40:43 UTC,,,2025-03-13 06:40:17 UTC
70013910721,budget,As discussed with client .. Client budget is up to 1.5cr only looking property next to hotel turya. But our flat cost starts from 2.78 cr. only ,Completed,2025-03-14 06:47:00 UTC,70000110352,70000110352,70000110352,2025-03-13 06:47:58 UTC,2025-03-13 06:47:58 UTC,,,2025-03-13 06:47:38 UTC
70013924409,Vendor,This client is a vendor,Completed,2025-03-15 07:31:00 UTC,70000110352,70000110352,70000110352,2025-03-14 07:32:11 UTC,2025-03-14 07:32:11 UTC,,,2025-03-14 07:31:50 UTC
70013924428,budget,As discussed with client .. Client budget is up to 1.5cr only looking property next to hotel turya. But our flat cost starts from 2.78 cr. only ,Completed,2025-03-15 07:33:00 UTC,70000110352,70000110352,70000110352,2025-03-14 07:33:28 UTC,2025-03-14 07:33:28 UTC,,,2025-03-14 07:33:10 UTC
70013924498,budget,Client looking plots on instalments and not on bank loan. Budget up to 12 lakhs only,Completed,2025-03-15 07:37:00 UTC,70000110352,70000110352,70000110352,2025-03-14 07:37:27 UTC,2025-03-14 07:37:27 UTC,,,2025-03-14 07:37:04 UTC
70013946688,Patipulam plots,after having discussed with client . All details sent through whats app. Client said will discuss with family and revert back week,Completed,2025-03-18 06:22:00 UTC,70000110352,70000110352,70000110352,2025-03-17 06:22:29 UTC,2025-03-17 06:22:29 UTC,,,2025-03-17 06:22:09 UTC
70013946809,patipulam plots,Tried calling so many times . Call is going into voice mail. All details sent through whats app. Waiting for client to respond on whats app,Completed,2025-03-18 06:34:00 UTC,70000110352,70000110352,70000110352,2025-03-17 06:34:36 UTC,2025-03-17 06:34:36 UTC,,,2025-03-17 06:34:16 UTC
70013947323,Incoming call not recharged,Incoming call is not available in this number .. it has to be recharged with client,Completed,2025-03-18 06:54:00 UTC,70000110352,70000110352,70000110352,2025-03-17 06:54:46 UTC,2025-03-17 06:54:46 UTC,,,2025-03-17 06:54:19 UTC
70013947490,Vendors,Client says she si not looking for any plots or villa. Infact they are from star health insurance,Completed,2025-03-18 07:00:00 UTC,70000110352,70000110352,70000110352,2025-03-17 07:01:20 UTC,2025-03-17 07:01:20 UTC,,,2025-03-17 07:00:56 UTC
70013948250,Chanell partner,This client is a channel partner.. Has visited site. He says he is having client will show them the property and revert back. Once they visit site,Completed,2025-03-18 07:29:00 UTC,70000110352,70000110352,70000110352,2025-03-17 07:29:56 UTC,2025-03-17 07:29:56 UTC,,,2025-03-17 07:29:23 UTC
70013948362,patipulam plots,"Client along with his family were on the way to cudalore. After seeing our hoarding, Client enquired about our property. All details sent through whats app. Client said they will revert back. Client feels rate si very high will discuss with in family members and then revert back",Completed,2025-03-18 07:36:00 UTC,70000110352,70000110352,70000110352,2025-03-17 07:39:11 UTC,2025-03-17 07:39:11 UTC,,,2025-03-17 07:39:07 UTC
70013951757,Plots,Discussed with client over phone regarding reserve 16. Client said i am in meeting advice me to forward all details through whatts app. Client also said he will see other builder plots too and then decide. It will take some time for him to decide,Completed,2025-03-18 10:26:00 UTC,70000110352,70000110352,70000110352,2025-03-17 10:27:04 UTC,2025-03-17 10:27:04 UTC,,,2025-03-17 10:26:47 UTC
70013951813,Not reachable,The person you are calling is not answering ..Pls try later,Completed,2025-03-18 10:30:00 UTC,70000110352,70000110352,70000110352,2025-03-17 10:31:40 UTC,2025-03-17 10:31:40 UTC,,,2025-03-17 10:30:49 UTC
70013951914,Bad timing,Client seems to be aged person. Client says when i am sleeping dont call me at this time. I requested him when shall i again . Client cuts the call,Completed,2025-03-18 10:41:00 UTC,70000110352,70000110352,70000110352,2025-03-17 10:41:36 UTC,2025-03-17 10:41:36 UTC,,,2025-03-17 10:41:19 UTC
70013951965,Patipulam plots,Already up dated in system .. pls check its the same lead,Completed,2025-03-18 10:44:00 UTC,70000110352,70000110352,70000110352,2025-03-17 10:44:47 UTC,2025-03-17 10:44:47 UTC,,,2025-03-17 10:44:23 UTC
70013952094,Villa viviana,This client is looking for villa only in villa viviana. Client doesnt want plot. Wants readymade villa only. Unfortunately all villas has been sold out,Completed,2025-03-18 10:53:00 UTC,70000110352,70000110352,70000110352,2025-03-17 10:53:52 UTC,2025-03-17 10:53:52 UTC,,,2025-03-17 10:53:33 UTC
70013952123,Villa plots,Client looking plots at guduvancherry only next to his work place,Completed,2025-03-18 10:56:00 UTC,70000110352,70000110352,70000110352,2025-03-17 10:56:42 UTC,2025-03-17 10:56:42 UTC,,,2025-03-17 10:56:15 UTC
70013952159,not intrested,Its been already mentioned in earlier. Why the same lead is reflected twice,Completed,2025-03-18 10:58:00 UTC,70000110352,70000110352,70000110352,2025-03-17 10:58:49 UTC,2025-03-17 10:58:49 UTC,,,2025-03-17 10:58:32 UTC
70013952416,PAtipulam Plots,Client need 5000 sqft of plot in reserve 16. But he says he will bult a villa and let it out for air bmb. Sinced we are selling plots is that possible. Again followed up today client says he will take a call only after 15 th april. Because he has to show the plots to his family. As of now exams are going on,Completed,2025-03-18 11:19:00 UTC,70000110352,70000110352,70000110352,2025-03-17 11:19:41 UTC,2025-03-17 11:19:41 UTC,,,2025-03-17 11:19:10 UTC
70013956487,Not available,The call has been forwarded to voicemail. The person you are calling is not available. Tried calling so many times,Completed,2025-03-19 05:24:00 UTC,70000110352,70000110352,70000110352,2025-03-18 05:24:38 UTC,2025-03-18 05:24:38 UTC,,,2025-03-18 05:24:12 UTC
70013956851,reserve 16,Discussed with client twice last evening.. Client is from abroad. He is coming down to chennai in month of may 2025. He will visit site and then take a call for purchase. ,Completed,2025-03-19 06:07:00 UTC,70000110352,70000110352,70000110352,2025-03-18 06:07:59 UTC,2025-03-18 06:07:59 UTC,,,2025-03-18 06:07:38 UTC
70013957580,budget,Discussed with client.. Client need 3 bhk flat in voc street project. Client budget is up to 2 cr only . Unfortunately our cost starts from 2.78 cr,Completed,2025-03-19 06:52:00 UTC,70000110352,70000110352,70000110352,2025-03-18 06:52:18 UTC,2025-03-18 06:52:18 UTC,,,2025-03-18 06:52:04 UTC
70013957833,final cost sheet,Client again called me in evening. He is staying in villa 119 on rent. Evening they have visited site and again to day morning they have visited plot and forwarded them the final cost sheet of 2700 per sqft plus other charges. client said will check and revert back,Completed,2025-03-19 07:00:00 UTC,70000110352,70000110352,70000110352,2025-03-18 07:01:03 UTC,2025-03-18 07:01:03 UTC,,,2025-03-18 07:00:37 UTC
70013960821,not reachable,The number you are calling either switched off or not reachable at the moment..Tried calling so many times,Overdue,2025-03-19 09:21:00 UTC,70000110352,70000110352,70000110352,2025-03-18 09:21:23 UTC,2025-03-18 09:21:23 UTC,,,
70013961134,patipulam plots,As discussed with client .Client says he is looking for investments. and also he said by next week end he will have site visit and then decide,Completed,2025-03-19 09:35:00 UTC,70000110352,70000110352,70000110352,2025-03-18 09:35:50 UTC,2025-03-18 09:35:50 UTC,,,2025-03-18 09:35:30 UTC
70013961270,patipulam ,Discussed with client over phone. Client is from abroad. In month of may client will come down to chennai . And then decide. ,Completed,2025-03-19 09:41:00 UTC,70000110352,70000110352,70000110352,2025-03-18 09:42:43 UTC,2025-03-18 09:42:43 UTC,,,2025-03-18 09:41:30 UTC
70013961359,krishna,Client was enquirying about krishna project. She is looking apartment with budget of 4 cr only. Unfortutenately our project cost starts from 7 cr,Completed,2025-03-19 09:46:00 UTC,70000110352,70000110352,70000110352,2025-03-18 09:46:33 UTC,2025-03-18 09:46:33 UTC,,,2025-03-18 09:46:19 UTC
70013961448,not able to reach,The dialed number does not exist. Pls check the number you have dialed.. tried calling so many times,Completed,2025-03-19 09:50:00 UTC,70000110352,70000110352,70000110352,2025-03-18 09:50:34 UTC,2025-03-18 09:50:34 UTC,,,2025-03-18 09:50:11 UTC
70013961513,out of service,The number you are calling is temporary out of service,Completed,2025-03-19 09:53:00 UTC,70000110352,70000110352,70000110352,2025-03-18 09:54:14 UTC,2025-03-18 09:54:14 UTC,,,2025-03-18 09:53:24 UTC
70013961713,budget,Client need three bhk apartment at abhirampuram or mylapore. Client budget is up to 3 cr only,Completed,2025-03-19 10:06:00 UTC,70000110352,70000110352,70000110352,2025-03-18 10:07:15 UTC,2025-03-18 10:07:15 UTC,,,2025-03-18 10:06:59 UTC
70013961840,Voice mail,Call has been forwarded to voice mail… Tried calling so many times,Completed,2025-03-19 10:19:00 UTC,70000110352,70000110352,70000110352,2025-03-18 10:19:25 UTC,2025-03-18 10:19:25 UTC,,,2025-03-18 10:19:08 UTC
70013961876,Vihaana,Client looking for rental in vihaana project. this is an old project,Completed,2025-03-19 10:22:00 UTC,70000110352,70000110352,70000110352,2025-03-18 10:23:14 UTC,2025-03-18 10:23:14 UTC,,,2025-03-18 10:22:38 UTC
70013961934,Vendor,This client is a vendor,Completed,2025-03-19 10:27:00 UTC,70000110352,70000110352,70000110352,2025-03-18 10:27:51 UTC,2025-03-18 10:27:51 UTC,,,2025-03-18 10:27:42 UTC
70013962291,general enquiry,Client says his father is in abroad. Wanted all projects details. So that he can convince his father which one to buy. And als said he is collecting other builders details too. So it will take time for the same,Completed,2025-03-19 10:56:00 UTC,70000110352,70000110352,70000110352,2025-03-18 10:57:16 UTC,2025-03-18 10:57:16 UTC,,,2025-03-18 10:56:55 UTC
70013976318,Budget,Client intrested in 3bhk apartment with budget of 1.5 crore only . Client shown intrest in our project. But due to low budget client is not intrested,Completed,2025-03-21 06:12:00 UTC,70000110352,70000110352,70000110352,2025-03-20 06:12:47 UTC,2025-03-20 06:12:47 UTC,,,2025-03-20 06:12:32 UTC
70013976391,Not intrested,It seems this number is from village remote place. Discussed with client regarding plots she says she doesnt know what is plot. And then cuts the call. Tried calling so many times,Completed,2025-03-21 06:19:00 UTC,70000110352,70000110352,70000110352,2025-03-20 06:19:37 UTC,2025-03-20 06:19:37 UTC,,,2025-03-20 06:19:13 UTC
70013976441,not intrested,This client is a vendor,Completed,2025-03-21 06:23:00 UTC,70000110352,70000110352,70000110352,2025-03-20 06:23:50 UTC,2025-03-20 06:23:50 UTC,,,2025-03-20 06:23:28 UTC
70013976827,not able to reach,The number you have dialed does not exist pls check the number you have dialed. Tried calling so many times,Completed,2025-03-21 06:44:00 UTC,70000110352,70000110352,70000110352,2025-03-20 06:44:45 UTC,2025-03-20 06:44:45 UTC,,,2025-03-20 06:44:10 UTC
70013977716,Patipulam plots,Discussed with client now. All details sent through whats app. Client said will revert back once decided. on the way to pondicherry .,Completed,2025-03-21 07:23:00 UTC,70000110352,70000110352,70000110352,2025-03-20 07:24:29 UTC,2025-03-20 07:24:29 UTC,,,2025-03-20 07:23:42 UTC
70013977865,Patipulam plots,All details sent through whats app yesterday. Today again spoke to client now. Client says Today her husband gone out of station will be back on monday. Will discuss and then revert back,Completed,2025-03-21 07:30:00 UTC,70000110352,70000110352,70000110352,2025-03-20 07:31:15 UTC,2025-03-20 07:31:15 UTC,,,2025-03-20 07:30:29 UTC
70013980007,Patipulam plots,Discussed with client in morning. Client said will revert back to me on monday. After having discussed with family members,Completed,2025-03-21 09:20:00 UTC,70000110352,70000110352,70000110352,2025-03-20 09:20:35 UTC,2025-03-20 09:20:35 UTC,,,2025-03-20 09:20:10 UTC
70013980097,not reachable,The number you are calling either switched off or not reachable at the moment. Pls try after some time later,Completed,2025-03-21 09:24:00 UTC,70000110352,70000110352,70000110352,2025-03-20 09:24:42 UTC,2025-03-20 09:24:42 UTC,,,2025-03-20 09:24:24 UTC
70013980311,viviriti ,Discussed with client now. Client said this week end will try to have site visit. Client looking for 4 bhk flat in viviriti projectand the decide,Completed,2025-03-21 09:33:00 UTC,70000110352,70000110352,70000110352,2025-03-20 09:33:51 UTC,2025-03-20 09:33:51 UTC,,,2025-03-20 09:33:23 UTC
70013980669,Viviriti,After getting all details of our project. Client sunddenly says i will get back to you and then cuts the call. next call client is not responding. Will again try some time later,Completed,2025-03-21 09:46:00 UTC,70000110352,70000110352,70000110352,2025-03-20 09:51:16 UTC,2025-03-20 09:51:16 UTC,,,2025-03-20 09:46:24 UTC
70013981713,voice mail,The person you are calling is not available pls send message in voice mail. Tried calling so many times. All details send through email,Completed,2025-03-21 11:26:00 UTC,70000110352,70000110352,70000110352,2025-03-20 11:27:02 UTC,2025-03-20 11:27:02 UTC,,,2025-03-20 11:26:42 UTC
70013990503,Not responding,It seems client is disconnecting my call. First it rings and then it says the person you are calling is currently busy. Pls call after some time,Completed,2025-03-22 10:05:00 UTC,70000110352,70000110352,70000110352,2025-03-21 10:05:45 UTC,2025-03-21 10:05:45 UTC,,,2025-03-21 10:05:26 UTC
70013990760,pati pulam plots,Discussed with client. Client budget is up to 20 lakhs only wanted one ground. Unfortunately our project cost from 38 lakhs onwards,Completed,2025-03-22 10:31:00 UTC,70000110352,70000110352,70000110352,2025-03-21 10:31:38 UTC,2025-03-21 10:31:38 UTC,,,2025-03-21 10:31:07 UTC
70013990862,broker,Client says he know ajay lunawath megraj uncle too. He will bring client if any one is intrested in patipulam projects,Completed,2025-03-22 10:40:00 UTC,70000110352,70000110352,70000110352,2025-03-21 10:40:36 UTC,2025-03-21 10:40:36 UTC,,,2025-03-21 10:40:21 UTC
70013990929,frangipani,This client is a existing client of our project arihant franjipani.Right now he is in tirchy. he needs association number to pay the maintenance ,Completed,2025-03-22 10:46:00 UTC,70000110352,70000110352,70000110352,2025-03-21 10:47:16 UTC,2025-03-21 10:47:16 UTC,,,2025-03-21 10:46:59 UTC
70013991015,Ringing no response,The person you are calling is not answering.. Pls try some time later,Completed,2025-03-22 10:55:00 UTC,70000110352,70000110352,70000110352,2025-03-21 10:56:59 UTC,2025-03-21 10:56:59 UTC,,,2025-03-21 10:56:01 UTC
70014010073,patipulam,Client called me in evening .And said he is travelling out of country..will be back on 30 th march 2025 .Will again follow up after 30 th,Completed,2025-03-25 05:46:00 UTC,70000110352,70000110352,70000110352,2025-03-24 05:47:16 UTC,2025-03-24 05:47:16 UTC,,,2025-03-24 05:46:49 UTC
70014010383,Vendor,This client is a vendor digital marketing,Overdue,2025-03-25 06:24:00 UTC,70000110352,70000110352,70000110352,2025-03-24 06:26:47 UTC,2025-03-24 06:26:47 UTC,,,
70014010489,patipulam plots,This client shown intrest in patipulam plots. All details and location forwarded to client. Client said will explore other builders project too. and revert back to me with in one month,Overdue,2025-03-25 06:34:00 UTC,70000110352,70000110352,70000110352,2025-03-24 06:34:50 UTC,2025-03-24 06:34:50 UTC,,,
70014011749,patipulam plots,This client shown intrest in patipulam plots. All details and location forwarded to client. Client said will explore other builders project too. and revert back to me with in one month,Completed,2025-03-25 07:29:00 UTC,70000110352,70000110352,70000110352,2025-03-24 07:30:18 UTC,2025-03-24 07:30:18 UTC,,,2025-03-24 07:29:52 UTC
70014014585,Not intrested,Client says he is not looking any property at all..,Completed,2025-03-25 09:52:00 UTC,70000110352,70000110352,70000110352,2025-03-24 09:54:49 UTC,2025-03-24 09:54:49 UTC,,,2025-03-24 09:52:28 UTC
70014014802,patipulam plots,As discussed with client. Client has visited the site. and also forwarded the available list. Client says will discuss with her family and let me know which property they are intrested in,Completed,2025-03-25 09:59:00 UTC,70000110352,70000110352,70000110352,2025-03-24 10:13:03 UTC,2025-03-24 10:13:03 UTC,,,2025-03-24 09:59:16 UTC
70014014889,PAtipulam plots,Client feels rate is very high and its beyond his budget. Will call back if needed and then cuts the call,Completed,2025-03-25 10:22:00 UTC,70000110352,70000110352,70000110352,2025-03-24 10:23:18 UTC,2025-03-24 10:23:18 UTC,,,2025-03-24 10:22:51 UTC
70014014962,Does not Exist,The dialed number does not exist . Pls check the number you have dialed,Completed,2025-03-25 10:27:00 UTC,70000110352,70000110352,70000110352,2025-03-24 10:29:47 UTC,2025-03-24 10:29:47 UTC,,,2025-03-24 10:27:45 UTC
70014015046,patipulam plots,Client is intrested in plots As per her requirement availbilty list has been forwared to her . She says she likes the place. But she is not happy with club uds. She says club is nusense to avoid that we are moving into plots. Client says will get back to you after having discussed with her husband,Completed,2025-03-25 10:37:00 UTC,70000110352,70000110352,70000110352,2025-03-24 10:38:15 UTC,2025-03-24 10:38:15 UTC,,,2025-03-24 10:37:43 UTC
70014015111,No response,The person you are calling is not answering.. Will try again later,Completed,2025-03-25 10:43:00 UTC,70000110352,70000110352,70000110352,2025-03-24 10:43:57 UTC,2025-03-24 10:43:57 UTC,,,2025-03-24 10:43:12 UTC
70014015156,disconnecting,Client is disconnecting my call. First call gets ringing and then it disconnect and says the number you have dialed is currently busy,Completed,2025-03-25 10:47:00 UTC,70000110352,70000110352,70000110352,2025-03-24 10:47:37 UTC,2025-03-24 10:47:37 UTC,,,2025-03-24 10:47:03 UTC
70014015204,not intrested,Client is disconnecting my call. First call gets ringing and then it disconnect and says the number you have dialed is currently busy,Completed,2025-03-25 10:50:00 UTC,70000110352,70000110352,70000110352,2025-03-24 10:51:02 UTC,2025-03-24 10:51:02 UTC,,,2025-03-24 10:50:47 UTC
70014015310,out of station,Client says she si busy right now advice me to call her back after one week,Completed,2025-03-25 11:03:00 UTC,70000110352,70000110352,70000110352,2025-03-24 11:04:00 UTC,2025-03-24 11:04:00 UTC,,,2025-03-24 11:03:33 UTC
70014015375,No response,The person you are calling is not answering pls try later,Completed,2025-03-25 11:10:00 UTC,70000110352,70000110352,70000110352,2025-03-24 11:10:39 UTC,2025-03-24 11:10:39 UTC,,,2025-03-24 11:10:35 UTC
70014015410,Voice mail,You call has been forwarded to voice mail. The person you are calling is not available. Tried calling so many times,Completed,2025-03-25 11:13:00 UTC,70000110352,70000110352,70000110352,2025-03-24 11:14:24 UTC,2025-03-24 11:14:24 UTC,,,2025-03-24 11:14:02 UTC
70014015712,Krsna project,Client is intrested in abhirampuram wanted 2700 sqft flat. But she needs in top floor. Not in first floor. ,Completed,2025-03-25 11:41:00 UTC,70000110352,70000110352,70000110352,2025-03-24 11:42:31 UTC,2025-03-24 11:42:31 UTC,,,2025-03-24 11:41:57 UTC
70014015753,WANTED PROPERTY NEAR SEA SHORE ONLY,Client need property near sea SIDE ONLY NOT IN OPPOSITE SITE IN ECR,Completed,2025-03-25 11:46:00 UTC,70000110352,70000110352,70000110352,2025-03-24 11:46:47 UTC,2025-03-24 11:46:47 UTC,,,2025-03-24 11:46:18 UTC
70014018986,farm land,As discussed with client .Client says he need farm land…not residential plot,Completed,2025-03-26 04:59:00 UTC,70000110352,70000110352,70000110352,2025-03-25 05:01:33 UTC,2025-03-25 05:01:33 UTC,,,2025-03-25 04:59:16 UTC
70014024002,Patipulam plots,Discussed with client . Client says in nemili one ground he is getting for 50 lakhs. After convincing to client. Client says next week end he will travel to ecr. Then he will take a callafter having site visit,Completed,2025-03-26 10:36:00 UTC,70000110352,70000110352,70000110352,2025-03-25 10:37:26 UTC,2025-03-25 10:37:26 UTC,,,2025-03-25 10:36:50 UTC
70014024051,Voice mail,Your call has been forwarded to voice mail .The person you are calling is not available right now. All details sent through whats app. ,Completed,2025-03-26 10:42:00 UTC,70000110352,70000110352,70000110352,2025-03-25 10:42:39 UTC,2025-03-25 10:42:39 UTC,,,2025-03-25 10:42:15 UTC
70014024346,Pati pulam plots,Discuss with client. Client says last week he has seen the site. He says please inform him once the whole project get ready. Then only he will again look into it. till the he will let us know,Completed,2025-03-26 11:14:00 UTC,70000110352,70000110352,70000110352,2025-03-25 11:14:56 UTC,2025-03-25 11:14:56 UTC,,,2025-03-25 11:14:25 UTC
70014024386,Rnr,Ringing no response…Will try again some time later,Completed,2025-03-26 11:18:00 UTC,70000110352,70000110352,70000110352,2025-03-25 11:19:16 UTC,2025-03-25 11:19:16 UTC,,,2025-03-25 11:18:59 UTC
70014024719,Patipulam ,Discussed with client. Client shown intrest in our project. All details sent through whats app. Client said this week end he will have site visit and then decide,Completed,2025-03-26 11:51:00 UTC,70000110352,70000110352,70000110352,2025-03-25 11:51:40 UTC,2025-03-25 11:51:40 UTC,,,2025-03-25 11:51:24 UTC
70014024741,north town ,Client looking flat in chetna. project Forwarded Mr vimal number to follow him,Completed,2025-03-26 11:54:00 UTC,70000110352,70000110352,70000110352,2025-03-25 11:54:37 UTC,2025-03-25 11:54:37 UTC,,,2025-03-25 11:54:13 UTC
70014028303,ttk road,Client looking property at ttk road only next his work place. budget is up to 3.5 crore only. ,Completed,2025-03-27 06:03:00 UTC,70000110352,70000110352,70000110352,2025-03-26 06:03:44 UTC,2025-03-26 06:03:44 UTC,,,2025-03-26 06:03:20 UTC
70014028471,not intrested,This client is from bihar…He says he is not looking any apartment in chennai at all....not intrested,Completed,2025-03-27 06:22:00 UTC,70000110352,70000110352,70000110352,2025-03-26 06:23:14 UTC,2025-03-26 06:23:14 UTC,,,2025-03-26 06:22:07 UTC
70014028484,Does not exist,The dialed number does not exist…Tried calling so many times,Completed,2025-03-27 06:25:00 UTC,70000110352,70000110352,70000110352,2025-03-26 06:25:53 UTC,2025-03-26 06:25:53 UTC,,,2025-03-26 06:25:37 UTC
70014029342,Not able to reach,The person you are calling is speaking to some one else pls try after some time later,Completed,2025-03-27 07:06:00 UTC,70000110352,70000110352,70000110352,2025-03-26 07:08:20 UTC,2025-03-26 07:08:20 UTC,,,2025-03-26 07:06:32 UTC
70014029450,Vendor,This client is a loan distrubutor..searching for clients to give loan up to 100 crores.,Completed,2025-03-27 07:13:00 UTC,70000110352,70000110352,70000110352,2025-03-26 07:13:19 UTC,2025-03-26 07:13:19 UTC,,,2025-03-26 07:13:03 UTC
70014032721,Bad timing,Client seems to be in bad mood he just lift the call and have fight with other people and then cuts the call.. Will again call some time later,Completed,2025-03-27 10:15:00 UTC,70000110352,70000110352,70000110352,2025-03-26 10:15:23 UTC,2025-03-26 10:15:23 UTC,,,2025-03-26 10:15:06 UTC
70014032737,Vendor,This client is a vendor,Completed,2025-03-27 10:16:00 UTC,70000110352,70000110352,70000110352,2025-03-26 10:17:23 UTC,2025-03-26 10:17:23 UTC,,,2025-03-26 10:16:55 UTC
70014033738,Driver,This client is a cab driver …Says hello and says one minuite and then cuts the call,Completed,2025-03-27 10:21:00 UTC,70000110352,70000110352,70000110352,2025-03-26 11:56:37 UTC,2025-03-26 11:56:37 UTC,,,2025-03-26 10:21:07 UTC
70014033787,channel partner,This client is a channel partner.. Wanted all details so that he can forward to his client,Completed,2025-03-27 12:01:00 UTC,70000110352,70000110352,70000110352,2025-03-26 12:01:55 UTC,2025-03-26 12:01:55 UTC,,,2025-03-26 12:01:35 UTC
70014033822,rnr,Long ring is ringing and then disconnect the ring. Tried calling so many times. Client does the same,Completed,2025-03-27 12:05:00 UTC,70000110352,70000110352,70000110352,2025-03-26 12:05:29 UTC,2025-03-26 12:05:29 UTC,,,2025-03-26 12:05:15 UTC
70014033970,patipulam plots,Discussed with client. Client wanted all details through whats app. All details forwarded. Client said will check and revert back if needed,Completed,2025-03-27 12:19:00 UTC,70000110352,70000110352,70000110352,2025-03-26 12:20:10 UTC,2025-03-26 12:20:10 UTC,,,2025-03-26 12:19:49 UTC
70014036547,patipulam,Client says he is working in omr she need plot in ecr not in ecr,Completed,2025-03-28 05:18:00 UTC,70000110352,70000110352,70000110352,2025-03-27 05:19:10 UTC,2025-03-27 05:19:10 UTC,,,2025-03-27 05:18:39 UTC
70014036619,rnr,The number you are calling is currently busy will try again after some time,Overdue,2025-03-28 05:30:00 UTC,70000110352,70000110352,70000110352,2025-03-27 05:31:15 UTC,2025-03-27 05:31:15 UTC,,,
70014036801,not intrested,Client says no no when i call him and then cuts the call,Completed,2025-03-28 05:53:00 UTC,70000110352,70000110352,70000110352,2025-03-27 05:53:57 UTC,2025-03-27 05:53:57 UTC,,,2025-03-27 05:53:28 UTC
70014036832,No response,The person you are calling is not answering.. Pls call later,Completed,2025-03-28 05:58:00 UTC,70000110352,70000110352,70000110352,2025-03-27 05:59:16 UTC,2025-03-27 05:59:16 UTC,,,2025-03-27 05:58:18 UTC
70014036854,No Response,The person you are calling is not answering.. Pls call after some time,Completed,2025-03-28 06:00:00 UTC,70000110352,70000110352,70000110352,2025-03-27 06:02:49 UTC,2025-03-27 06:02:49 UTC,,,2025-03-27 06:00:55 UTC
70014036877,redhills plots,Client called me now.. HE says he has already purchased a commercial plot in red hills last month and right now he is not looking any plots right now,Completed,2025-03-28 06:05:00 UTC,70000110352,70000110352,70000110352,2025-03-27 06:06:07 UTC,2025-03-27 06:06:07 UTC,,,2025-03-27 06:05:43 UTC
70014037012,Will Respond,Client daughter says her mom has gone to office for work. Will tell her to call you once she reaches home,Completed,2025-03-28 06:24:00 UTC,70000110352,70000110352,70000110352,2025-03-27 06:25:43 UTC,2025-03-27 06:25:43 UTC,,,2025-03-27 06:24:46 UTC
70014037035,not intrested,Client says its opposite side of sea shore clint says he is not intrested .He needs plot near sea shore,Completed,2025-03-28 06:28:00 UTC,70000110352,70000110352,70000110352,2025-03-27 06:28:52 UTC,2025-03-27 06:28:52 UTC,,,2025-03-27 06:28:33 UTC
70014039128,patipulam,Customer enquired for patipulam project. Client is from ponjeri and will ftry to visit site on his own today and then decide,Completed,2025-03-28 07:57:00 UTC,70000110352,70000110352,70000110352,2025-03-27 07:57:59 UTC,2025-03-27 07:57:59 UTC,,,2025-03-27 07:57:43 UTC
70014040712,vivriti,Earlier this  Client enquired about north town project. Now she is asking details for viviriti.. All details forwarded in whats app. Client said will get back to me,Completed,2025-03-28 09:13:00 UTC,70000110352,70000110352,70000110352,2025-03-27 09:13:40 UTC,2025-03-27 09:13:40 UTC,,,2025-03-27 09:13:22 UTC
70014040877,Disconnnecting,First phone rings thrice and then disconnect .I think customer is disconeecting. Will again try some time later,Completed,2025-03-28 09:20:00 UTC,70000110352,70000110352,70000110352,2025-03-27 09:21:13 UTC,2025-03-27 09:21:13 UTC,,,2025-03-27 09:20:52 UTC
70014041070,not responding,Client responds once says hello.. After hearing our voice he cuts the call. And again called him only phone rings client is not answering.. Tried calling so many times. ,Completed,2025-03-28 09:26:00 UTC,70000110352,70000110352,70000110352,2025-03-27 09:30:19 UTC,2025-03-27 09:30:19 UTC,,,2025-03-27 09:26:11 UTC
70014041232,budget,"Client called me now . He needs three bhk apartment at thoraipakam. Client budget is up to 1.5 crore only. He doesnt want plots now.

 
",Completed,2025-03-28 09:36:00 UTC,70000110352,70000110352,70000110352,2025-03-27 09:36:57 UTC,2025-03-27 09:36:57 UTC,,,2025-03-27 09:36:05 UTC
70014041441,budget,Discussed with client . Client need 600 sqft plot budget up to 15 lakhs only. Our project cost starts from 40 lakhs onwards,Completed,2025-03-28 09:45:00 UTC,70000110352,70000110352,70000110352,2025-03-27 09:45:51 UTC,2025-03-27 09:45:51 UTC,,,2025-03-27 09:45:21 UTC
70014041599,Villa only,Client is intrested in villas only. in villa viana projects. Client says he si not intrested in plots. He need readymade villa only,Completed,2025-03-28 09:52:00 UTC,70000110352,70000110352,70000110352,2025-03-27 09:52:43 UTC,2025-03-27 09:52:43 UTC,,,2025-03-27 09:52:14 UTC
70014042117,cutting call,tried reaching client over phone .Client cuts the call and send sms will call later,Completed,2025-03-28 10:32:00 UTC,70000110352,70000110352,70000110352,2025-03-27 10:33:07 UTC,2025-03-27 10:33:07 UTC,,,2025-03-27 10:32:45 UTC
70014042481,not intrested,Client says he is not looking any plot in chennai. And said thanks for calling,Completed,2025-03-28 11:11:00 UTC,70000110352,70000110352,70000110352,2025-03-27 11:11:39 UTC,2025-03-27 11:11:39 UTC,,,2025-03-27 11:11:23 UTC
70014046149,vipaasna,The person you are calling is not answering pls try later..Tried calling so many times..Will call him later,Completed,2025-03-29 05:40:00 UTC,70000110352,70000110352,70000110352,2025-03-28 05:41:23 UTC,2025-03-28 05:41:23 UTC,,,2025-03-28 05:40:41 UTC
70014046442,patipulam,Discussed with client now.. Client feels the price is higher than the other builders. And he also said once let him discuss with parents and get back to us.. By next week end he will try to visit site and then revert back,Completed,2025-03-29 06:14:00 UTC,70000110352,70000110352,70000110352,2025-03-28 06:19:39 UTC,2025-03-28 06:19:39 UTC,,,2025-03-28 06:15:01 UTC
70014046498,Not able to reach,The person you are calling is speaking to some one else.. tried calling him since january 20 th and today also calling him result is same,Completed,2025-03-29 06:27:00 UTC,70000110352,70000110352,70000110352,2025-03-28 06:28:49 UTC,2025-03-28 06:28:49 UTC,,,2025-03-28 06:27:53 UTC
70014046698,Not intrested,Client says she is not looking any property as of now.. and then cuts the call,Completed,2025-03-29 06:38:00 UTC,70000110352,70000110352,70000110352,2025-03-28 06:39:12 UTC,2025-03-28 06:39:12 UTC,,,2025-03-28 06:38:37 UTC
70014047212,Not intresteed,Client say he is having house in native place so doesnt need any flat right now,Completed,2025-03-29 06:59:00 UTC,70000110352,70000110352,70000110352,2025-03-28 06:59:55 UTC,2025-03-28 06:59:55 UTC,,,2025-03-28 06:59:34 UTC
70014047356,builder,This client is a flat promoter and today he has given add in newspaper. He si asking me why you are calling to me,Completed,2025-03-29 07:03:00 UTC,70000110352,70000110352,70000110352,2025-03-28 07:04:18 UTC,2025-03-28 07:04:18 UTC,,,2025-03-28 07:03:21 UTC
70014047474,General enquiry,Client is staying right opposite to our project. He was enquirying for his general manager who is working in bank. And also he said just wanted to enquire and if he needs it he will revert back,Completed,2025-03-29 07:09:00 UTC,70000110352,70000110352,70000110352,2025-03-28 07:10:24 UTC,2025-03-28 07:10:24 UTC,,,2025-03-28 07:10:00 UTC
70014047613,number busy,The person you are calling is currently busy pls try after some time,Completed,2025-03-29 07:16:00 UTC,70000110352,70000110352,70000110352,2025-03-28 07:17:07 UTC,2025-03-28 07:17:07 UTC,,,2025-03-28 07:16:36 UTC
70014047723,Not well,Clent says will not be able to talk right now because he is admited in hospital. once he recover well will revert back to us,Completed,2025-03-29 07:21:00 UTC,70000110352,70000110352,70000110352,2025-03-28 07:22:09 UTC,2025-03-28 07:22:09 UTC,,,2025-03-28 07:21:55 UTC
70014054925,After  six months,Client says may be i am not looking now .May be after 6 months time line.as discussed,Completed,2025-03-30 05:08:00 UTC,70000110352,70000110352,70000110352,2025-03-29 05:10:51 UTC,2025-03-29 05:10:51 UTC,,,2025-03-29 05:08:13 UTC
70014054978,Besant nagar property,Discussed with client now . client looking for 3000 sqft in area poes garden . with budget of 11 crores . Explained about our project in besant nagar coming up. Client feels rate 28000 per sqft is too high. Then he cuts the call,Completed,2025-03-30 05:20:00 UTC,70000110352,70000110352,70000110352,2025-03-29 05:20:58 UTC,2025-03-29 05:20:58 UTC,,,2025-03-29 05:20:34 UTC
70014055016,out of service,The number you are calling is temporarily out of service. Tried calling so many times,Completed,2025-03-30 05:25:00 UTC,70000110352,70000110352,70000110352,2025-03-29 05:26:11 UTC,2025-03-29 05:26:11 UTC,,,2025-03-29 05:25:33 UTC
70014055047,general enquiry,Discussed with client now. Client says she doesnt know anything . Will discuss with her husband. Advice me to forward details through whats app. If they are intrested then will revert back if needed,Completed,2025-03-30 05:32:00 UTC,70000110352,70000110352,70000110352,2025-03-29 05:32:43 UTC,2025-03-29 05:32:43 UTC,,,2025-03-29 05:32:25 UTC
70014055086,sitched off,The number you are calling either switched off or not reach at the moment..Tried calling so many times,Completed,2025-03-30 05:37:00 UTC,70000110352,70000110352,70000110352,2025-03-29 05:38:13 UTC,2025-03-29 05:38:13 UTC,,,2025-03-29 05:37:56 UTC
70014055111,Switched off,The number you are calling either switched off or not reachable at the moment.Pls try after some time,Completed,2025-03-30 05:41:00 UTC,70000110352,70000110352,70000110352,2025-03-29 05:42:12 UTC,2025-03-29 05:42:12 UTC,,,2025-03-29 05:41:52 UTC
70014055158,not answering,The person you are calling is not answering. Will again try after some time,Completed,2025-03-30 05:49:00 UTC,70000110352,70000110352,70000110352,2025-03-29 05:50:06 UTC,2025-03-29 05:50:06 UTC,,,2025-03-29 05:49:53 UTC
70014055207,not answering,The person you are calling is not answering pls try later. Tried calling so many times,Completed,2025-03-30 05:57:00 UTC,70000110352,70000110352,70000110352,2025-03-29 05:57:24 UTC,2025-03-29 05:57:24 UTC,,,2025-03-29 05:57:07 UTC
70014055218,Not answering,The person you are calling is not answering pls call after some time,Completed,2025-03-30 05:59:00 UTC,70000110352,70000110352,70000110352,2025-03-29 06:00:39 UTC,2025-03-29 06:00:39 UTC,,,2025-03-29 06:00:02 UTC
70014055231,patipulam plots,Client enquired about our project. All details sent through whats app. last week. Again discussed today client says by next friday he will have a look for site visit,Completed,2025-03-30 06:03:00 UTC,70000110352,70000110352,70000110352,2025-03-29 06:04:20 UTC,2025-03-29 06:04:20 UTC,,,2025-03-29 06:03:58 UTC
70014055281,Adyar/ Ra puram only,Client is disconnecting call and texted me pls sms me. As per client advice all details sent through email and mms. Through sms client replied and says he is looking properties at adyar /Ra puram only,Completed,2025-03-30 06:16:00 UTC,70000110352,70000110352,70000110352,2025-03-29 06:16:49 UTC,2025-03-29 06:16:49 UTC,,,2025-03-29 06:16:23 UTC
70014055657,not intrested,Client says he is not looking any property at all. By mistake children would have scrolled our website,Completed,2025-03-30 06:45:00 UTC,70000110352,70000110352,70000110352,2025-03-29 06:45:59 UTC,2025-03-29 06:45:59 UTC,,,2025-03-29 06:45:42 UTC
70014055839,Bad timing,The person you are calling is not answering..Tried calling so many times,Completed,2025-03-30 06:52:00 UTC,70000110352,70000110352,70000110352,2025-03-29 06:53:22 UTC,2025-03-29 06:53:22 UTC,,,2025-03-29 06:52:13 UTC
70014056009,wrong number,The dialed number you are calling is not correct . Pls check the number you have dialed,Completed,2025-03-30 06:59:00 UTC,70000110352,70000110352,70000110352,2025-03-29 07:00:48 UTC,2025-03-29 07:00:48 UTC,,,2025-03-29 06:59:56 UTC
70014056577,PAtipulam plots,As discussed with client all details sent through whats app. Client said will get back to me if needed,Completed,2025-03-30 07:24:00 UTC,70000110352,70000110352,70000110352,2025-03-29 07:25:05 UTC,2025-03-29 07:25:05 UTC,,,2025-03-29 07:24:44 UTC
70014056839,not reachable,The number you are calling either switched off or not reachable at the moment. Pls try after some time,Completed,2025-03-30 07:36:00 UTC,70000110352,70000110352,70000110352,2025-03-29 07:36:52 UTC,2025-03-29 07:36:52 UTC,,,2025-03-29 07:36:34 UTC
70014057003,patipulam,Client need property near sea shore only not in opposite side..client said will come back to us if needed,Completed,2025-03-30 07:42:00 UTC,70000110352,70000110352,70000110352,2025-03-29 07:42:57 UTC,2025-03-29 07:42:57 UTC,,,2025-03-29 07:42:41 UTC
70014057058,Relative of kamal,Client need property near sea shore only not in opposite side..client said will come back to us if needed,Completed,2025-03-30 07:45:00 UTC,70000110352,70000110352,70000110352,2025-03-29 07:46:11 UTC,2025-03-29 07:46:11 UTC,,,2025-03-29 07:45:37 UTC
70014057111,Channel partner,This client is a channel partner…Wanted all details about our project through whats app,Completed,2025-03-30 07:49:00 UTC,70000110352,70000110352,70000110352,2025-03-29 07:49:31 UTC,2025-03-29 07:49:31 UTC,,,2025-03-29 07:49:15 UTC
70014058686,vendor,This client is a vendor..Wanted digital designing order,Completed,2025-03-30 09:03:00 UTC,70000110352,70000110352,70000110352,2025-03-29 09:03:47 UTC,2025-03-29 09:03:47 UTC,,,2025-03-29 09:03:34 UTC
70014059078,patipulam,Discuss with client all details sent through whats app. Client said will get back to you if needed,Completed,2025-03-30 09:24:00 UTC,70000110352,70000110352,70000110352,2025-03-29 09:25:02 UTC,2025-03-29 09:25:02 UTC,,,2025-03-29 09:24:16 UTC
70014059669,patipulam plots,Discussed with client. All details sent through whats app. Client said will discuss with family and revert back,Completed,2025-03-30 09:55:00 UTC,70000110352,70000110352,70000110352,2025-03-29 09:55:53 UTC,2025-03-29 09:55:53 UTC,,,2025-03-29 09:55:32 UTC
70014059706,channel partner,This client is a broker,Completed,2025-03-30 09:57:00 UTC,70000110352,70000110352,70000110352,2025-03-29 09:57:52 UTC,2025-03-29 09:57:52 UTC,,,2025-03-29 09:57:34 UTC
70014059715,Channel partner,This client is a broker,Completed,2025-03-30 09:58:00 UTC,70000110352,70000110352,70000110352,2025-03-29 09:58:29 UTC,2025-03-29 09:58:29 UTC,,,2025-03-29 09:58:12 UTC
70014059760,vendor,This client is a vendor..Wanted order for designing,Completed,2025-03-30 10:00:00 UTC,70000110352,70000110352,70000110352,2025-03-29 10:00:50 UTC,2025-03-29 10:00:50 UTC,,,2025-03-29 10:00:38 UTC
70014070148,patipulam,Discussed with client now. All details sent through whats app.. Client said by next week  client said will try to have a site visit and then decide,Completed,2025-04-01 05:17:00 UTC,70000110352,70000110352,70000110352,2025-03-31 05:17:59 UTC,2025-03-31 05:17:59 UTC,,,2025-03-31 05:17:41 UTC
70014070371,budget,Discussed with client all details sent through whats app. Client budget is up to 25 lakhs only wanted one ground plot in that area. ,Completed,2025-04-01 05:53:00 UTC,70000110352,70000110352,70000110352,2025-03-31 05:54:12 UTC,2025-03-31 05:54:12 UTC,,,2025-03-31 05:53:55 UTC
70014071810,understanding problem,This client seems from bengali.. tried talking to him in english . Client speaks in bengali and then cuts the call,Overdue,2025-04-01 07:23:00 UTC,70000110352,70000110352,70000110352,2025-03-31 07:24:04 UTC,2025-03-31 07:24:04 UTC,,,
70014074737,east tambram or manapakam,"Client looking property at east tambram or manpakkam with budget of 1.5 crore only


",Overdue,2025-04-01 09:38:00 UTC,70000110352,70000110352,70000110352,2025-03-31 09:38:40 UTC,2025-03-31 09:38:40 UTC,,,
70014074743,Eastr tambram or manapakkam,"Client looking property at east tambram or manpakkam with budget of 1.5 crore on
",Completed,2025-04-01 09:38:00 UTC,70000110352,70000110352,70000110352,2025-03-31 09:39:40 UTC,2025-03-31 09:39:40 UTC,,,2025-03-31 09:39:13 UTC
70014075291,Switched off,The number you are calling is switched off. Pls try later,Completed,2025-04-01 10:00:00 UTC,70000110352,70000110352,70000110352,2025-03-31 10:01:34 UTC,2025-03-31 10:01:34 UTC,,,2025-03-31 10:00:47 UTC
70014079189,Ringing no response,The person you are calling is not answering tried calling so many times. Will again try some time later,Completed,2025-04-02 06:05:00 UTC,70000110352,70000110352,70000110352,2025-04-01 06:05:28 UTC,2025-04-01 06:05:28 UTC,,,2025-04-01 06:05:01 UTC
70014081153,budget,As discussed client budget is 85 lakhs wanted two bhk flat in tiara project. Arihant portion is completely sold out only land owner few flats are available. Unfortunately that project cost starts from 1.25 cr only,Completed,2025-04-02 07:48:00 UTC,70000110352,70000110352,70000110352,2025-04-01 07:48:59 UTC,2025-04-01 07:48:59 UTC,,,2025-04-01 07:48:39 UTC
70014081206,Channel partner,This client is a channel partner.. having property near avadi for sale,Completed,2025-04-02 07:51:00 UTC,70000110352,70000110352,70000110352,2025-04-01 07:51:39 UTC,2025-04-01 07:51:39 UTC,,,2025-04-01 07:51:18 UTC
70014081299,Contacted,Tried calling reema thakker. She says will call you back later right now she is travelling,Completed,2025-04-02 07:56:00 UTC,70000110352,70000110352,70000110352,2025-04-01 07:56:34 UTC,2025-04-01 07:56:34 UTC,,,2025-04-01 07:56:07 UTC
70014083092,viviriti,Client shown intrest in vivirit project. Client says his son is in abroad. Advice me to forward all details through whats app. Client also said right now he is not in town . By next week end he will come back and then visit site. in mean time he will discuss with his son and then decide,Completed,2025-04-02 09:21:00 UTC,70000110352,70000110352,70000110352,2025-04-01 09:21:36 UTC,2025-04-01 09:21:36 UTC,,,2025-04-01 09:21:23 UTC
70014083201,Channel partner,This client is a channel partner having out right property for sale,Completed,2025-04-02 09:26:00 UTC,70000110352,70000110352,70000110352,2025-04-01 09:27:00 UTC,2025-04-01 09:27:00 UTC,,,2025-04-01 09:26:40 UTC
70014084428,budget,client visited our site today.. and seen the project. Unfortunately client budget is 1500 rs per sqft only . And our project starts from 2799 per sqft plus other charges,Completed,2025-04-02 10:53:00 UTC,70000110352,70000110352,70000110352,2025-04-01 10:53:59 UTC,2025-04-01 10:53:59 UTC,,,2025-04-01 10:53:41 UTC
70014084483,follow up,Its a suresh kumar meyappan only has two mobile number same client. It under follow up and already all details forwarded and also updated in fresh leads,Completed,2025-04-02 10:57:00 UTC,70000110352,70000110352,70000110352,2025-04-01 10:58:17 UTC,2025-04-01 10:58:17 UTC,,,2025-04-01 10:57:59 UTC
70014088013,patipulam plots,Discussed with client now.Client need three plots they are eager to built house with in three months. They cannot wait for the whole project to complete { infrastructure}  and also they doesnt want club house to be uds or member they feel neusense.So client said will think later,Completed,2025-04-03 06:08:00 UTC,70000110352,70000110352,70000110352,2025-04-02 06:08:59 UTC,2025-04-02 06:08:59 UTC,,,2025-04-02 06:08:31 UTC
70014088196,Not intrested,Now clients says no has no plans to buy any plot. If anything is there will let me know. Because his family feels its very far from his work place,Completed,2025-04-03 06:29:00 UTC,70000110352,70000110352,70000110352,2025-04-02 06:30:35 UTC,2025-04-02 06:30:35 UTC,,,2025-04-02 06:29:56 UTC
70014088268,patipulam plots, Client says will require more time to decide. Once decided will let me know as soon as possible,Completed,2025-04-03 06:33:00 UTC,70000110352,70000110352,70000110352,2025-04-02 06:34:08 UTC,2025-04-02 06:34:08 UTC,,,2025-04-02 06:33:44 UTC
70014088458,Not intrested,Client says now there children is not coming down from abroad . And they have decided to stay in abroad. so this year no chance of buying apartment,Completed,2025-04-03 06:40:00 UTC,70000110352,70000110352,70000110352,2025-04-02 06:41:18 UTC,2025-04-02 06:41:18 UTC,,,2025-04-02 06:41:01 UTC
70014089330,patipulam,Again discussed with client . Client says in the month of may will come down to chennai and then have site visit and then decide,Completed,2025-04-03 06:57:00 UTC,70000110352,70000110352,70000110352,2025-04-02 07:12:38 UTC,2025-04-02 07:12:38 UTC,,,2025-04-02 06:57:41 UTC
70014091586,viviriti,Client budget is up to 2 crores only wanted 4 bhk apartment in viviriti project. Our budget starts from 2.cr 78 lakhs onwards,Completed,2025-04-03 08:53:00 UTC,70000110352,70000110352,70000110352,2025-04-02 08:54:05 UTC,2025-04-02 08:54:05 UTC,,,2025-04-02 08:53:50 UTC
70014091826,vendor,This client is a vendor..Wanted to supply aluminium frames. Instructed her to contact purchase land line..,Completed,2025-04-03 09:01:00 UTC,70000110352,70000110352,70000110352,2025-04-02 09:03:54 UTC,2025-04-02 09:03:54 UTC,,,2025-04-02 09:01:19 UTC
70014093003,krishna project,Client enquirying about krishna project at prithvi avenue. All details sent through whats app. Client said will check and revert back,Completed,2025-04-03 09:53:00 UTC,70000110352,70000110352,70000110352,2025-04-02 09:58:04 UTC,2025-04-02 09:58:04 UTC,,,2025-04-02 09:53:55 UTC
70014093228,Out of service,The number you are calling is temporary out of service.. Pls try later,Completed,2025-04-03 10:19:00 UTC,70000110352,70000110352,70000110352,2025-04-02 10:20:07 UTC,2025-04-02 10:20:07 UTC,,,2025-04-02 10:19:36 UTC
70014093280,not able to meet,Client says in a meeting now will calll you later,Completed,2025-04-03 10:25:00 UTC,70000110352,70000110352,70000110352,2025-04-02 10:25:34 UTC,2025-04-02 10:25:34 UTC,,,2025-04-02 10:25:07 UTC
70014093294,krishna project,Client enquirying about krishna project at prithvi avenue. All details sent through whats app. Client said will check and revert back,Completed,2025-04-03 10:26:00 UTC,70000110352,70000110352,70000110352,2025-04-02 10:27:06 UTC,2025-04-02 10:27:06 UTC,,,2025-04-02 10:26:40 UTC
70014093325,Not answering,the person you are calling is not answering pls try later,Completed,2025-04-03 10:29:00 UTC,70000110352,70000110352,70000110352,2025-04-02 10:30:06 UTC,2025-04-02 10:30:06 UTC,,,2025-04-02 10:29:17 UTC
70014102307,budget,Discussed with client. now regarding viviriti project. Client says his budget is up to 1.75 to 2 crores only looking only at omr . No where else,Completed,2025-04-04 05:53:00 UTC,70000110352,70000110352,70000110352,2025-04-03 05:53:57 UTC,2025-04-03 05:53:57 UTC,,,2025-04-03 05:53:41 UTC
70014102351,Vendor,This client is a vendor wanted to supply tiles to our project in chennai,Completed,2025-04-04 05:59:00 UTC,70000110352,70000110352,70000110352,2025-04-03 05:59:27 UTC,2025-04-03 05:59:27 UTC,,,2025-04-03 05:59:07 UTC
70014102372,Call drops,Incoming call s facility in not available at this number  and then call drops,Completed,2025-04-04 06:02:00 UTC,70000110352,70000110352,70000110352,2025-04-03 06:03:12 UTC,2025-04-03 06:03:12 UTC,,,2025-04-03 06:02:53 UTC
70014102517,not intrested,Client says he is not looking any property as of now….and then cuts the call,Completed,2025-04-04 06:24:00 UTC,70000110352,70000110352,70000110352,2025-04-03 06:25:10 UTC,2025-04-03 06:25:10 UTC,,,2025-04-03 06:24:54 UTC
70014102553,later to call,Client says to call him later may be evening fine and cuts the call. Will again try later,Completed,2025-04-04 06:29:00 UTC,70000110352,70000110352,70000110352,2025-04-03 06:29:39 UTC,2025-04-03 06:29:39 UTC,,,2025-04-03 06:29:19 UTC
70014103650,patipulam plots,Discussed with client . all details sent through whats app. Client said will check and revert back if needed,Completed,2025-04-04 07:11:00 UTC,70000110352,70000110352,70000110352,2025-04-03 07:14:27 UTC,2025-04-03 07:14:27 UTC,,,2025-04-03 07:11:58 UTC
70014106148,chirla,Client shown intrest in chirla project. wanted 4 bhk flat. Specification sheet has been forwarded to client . Client said check and revert back to us if needed,Completed,2025-04-04 09:02:00 UTC,70000110352,70000110352,70000110352,2025-04-03 09:03:01 UTC,2025-04-03 09:03:01 UTC,,,2025-04-03 09:02:45 UTC
70014106284,PAtipulam plots,Client looking for his friend working in abroad. was enquirying about reserve 16 plot. all details sent through whats app. Client said will revert back once his friend wil return back to chennai in month of june,Completed,2025-04-04 09:08:00 UTC,70000110352,70000110352,70000110352,2025-04-03 09:08:56 UTC,2025-04-03 09:08:56 UTC,,,2025-04-03 09:08:33 UTC
70014106381,disconnecting,"C;ient cuts the call and sms to me will call back later

 .
",Completed,2025-04-04 09:12:00 UTC,70000110352,70000110352,70000110352,2025-04-03 09:12:47 UTC,2025-04-03 09:12:47 UTC,,,2025-04-03 09:12:17 UTC
70014107857,site visit completed,this client is an advocate and he has visited site now. Client said like the property but he need to show to his family and then only he will take a call. His family is coming to to chennai next month. then he will have a site visit,Completed,2025-04-04 10:44:00 UTC,70000110352,70000110352,70000110352,2025-04-03 10:45:03 UTC,2025-04-03 10:45:03 UTC,,,2025-04-03 10:44:41 UTC
70014111207,Vendor,This client is a vendor wanted to supply false cieling and gypsum board,Completed,2025-04-04 11:42:00 UTC,70000110352,70000110352,70000110352,2025-04-03 11:42:29 UTC,2025-04-03 11:42:29 UTC,,,2025-04-03 11:42:17 UTC
70014114090,patipulam ,This client is a small biulder. Has visited site last evening. All details sent through whats app. Client said will check other builder projects too and then decide,Completed,2025-04-05 05:11:00 UTC,70000110352,70000110352,70000110352,2025-04-04 05:11:27 UTC,2025-04-04 05:11:27 UTC,,,2025-04-04 05:11:10 UTC
70014119376,tiara,Due to graveyard next to tiara client says not intrested,Completed,2025-04-05 09:59:00 UTC,70000110352,70000110352,70000110352,2025-04-04 09:59:27 UTC,2025-04-04 09:59:27 UTC,,,2025-04-04 09:59:03 UTC
70014119415,tiara,Already noted in another with same number,Completed,2025-04-05 10:01:00 UTC,70000110352,70000110352,70000110352,2025-04-04 10:02:00 UTC,2025-04-04 10:02:00 UTC,,,2025-04-04 10:01:42 UTC
70014119438,vendor,Client is a vendor…wanted order for building material,Completed,2025-04-05 10:03:00 UTC,70000110352,70000110352,70000110352,2025-04-04 10:03:43 UTC,2025-04-04 10:03:43 UTC,,,2025-04-04 10:03:11 UTC
70014123288,Building material,This client is a vendor… supplying building material,Completed,2025-04-06 05:58:00 UTC,70000110352,70000110352,70000110352,2025-04-05 05:58:38 UTC,2025-04-05 05:58:38 UTC,,,2025-04-05 05:58:16 UTC
70014138602,Not intrested,This client is a watchmen he says he cannot afford to buy any property,Completed,2025-04-08 04:53:00 UTC,70000110352,70000110352,70000110352,2025-04-07 04:53:56 UTC,2025-04-07 04:53:56 UTC,,,2025-04-07 04:53:34 UTC
70014138627,patipulam plots,This client is an existing client of arihant. Who has already purchased from us arihant amara. Now has shown intrest in patipulam while traveling to there native have notice our board. and then enqiured about plots. All details sent through whats app. Client said will revert back to us with in two weeks,Completed,2025-04-08 04:58:00 UTC,70000110352,70000110352,70000110352,2025-04-07 04:59:14 UTC,2025-04-07 04:59:14 UTC,,,2025-04-07 04:58:54 UTC
70014139219,patipulam ,Client shown intrest in patipulam plots. while was travelling towards pondicherry. All details sent through whats app. Client said will get back to me if needed wanted 600 sqft plot only,Completed,2025-04-08 06:26:00 UTC,70000110352,70000110352,70000110352,2025-04-07 06:26:44 UTC,2025-04-07 06:26:44 UTC,,,2025-04-07 06:26:23 UTC
70014139242,Patipulam,The number you have dialed is currently busy…. Pls try after some time,Completed,2025-04-08 06:29:00 UTC,70000110352,70000110352,70000110352,2025-04-07 06:29:46 UTC,2025-04-07 06:29:46 UTC,,,2025-04-07 06:29:22 UTC
70014139433,PAtipulam plots,Discuss with client now .. Client says he is budget is up to 15 lakhs only wanted 1200 sqft plot. Unfortunately our project cost starts from 40 lakhs onwards,Completed,2025-04-08 06:36:00 UTC,70000110352,70000110352,70000110352,2025-04-07 06:37:13 UTC,2025-04-07 06:37:13 UTC,,,2025-04-07 06:36:44 UTC
70014140043,Vaniya vilas,"This client is a close friend of lunawath family. Client was intrested in vaniya vilas project. Advice me to forward all details through whats app. Client said his budget up to 15000 rs per sqft only all inclusive. Unfortunately our project cost 17000 rs per sqft plus other charges

 
",Completed,2025-04-08 06:58:00 UTC,70000110352,70000110352,70000110352,2025-04-07 06:59:20 UTC,2025-04-07 06:59:20 UTC,,,2025-04-07 06:58:55 UTC
70014140242,patipulam plots,All details sent through whats app. last to last week back. Regarding patipulam plots. client said will come back to me. Now i am trying to reach client unable to connect. No response will again try some time later,Completed,2025-04-08 07:04:00 UTC,70000110352,70000110352,70000110352,2025-04-07 07:06:09 UTC,2025-04-07 07:06:09 UTC,,,2025-04-07 07:04:17 UTC
70014140860,patipulam,Now client says he is constructing his house extension. So he says it will take two manths for him to decide,Completed,2025-04-08 07:22:00 UTC,70000110352,70000110352,70000110352,2025-04-07 07:23:10 UTC,2025-04-07 07:23:10 UTC,,,2025-04-07 07:22:49 UTC
70014140958,patipulam,Client called me back and said by this week end will try to have site visit. Client and then decide. Last week was suppose to go as he was not well,Completed,2025-04-08 07:26:00 UTC,70000110352,70000110352,70000110352,2025-04-07 07:26:33 UTC,2025-04-07 07:26:33 UTC,,,2025-04-07 07:26:17 UTC
70014143481,cutting calls,Client first call he pick it up says hello and then cuts the call. Second attempt he disconnect the call…,Completed,2025-04-08 09:15:00 UTC,70000110352,70000110352,70000110352,2025-04-07 09:16:12 UTC,2025-04-07 09:16:12 UTC,,,2025-04-07 09:15:47 UTC
70014143564,Not intrested,Client says due to other commitments unable to buy a property as of now,Completed,2025-04-08 09:19:00 UTC,70000110352,70000110352,70000110352,2025-04-07 09:20:01 UTC,2025-04-07 09:20:01 UTC,,,2025-04-07 09:19:37 UTC
70014143803,patipulam plots,Discussed with client now.. Client says he get back to me once they decide. All dertails sent through whats app,Completed,2025-04-08 09:29:00 UTC,70000110352,70000110352,70000110352,2025-04-07 09:29:59 UTC,2025-04-07 09:29:59 UTC,,,2025-04-07 09:29:42 UTC
70014144016,Voice mail,Your call has been forwarded to voice mail…tried calling so many times,Completed,2025-04-08 09:39:00 UTC,70000110352,70000110352,70000110352,2025-04-07 09:40:06 UTC,2025-04-07 09:40:06 UTC,,,2025-04-07 09:39:50 UTC
70014144374,not intrested,Client says no need sorry not looking any plots or apartment,Completed,2025-04-08 09:55:00 UTC,70000110352,70000110352,70000110352,2025-04-07 09:55:17 UTC,2025-04-07 09:55:17 UTC,,,2025-04-07 09:55:02 UTC
70014144438,Vendor,This client is a vendor,Completed,2025-04-08 09:57:00 UTC,70000110352,70000110352,70000110352,2025-04-07 09:57:55 UTC,2025-04-07 09:57:55 UTC,,,2025-04-07 09:57:40 UTC
70014144515,bengluru,Client says searching plots in bengluru.. Not in chennai,Completed,2025-04-08 10:01:00 UTC,70000110352,70000110352,70000110352,2025-04-07 10:01:40 UTC,2025-04-07 10:01:40 UTC,,,2025-04-07 10:01:25 UTC
70014144545,Switched off,"The person you are calling is not avaialble nor reachable pls try after some time

 


",Completed,2025-04-08 10:04:00 UTC,70000110352,70000110352,70000110352,2025-04-07 10:05:04 UTC,2025-04-07 10:05:04 UTC,,,2025-04-07 10:04:34 UTC
70014144705,Switched off,The number you are calling either switched off or not reachable at the moment pls try after some time,Completed,2025-04-08 10:20:00 UTC,70000110352,70000110352,70000110352,2025-04-07 10:23:56 UTC,2025-04-07 10:23:56 UTC,,,2025-04-07 10:20:22 UTC
70014144747,not available,The number you are calling either switched off or not reachable at the moment pls try after some tim,Completed,2025-04-08 10:27:00 UTC,70000110352,70000110352,70000110352,2025-04-07 10:27:37 UTC,2025-04-07 10:27:37 UTC,,,2025-04-07 10:27:23 UTC
70014156973,Vilaya,Client looking apartment in villaya banglore  which is already sold out,Completed,2025-04-10 05:15:00 UTC,70000110352,70000110352,70000110352,2025-04-09 05:15:30 UTC,2025-04-09 05:15:30 UTC,,,2025-04-09 05:15:08 UTC
70014156991,krishna or vipaasna project,Client shown intrest in vipaasna and krishna project. Client spoke to last evening . All details sent through whats app. Client said will check and get back to me if needed,Completed,2025-04-10 05:18:00 UTC,70000110352,70000110352,70000110352,2025-04-09 05:19:05 UTC,2025-04-09 05:19:05 UTC,,,2025-04-09 05:19:03 UTC
70014157163,patipulam,Discussed with client. .. For past two months they are searching for plots in ecr. Client says they have already visited our site senior livings . They says they give only for above 55 yrs of age only and that too its too costly . Client has visited our site last sunday. All details sent through whats app . Client said this week end again he will try to visit site and revert back,Completed,2025-04-10 05:40:00 UTC,70000110352,70000110352,70000110352,2025-04-09 05:42:20 UTC,2025-04-09 05:42:20 UTC,,,2025-04-09 05:40:32 UTC
70014157308,For sale property,This client is having 3 acres land in north chennai. Wanted to sell that property. Client says he doesnt want to buy any land nor any property,Completed,2025-04-10 06:02:00 UTC,70000110352,70000110352,70000110352,2025-04-09 06:03:37 UTC,2025-04-09 06:03:37 UTC,,,2025-04-09 06:02:33 UTC
70014157351,Vendor,This client is a vendor.. Wanted to supply grills,Completed,2025-04-10 06:07:00 UTC,70000110352,70000110352,70000110352,2025-04-09 06:10:46 UTC,2025-04-09 06:10:46 UTC,,,2025-04-09 06:10:37 UTC
70014158060,Milange,Client shown intrest on milange project…he doesnt want in omr area . He wants only at vadapalani/valsarwakkam only no where else. All details sent through whats app client said this week end will go for site visit,Completed,2025-04-10 06:53:00 UTC,70000110352,70000110352,70000110352,2025-04-09 06:54:00 UTC,2025-04-09 06:54:00 UTC,,,2025-04-09 06:53:41 UTC
70014166155,land aquasition,This client is a vendor.. wanted mobile number of land aquasition,Completed,2025-04-11 06:04:00 UTC,70000110352,70000110352,70000110352,2025-04-10 06:04:22 UTC,2025-04-10 06:04:22 UTC,,,2025-04-10 06:04:02 UTC
70014166197,Not intrested,This number is from banglore and client is dealing in automobile spares. He was asking hwho has giving you this number. And also he says he is not intrested,Completed,2025-04-11 06:09:00 UTC,70000110352,70000110352,70000110352,2025-04-10 06:10:01 UTC,2025-04-10 06:10:01 UTC,,,2025-04-10 06:09:44 UTC
70014167618,Incoming facility not available,Incoming call facility is temporary is not available in this number tried calling so many times and then cuts the call,Completed,2025-04-11 07:13:00 UTC,70000110352,70000110352,70000110352,2025-04-10 07:14:16 UTC,2025-04-10 07:14:16 UTC,,,2025-04-10 07:13:35 UTC
70014167824,Patipulam,This client is looking for investment purpose. But he needs near sea shore. Tried convinced him about our project at patipulam. All details sent through whats app. Client said this saturday willl try to go for Site visit and revert back if needed,Completed,2025-04-11 07:21:00 UTC,70000110352,70000110352,70000110352,2025-04-10 07:22:07 UTC,2025-04-10 07:22:07 UTC,,,2025-04-10 07:21:51 UTC
70014168026,not intrested,This client talks in up language hindi and says he is not intrested in buying any plots nor any property becaus he cannot afford,Completed,2025-04-11 07:28:00 UTC,70000110352,70000110352,70000110352,2025-04-10 07:28:37 UTC,2025-04-10 07:28:37 UTC,,,2025-04-10 07:28:21 UTC
70014177128,Sms,Client is disconnecting my calls and says pls text me ..so texting through sms. if client responds then all details will send. ,Completed,2025-04-12 07:14:00 UTC,70000110352,70000110352,70000110352,2025-04-11 07:15:10 UTC,2025-04-11 07:15:10 UTC,,,2025-04-11 07:14:48 UTC
70014179543,not reachable,The number you are trying to reach either switched off or not reach at the moment will again try after some time,Completed,2025-04-12 09:13:00 UTC,70000110352,70000110352,70000110352,2025-04-11 09:13:26 UTC,2025-04-11 09:13:26 UTC,,,2025-04-11 09:13:06 UTC
70014179883,Mala,This lead is followed by malaty arihant,Completed,2025-04-12 09:26:00 UTC,70000110352,70000110352,70000110352,2025-04-11 09:28:37 UTC,2025-04-11 09:28:37 UTC,,,2025-04-11 09:26:12 UTC
70014180007,not intrested,This client is a malyali and he says he cant understand tamil or english. And then  cuts the call,Completed,2025-04-12 09:32:00 UTC,70000110352,70000110352,70000110352,2025-04-11 09:32:42 UTC,2025-04-11 09:32:42 UTC,,,2025-04-11 09:32:29 UTC
70014180062,vendor,This client is a vendor,Completed,2025-04-12 09:34:00 UTC,70000110352,70000110352,70000110352,2025-04-11 09:34:57 UTC,2025-04-11 09:34:57 UTC,,,2025-04-11 09:34:43 UTC
70014184726,Voice mail,Call has been forwarded to voice mail. the person you calling is not available.. Pls try after some time,Completed,2025-04-13 04:59:00 UTC,70000110352,70000110352,70000110352,2025-04-12 04:59:36 UTC,2025-04-12 04:59:36 UTC,,,2025-04-12 04:59:19 UTC
70014184956,Wanted Plot next to sea shore,Client called ne now he needs property near sea shore not at opposite side. of road (back ) water,Completed,2025-04-13 05:41:00 UTC,70000110352,70000110352,70000110352,2025-04-12 05:42:01 UTC,2025-04-12 05:42:01 UTC,,,2025-04-12 05:41:23 UTC
70014184968,Patipulam,LAst evening client callled me was enquirying about patipulam plots. All details sent through whats app. Client said will check and revert,Completed,2025-04-13 05:45:00 UTC,70000110352,70000110352,70000110352,2025-04-12 05:46:12 UTC,2025-04-12 05:46:12 UTC,,,2025-04-12 05:45:50 UTC
70014184980,Disconnecting calls ,Client is disconnecting my calls ( the number you are trying to call is currently busy) pls try after some time,Completed,2025-04-13 05:49:00 UTC,70000110352,70000110352,70000110352,2025-04-12 05:50:14 UTC,2025-04-12 05:50:14 UTC,,,2025-04-12 05:49:33 UTC
70014184994,not intrested,Client is not looking for any plots nor any apartment. By mistake his son scrolled it ,Completed,2025-04-13 05:53:00 UTC,70000110352,70000110352,70000110352,2025-04-12 05:53:37 UTC,2025-04-12 05:53:37 UTC,,,2025-04-12 05:53:24 UTC
70014209124,Follow up ,Share vivriti/ Vip details on saturday. he has been traveling ,Overdue,2025-04-19 05:45:00 UTC,70000089514,70000089514,70000089514,2025-04-15 06:02:25 UTC,2025-04-15 06:02:25 UTC,,Call reminder,
70014218808,patipulam plots,Discussed with client yesterday. Client need 600 sqft plot in patipulam pr,Completed,2025-04-17 05:21:00 UTC,70000110352,70000110352,70000110352,2025-04-16 05:21:51 UTC,2025-04-16 05:21:51 UTC,,,2025-04-16 05:21:32 UTC
70014219934,Vendor,This client is a vendor….Wanted to connect purchase department arihant,Completed,2025-04-17 06:51:00 UTC,70000110352,70000110352,70000110352,2025-04-16 06:52:00 UTC,2025-04-16 06:52:00 UTC,,,2025-04-16 06:51:46 UTC
70014219989,Vendor,This client is a vendor,Completed,2025-04-17 06:53:00 UTC,70000110352,70000110352,70000110352,2025-04-16 06:54:28 UTC,2025-04-16 06:54:28 UTC,,,2025-04-16 06:53:44 UTC
70014220087,Vendor,Its a same client who wanted to talk to purchase department arihant. (vend,Completed,2025-04-17 06:57:00 UTC,70000110352,70000110352,70000110352,2025-04-16 06:57:53 UTC,2025-04-16 06:57:53 UTC,,,2025-04-16 06:57:40 UTC
70014220286,poes garden,This client need 2 bhk flat in poes garden with budget up to 2.5 crore only,Completed,2025-04-17 07:04:00 UTC,70000110352,70000110352,70000110352,2025-04-16 07:04:19 UTC,2025-04-16 07:04:19 UTC,,,2025-04-16 07:04:02 UTC
70014220531,Pati pulam plots,Client has visited our project now. All details sent through whats app. Client said tommorrow he will come down to office for further discussion and also adviced me to sent office location for same,Completed,2025-04-17 07:12:00 UTC,70000110352,70000110352,70000110352,2025-04-16 07:12:25 UTC,2025-04-16 07:12:25 UTC,,,2025-04-16 07:12:08 UTC
70014220659,Patipulamplots,Client shown intrest in patipulam plots.. All details of our project forwarded to client. Client said will check and revert back to us,Completed,2025-04-17 07:17:00 UTC,70000110352,70000110352,70000110352,2025-04-16 07:17:25 UTC,2025-04-16 07:17:25 UTC,,,2025-04-16 07:17:02 UTC
70014220738,Milange,This client shown intrest on milange project. This client is from abroad . This lead forwarded to mr karthick to follow,Completed,2025-04-17 07:20:00 UTC,70000110352,70000110352,70000110352,2025-04-16 07:20:20 UTC,2025-04-16 07:20:20 UTC,,,2025-04-16 07:20:06 UTC
70014220944,Job vacancy in arihant,"Client says his brother is looking for any openings in arihant for civil engineer job

 
",Completed,2025-04-17 07:27:00 UTC,70000110352,70000110352,70000110352,2025-04-16 07:28:15 UTC,2025-04-16 07:28:15 UTC,,,2025-04-16 07:27:44 UTC
70014223337,Not able to reach,The person you are calling is not available. pls call your message in voice mail,Completed,2025-04-17 09:10:00 UTC,70000110352,70000110352,70000110352,2025-04-16 09:10:26 UTC,2025-04-16 09:10:26 UTC,,,2025-04-16 09:10:08 UTC
70014224160,viviriti,Discussed with client now ..All details sent through whats app. Clientsaid will check and revert back if needed,Completed,2025-04-17 09:41:00 UTC,70000110352,70000110352,70000110352,2025-04-16 09:41:42 UTC,2025-04-16 09:41:42 UTC,,,2025-04-16 09:41:28 UTC
70014224184,Vendor,This client is a vendor,Completed,2025-04-17 09:42:00 UTC,70000110352,70000110352,70000110352,2025-04-16 09:42:57 UTC,2025-04-16 09:42:57 UTC,,,2025-04-16 09:42:45 UTC
70014225219,not reachable,"Your call has been forwarded to voice mail.. Pls record your message

 
",Completed,2025-04-17 11:04:00 UTC,70000110352,70000110352,70000110352,2025-04-16 11:04:54 UTC,2025-04-16 11:04:54 UTC,,,2025-04-16 11:04:29 UTC
70014233623,Not able to understand,Client lift the call and talking in bengali language and then cuts the call. Tried talking in hindi and english but client cuts the call,Completed,2025-04-18 10:14:00 UTC,70000110352,70000110352,70000110352,2025-04-17 10:14:38 UTC,2025-04-17 10:14:38 UTC,,,2025-04-17 10:14:17 UTC
70014233638,Vendor,This client is a vendor…wanted to speak with technical team,Completed,2025-04-18 10:16:00 UTC,70000110352,70000110352,70000110352,2025-04-17 10:16:25 UTC,2025-04-17 10:16:25 UTC,,,2025-04-17 10:16:06 UTC
70014233659,Not intrested,This client says he is not looking any property for sale as of now,Completed,2025-04-18 10:18:00 UTC,70000110352,70000110352,70000110352,2025-04-17 10:19:37 UTC,2025-04-17 10:19:37 UTC,,,2025-04-17 10:18:46 UTC
70014237287,Purchased,Client has booked two plots in reserve 16 on april 14th 2025 after regular follow up,Completed,2025-04-19 05:45:00 UTC,70000110352,70000110352,70000110352,2025-04-18 05:47:08 UTC,2025-04-18 05:47:08 UTC,,,2025-04-18 05:45:54 UTC
70014238209,Busy,The number you have dialed is currently busy. Pls try after some time,Completed,2025-04-19 06:59:00 UTC,70000110352,70000110352,70000110352,2025-04-18 07:00:16 UTC,2025-04-18 07:00:16 UTC,,,2025-04-18 06:59:59 UTC
70014238324,Vendor,This client is a vendor..Fire extinguisher from banglore,Completed,2025-04-19 07:02:00 UTC,70000110352,70000110352,70000110352,2025-04-18 07:02:50 UTC,2025-04-18 07:02:50 UTC,,,2025-04-18 07:02:34 UTC
70014238373,Rnr,The person you are calling is not answering pls try after some time,Completed,2025-04-19 07:06:00 UTC,70000110352,70000110352,70000110352,2025-04-18 07:06:25 UTC,2025-04-18 07:06:25 UTC,,,2025-04-18 07:06:09 UTC
70014238655,Ringing no response,Tried calling so many times client is not responding my calls. Will again call some times later,Completed,2025-04-19 07:20:00 UTC,70000110352,70000110352,70000110352,2025-04-18 07:21:06 UTC,2025-04-18 07:21:06 UTC,,,2025-04-18 07:20:37 UTC
70014242212,Rnr,The person you are calling is not answering.. Pls try later,Completed,2025-04-19 10:25:00 UTC,70000110352,70000110352,70000110352,2025-04-18 10:26:04 UTC,2025-04-18 10:26:04 UTC,,,2025-04-18 10:25:52 UTC
70014246652,Rental,Client need flat on rent in amara project poonamalle. Its an old project which is already handed over,Completed,2025-04-20 06:32:00 UTC,70000110352,70000110352,70000110352,2025-04-19 06:33:06 UTC,2025-04-19 06:33:06 UTC,,,2025-04-19 06:32:55 UTC
70014246721,Vendor,This client is a vendor.. ,Completed,2025-04-20 06:34:00 UTC,70000110352,70000110352,70000110352,2025-04-19 06:36:02 UTC,2025-04-19 06:36:02 UTC,,,2025-04-19 06:35:00 UTC
70014247332,not intrested,Client says right not not looking any property as of now,Completed,2025-04-20 06:58:00 UTC,70000110352,70000110352,70000110352,2025-04-19 06:59:04 UTC,2025-04-19 06:59:04 UTC,,,2025-04-19 06:58:20 UTC
70014262535,Project Unavailable,Client need 4 bhk apartment in arihant villaya project. Unfortunately the whole project sold out,Completed,2025-04-22 05:38:00 UTC,70000110352,70000110352,70000110352,2025-04-21 05:39:00 UTC,2025-04-21 05:39:00 UTC,,,2025-04-21 05:38:13 UTC
70014262739,Very busy,The number you have dialed is currently busy. Pls try later,Completed,2025-04-22 06:03:00 UTC,70000110352,70000110352,70000110352,2025-04-21 06:03:43 UTC,2025-04-21 06:03:43 UTC,,,2025-04-21 06:03:24 UTC
70014265739,Follow up,Discussed with client now.. Client says he is  looking property at besant nagar/ Adyar/ A;warpet only and that too looking more than 20 familys. Client feels if its less family then again it becomes isolated. Tried convincing besant nagar property. Which is yet to start. All drtails sent through wahts app. Client said will check and revert back,Completed,2025-04-22 07:37:00 UTC,70000110352,70000110352,70000110352,2025-04-21 07:38:08 UTC,2025-04-21 07:38:08 UTC,,,2025-04-21 07:37:46 UTC
70014268717,Rnr,"The person you are calling is not answering pls try later.. Tried calling so many times

 


",Completed,2025-04-22 09:43:00 UTC,70000110352,70000110352,70000110352,2025-04-21 09:44:02 UTC,2025-04-21 09:44:02 UTC,,,2025-04-21 09:43:59 UTC
70014273496,Palikarnai,Client looking apartment or plot in an area near pallikarni. Client says his budget is up to 80 lakhs only. Working at perungudi.,Completed,2025-04-23 05:57:00 UTC,70000110352,70000110352,70000110352,2025-04-22 05:57:31 UTC,2025-04-22 05:57:31 UTC,,,2025-04-22 05:57:11 UTC
70014274869,This client is a vendor,This client is a vendor,Completed,2025-04-23 07:13:00 UTC,70000110352,70000110352,70000110352,2025-04-22 07:13:19 UTC,2025-04-22 07:13:19 UTC,,,2025-04-22 07:13:03 UTC
70014275022,Patipulam plots,The number you have dialed is currently busy tried calling so many times. today. All details has already sent through whats app. ,Completed,2025-04-23 07:19:00 UTC,70000110352,70000110352,70000110352,2025-04-22 07:19:44 UTC,2025-04-22 07:19:44 UTC,,,2025-04-22 07:19:26 UTC
70014275715,gwc,Client is intrested in green wood city plots…only. Client doesnt want to buy commercial plots. Unfortunately completely sold out,Completed,2025-04-23 07:49:00 UTC,70000110352,70000110352,70000110352,2025-04-22 07:49:57 UTC,2025-04-22 07:49:57 UTC,,,2025-04-22 07:49:28 UTC
70014277150,Not available,The person you are calling is not available. Your call has been forwarded to voice mail. Tried calling so many times,Completed,2025-04-23 08:46:00 UTC,70000110352,70000110352,70000110352,2025-04-22 08:46:17 UTC,2025-04-22 08:46:17 UTC,,,2025-04-22 08:46:02 UTC
70014277199,Disconnecting,Client is disconnecting my calls .Tried calling so many times.Will Again try to call after some times,Completed,2025-04-23 08:48:00 UTC,70000110352,70000110352,70000110352,2025-04-22 08:49:14 UTC,2025-04-22 08:49:14 UTC,,,2025-04-22 08:48:27 UTC
70014282952,Villa plots,Discussed with client . Client says its too interior and far from his work place So decided to drop,Completed,2025-04-24 06:37:00 UTC,70000110352,70000110352,70000110352,2025-04-23 06:37:54 UTC,2025-04-23 06:37:54 UTC,,,2025-04-23 06:37:37 UTC
70014287951,Not intrested,Client says as of now they are not looking for any property at all,Completed,2025-04-24 10:40:00 UTC,70000110352,70000110352,70000110352,2025-04-23 10:40:39 UTC,2025-04-23 10:40:39 UTC,,,2025-04-23 10:40:13 UTC
70014288026,Patipulam plots,Client shown intrest in reserve 16 project. As discussed all details sent through whats app. Client said this week end he will travelling to pondy. In return will have a look and then decide ,Completed,2025-04-24 10:49:00 UTC,70000110352,70000110352,70000110352,2025-04-23 10:50:11 UTC,2025-04-23 10:50:11 UTC,,,2025-04-23 10:49:43 UTC
70014289258,Does not exist,The dialed number does not exist. Pls Tried calling so many times,Completed,2025-04-24 11:41:00 UTC,70000110352,70000110352,70000110352,2025-04-23 11:42:10 UTC,2025-04-23 11:42:10 UTC,,,2025-04-23 11:41:47 UTC
70014292012,patipulam plots,Client has visited reserve 16 project in patipulam. All details sent through whats app. Client said by this week end will again have site visit with family and then decide,Completed,2025-04-25 05:35:00 UTC,70000110352,70000110352,70000110352,2025-04-24 05:36:12 UTC,2025-04-24 05:36:12 UTC,,,2025-04-24 05:35:53 UTC
70014292060,Voice mail,Your call has been forwarded to voice mail. The person you are calling is not available,Completed,2025-04-25 05:40:00 UTC,70000110352,70000110352,70000110352,2025-04-24 05:40:54 UTC,2025-04-24 05:40:54 UTC,,,2025-04-24 05:40:32 UTC
70014296758,Not Reachable,your call has been forwarded to voice mail. The person you are calling is not answering..Tried calling so many times,Completed,2025-04-25 09:32:00 UTC,70000110352,70000110352,70000110352,2025-04-24 09:32:46 UTC,2025-04-24 09:32:46 UTC,,,2025-04-24 09:32:13 UTC
70014302607,Patipulam Plots,Client looking for plots. Already this client visited our villa viaiana plots. earlier two years back. Now client says will look into patipulam projects. All details sent through whats app. Client said will check and revert back,Completed,2025-04-26 07:19:00 UTC,70000110352,70000110352,70000110352,2025-04-25 07:20:20 UTC,2025-04-25 07:20:20 UTC,,,2025-04-25 07:19:38 UTC
70014302730,Budget,Client enquired about our krshna project. All details sent through whats app. Client budget is up to 4 crores only wanted flat in abhrampuram. Unfortunately our project cost starts from 8 cr onwards,Completed,2025-04-26 07:25:00 UTC,70000110352,70000110352,70000110352,2025-04-25 07:25:44 UTC,2025-04-25 07:25:44 UTC,,,2025-04-25 07:25:27 UTC
70014305696,Budget,Client enquired about our krshna project. All details sent through whats app. Client budget is up to 4 crores only wanted flat in abhrampuram. Unfortunately our project cost starts from 8 cr onwards,Completed,2025-04-26 09:28:00 UTC,70000110352,70000110352,70000110352,2025-04-25 09:28:40 UTC,2025-04-25 09:28:40 UTC,,,2025-04-25 09:28:18 UTC
70014305918,Client is busy,Discussed with client now over phone. Client says right now he is busy will revert me back once he is free,Completed,2025-04-26 09:35:00 UTC,70000110352,70000110352,70000110352,2025-04-25 09:36:26 UTC,2025-04-25 09:36:26 UTC,,,2025-04-25 09:35:44 UTC
70014309830,Not intrested,Client says he is not intrested in our project. Was just scrolling in instagram by mistake he clicked it,Completed,2025-04-27 05:10:00 UTC,70000110352,70000110352,70000110352,2025-04-26 05:11:27 UTC,2025-04-26 05:11:27 UTC,,,2025-04-26 05:10:56 UTC
70014309843,Not able to reach,The dialed number does not exist. Pls check the number you have dialed..Tried calling so many times,Completed,2025-04-27 05:13:00 UTC,70000110352,70000110352,70000110352,2025-04-26 05:14:10 UTC,2025-04-26 05:14:10 UTC,,,2025-04-26 05:13:51 UTC
70014309860,Client from Mumbai,This client is from bombay. And he is looking property in mubai only.,Completed,2025-04-27 05:17:00 UTC,70000110352,70000110352,70000110352,2025-04-26 05:18:07 UTC,2025-04-26 05:18:07 UTC,,,2025-04-26 05:17:41 UTC
70014326664,Viviriti,Client visited viviriti site yesterday. Client need three bhk flat in voc street with budget of 1.5 to 2 croresr only. Unfortunately our budget starts from 2.78 crores onwards,Completed,2025-04-29 06:06:00 UTC,70000110352,70000110352,70000110352,2025-04-28 06:08:48 UTC,2025-04-28 06:08:48 UTC,,,2025-04-28 06:06:20 UTC
70014326698,Not intrested,"Client says they are not looking for any apartment nor and plots right now..by mistake my daughter scrolled the app

",Completed,2025-04-29 06:12:00 UTC,70000110352,70000110352,70000110352,2025-04-28 06:13:15 UTC,2025-04-28 06:13:15 UTC,,,2025-04-28 06:12:47 UTC
70014327017,Not intrested,"This client is from bihar. And says she is not looking any plot nor any apartment in chennai at all. And als said pls do not disturb


",Completed,2025-04-29 06:36:00 UTC,70000110352,70000110352,70000110352,2025-04-28 06:37:34 UTC,2025-04-28 06:37:34 UTC,,,2025-04-28 06:36:37 UTC
70014327241,PAtipulam plots,Discussed with client over phone. Client says he will think over it mostly he is intrested in omr plots only. All details sent through whats app. Client said will revert back if needed,Completed,2025-04-29 06:45:00 UTC,70000110352,70000110352,70000110352,2025-04-28 06:46:07 UTC,2025-04-28 06:46:07 UTC,,,2025-04-28 06:45:45 UTC
70014337386,Not intrested,Client says he is not looking any plots nor any villas at all. ,Completed,2025-04-30 06:09:00 UTC,70000110352,70000110352,70000110352,2025-04-29 06:10:42 UTC,2025-04-29 06:10:42 UTC,,,2025-04-29 06:09:50 UTC
70014337444,rnr,The person you are calling is not answering…will again try after some time,Completed,2025-04-30 06:17:00 UTC,70000110352,70000110352,70000110352,2025-04-29 06:17:39 UTC,2025-04-29 06:17:39 UTC,,,2025-04-29 06:17:25 UTC
70014337478,Patipulam plots,Client has visited site yesterday at patipulam .After discussion with client all details sent through whats app. Client said will compare other builders to and revert back with in one month,Completed,2025-04-30 06:21:00 UTC,70000110352,70000110352,70000110352,2025-04-29 06:22:12 UTC,2025-04-29 06:22:12 UTC,,,2025-04-29 06:21:17 UTC
70014346309,Budget,Client looking apartment in nanadam bakkam. budget all inclusive up to 1 cr only wanted three bhk,Completed,2025-05-01 05:31:00 UTC,70000110352,70000110352,70000110352,2025-04-30 05:31:20 UTC,2025-04-30 05:31:20 UTC,,,2025-04-30 05:31:07 UTC
70014346329,Vendor,This client is a vendor….Looking for i. t . materials order,Completed,2025-05-01 05:32:00 UTC,70000110352,70000110352,70000110352,2025-04-30 05:33:08 UTC,2025-04-30 05:33:08 UTC,,,2025-04-30 05:32:54 UTC
70014346404,Does not exist,The dialed number does not exist pls check the number you have dialed.,Completed,2025-05-01 05:46:00 UTC,70000110352,70000110352,70000110352,2025-04-30 05:47:04 UTC,2025-04-30 05:47:04 UTC,,,2025-04-30 05:46:49 UTC
70014346425,Rnr,The person you are calling is not answering.. Pls call later,Completed,2025-05-01 05:51:00 UTC,70000110352,70000110352,70000110352,2025-04-30 05:51:32 UTC,2025-04-30 05:51:32 UTC,,,2025-04-30 05:51:16 UTC
70014353225,Viviriti,Discussed with client.. Client shown intrest in viviriti project. All detail sent through whats app. Client said will discuss with family and revert back,Completed,2025-05-01 09:33:00 UTC,70000110352,70000110352,70000110352,2025-04-30 09:33:41 UTC,2025-04-30 09:33:41 UTC,,,2025-04-30 09:33:27 UTC
70014354689,Budget,Discussed with client .. Client need 3 bhk apartment with size of 1400 sqft and looking property near adyar or tirvanmiyur with budget of 2 cr only,Completed,2025-05-01 10:59:00 UTC,70000110352,70000110352,70000110352,2025-04-30 10:59:22 UTC,2025-04-30 10:59:22 UTC,,,2025-04-30 10:59:08 UTC
70014354742,False ceiling job,This client is a vendor.. dealing with false ceiling work,Completed,2025-05-01 11:04:00 UTC,70000110352,70000110352,70000110352,2025-04-30 11:04:54 UTC,2025-04-30 11:04:54 UTC,,,2025-04-30 11:04:37 UTC
70014366927,Patipulam plots,Client has visited site on 1 st may . Wile on the way to traveling to cudalore. All details sent  through whats app. Clien said willcheck and revert back if needed,Completed,2025-05-03 05:31:00 UTC,70000110352,70000110352,70000110352,2025-05-02 05:32:09 UTC,2025-05-02 05:32:09 UTC,,,2025-05-02 05:31:18 UTC
70014366957,Not intrested,Client says she is not intrested in any properties as of now,Completed,2025-05-03 05:36:00 UTC,70000110352,70000110352,70000110352,2025-05-02 05:37:03 UTC,2025-05-02 05:37:03 UTC,,,2025-05-02 05:36:09 UTC
70014366976,Rnr,The person you are calling is not answering.. Pls call after some time,Completed,2025-05-03 05:40:00 UTC,70000110352,70000110352,70000110352,2025-05-02 05:41:05 UTC,2025-05-02 05:41:05 UTC,,,2025-05-02 05:40:16 UTC
70014366998,follow up,Client says he will back to me in evening right now he is in office. Over Phone,Completed,2025-05-03 05:43:00 UTC,70000110352,70000110352,70000110352,2025-05-02 05:44:09 UTC,2025-05-02 05:44:09 UTC,,,2025-05-02 05:43:53 UTC
70014371987,PAtipulam plots,CLIENT SHOWN INTREST IN PATIPULAM PLOTS. aS DISCUSSED WITH CLIENT .Client says right now he is travelling by next week end will try to have a site visit and then decide. All details sent through whats app. ,Completed,2025-05-03 10:25:00 UTC,70000110352,70000110352,70000110352,2025-05-02 10:26:07 UTC,2025-05-02 10:26:07 UTC,,,2025-05-02 10:25:37 UTC
70014375695,Channel partner,This client is a channel partner….looking for buisness opportiunity,Completed,2025-05-04 05:53:00 UTC,70000110352,70000110352,70000110352,2025-05-03 05:53:47 UTC,2025-05-03 05:53:47 UTC,,,2025-05-03 05:53:32 UTC
70014375827,Ringing no response,The person you are calling is not answering pls try later,Completed,2025-05-04 06:14:00 UTC,70000110352,70000110352,70000110352,2025-05-03 06:15:17 UTC,2025-05-03 06:15:17 UTC,,,2025-05-03 06:14:47 UTC
70014375854,Ringing no response,Discussed with client now. Client said this week end will try to have site visit. Client looking for 4 bhk flat in viviriti project,Completed,2025-05-04 06:19:00 UTC,70000110352,70000110352,70000110352,2025-05-03 06:20:17 UTC,2025-05-03 06:20:17 UTC,,,2025-05-03 06:19:55 UTC
70014375874,patipulam plots,Discussed with client now.Client need three plots they are eager to built house with in three months. They cannot wait for the whole project to complete { infrastructure}  and also they doesnt want club house to be uds or member they feel neusense.So client said will think later,Completed,2025-05-04 06:23:00 UTC,70000110352,70000110352,70000110352,2025-05-03 06:23:35 UTC,2025-05-03 06:23:35 UTC,,,2025-05-03 06:23:09 UTC
70014375894,cUTTING CALLS,"Now client is disconnecting my calls right now. Long ringing and then cuts the CALL


",Completed,2025-05-04 06:26:00 UTC,70000110352,70000110352,70000110352,2025-05-03 06:26:44 UTC,2025-05-03 06:26:44 UTC,,,2025-05-03 06:26:08 UTC
70014376182,Disconnecting,The PERSON YOU ARE CALLING IS NOT ANSWERING . Pls TRY later ,Completed,2025-05-04 06:42:00 UTC,70000110352,70000110352,70000110352,2025-05-03 06:42:47 UTC,2025-05-03 06:42:47 UTC,,,2025-05-03 06:42:24 UTC
70014376400,Patipulam plots,Client shown interest in reserve 16 plots. Client has already visited the site . Client says he is looking plots for his friends. His friend will reach chennai by this month end . Then decide,Completed,2025-05-04 06:50:00 UTC,70000110352,70000110352,70000110352,2025-05-03 06:50:40 UTC,2025-05-03 06:50:40 UTC,,,2025-05-03 06:50:23 UTC
70014376466,Not intrested,Client says they are not intrested in plots nor any apartment right now,Completed,2025-05-04 06:53:00 UTC,70000110352,70000110352,70000110352,2025-05-03 06:53:55 UTC,2025-05-03 06:53:55 UTC,,,2025-05-03 06:53:40 UTC
70014376570,budget,Client need 600 sqft of plot in patipulam. With budget of 15 lakhs only,Completed,2025-05-04 06:57:00 UTC,70000110352,70000110352,70000110352,2025-05-03 06:58:19 UTC,2025-05-03 06:58:19 UTC,,,2025-05-03 06:58:01 UTC
70014391603,budget (milange ),As discussed with client.. Client shown intrest in milange project. Wanted three bhk flat. With budget up to 1 crore only. Unfortunately our project cost starts from 1.52 cr onwards,Completed,2025-05-06 05:47:00 UTC,70000110352,70000110352,70000110352,2025-05-05 05:48:34 UTC,2025-05-05 05:48:34 UTC,,,2025-05-05 05:47:07 UTC
70014391656,Rnr,The person you are calling is not answering.. Tried calling so many times today,Completed,2025-05-06 05:55:00 UTC,70000110352,70000110352,70000110352,2025-05-05 05:55:56 UTC,2025-05-05 05:55:56 UTC,,,2025-05-05 05:55:32 UTC
70014391674,Rnr,The person you are calling is not answering.. Tried calling so many times today,Completed,2025-05-06 05:57:00 UTC,70000110352,70000110352,70000110352,2025-05-05 05:57:17 UTC,2025-05-05 05:57:17 UTC,,,2025-05-05 05:57:06 UTC
70014391725,Tiara,Client need three bhk apartment in tiara project . With budget of 1 cr only.. Our arihant Portion is completely sold out . Balcance land owner portion available. That too budget starts from 1.10 cr onwards,Completed,2025-05-06 06:03:00 UTC,70000110352,70000110352,70000110352,2025-05-05 06:03:29 UTC,2025-05-05 06:03:29 UTC,,,2025-05-05 06:03:05 UTC
70014391934,broker,This client is a channel partner,Completed,2025-05-06 06:25:00 UTC,70000110352,70000110352,70000110352,2025-05-05 06:25:44 UTC,2025-05-05 06:25:44 UTC,,,2025-05-05 06:25:20 UTC
70014396785,villa plot,Client shown intrest in villa plot.. Wanted one ground plot in viviana project. Unfortunately only one plot is available with size of 1300 sqft,Completed,2025-05-06 09:03:00 UTC,70000110352,70000110352,70000110352,2025-05-05 09:04:01 UTC,2025-05-05 09:04:01 UTC,,,2025-05-05 09:03:19 UTC
70014397057,villa plot,Client shown intrest in villa plot.. Wanted one ground plot in viviana project. Unfortunately only one plot is available with size of 1300 sqft,Completed,2025-05-06 09:12:00 UTC,70000110352,70000110352,70000110352,2025-05-05 09:12:45 UTC,2025-05-05 09:12:45 UTC,,,2025-05-05 09:12:19 UTC
70014397852,Disconnecting,The number you have dialed is currently busy.Pls try later ( First is rings and then client disconnects. ) it has happened so many times. Will try some time later again,Completed,2025-05-06 09:37:00 UTC,70000110352,70000110352,70000110352,2025-05-05 09:38:06 UTC,2025-05-05 09:38:06 UTC,,,2025-05-05 09:37:34 UTC
70014398223,Plot,Tried reaching to client over phone and whats app. Too. Unable to reach. Tried sending sms to client . ,Completed,2025-05-06 09:48:00 UTC,70000110352,70000110352,70000110352,2025-05-05 09:48:35 UTC,2025-05-05 09:48:35 UTC,,,2025-05-05 09:48:12 UTC
70014398632,patipulam plots,Discuss with client again regarding plots. Client main concern is drinking water as well as lighting is very poor in evening hours. Client has already visited site along with family. Client family felt very lonley. Client said pls call me once proper facility is done along with proper lighting and tar roads,Completed,2025-05-06 10:04:00 UTC,70000110352,70000110352,70000110352,2025-05-05 10:04:26 UTC,2025-05-05 10:04:26 UTC,,,2025-05-05 10:04:08 UTC
70014398755,Flat in adyar,This client is an existing client of arihant. Already they have purchase a flat in arihant in escapcade thoraipakam. They wanted a flat with budget of 3 cr in an around adyar till ecr kotivakam,Completed,2025-05-06 10:16:00 UTC,70000110352,70000110352,70000110352,2025-05-05 10:17:19 UTC,2025-05-05 10:17:19 UTC,,,2025-05-05 10:16:58 UTC
70014398794,Want flat at adyar only,This client is an existing client of arihant. Already they have purchase a flat in arihant in escapcade thoraipakam. They wanted a flat with budget of 3 cr in an around adyar till ecr kotivakam,Completed,2025-05-06 10:20:00 UTC,70000110352,70000110352,70000110352,2025-05-05 10:21:05 UTC,2025-05-05 10:21:05 UTC,,,2025-05-05 10:20:47 UTC
70014398858,Not intrested,Client says he is not looking any plots nor any apartment as of now. Due to heavy loss in buisness,Completed,2025-05-06 10:28:00 UTC,70000110352,70000110352,70000110352,2025-05-05 10:28:50 UTC,2025-05-05 10:28:50 UTC,,,2025-05-05 10:28:22 UTC
70014398925,plots,Discussed with client now .. Client says pls forward me all details through whats app. Client will check and revert back. As of now she is very busy and then cuts the call,Completed,2025-05-06 10:34:00 UTC,70000110352,70000110352,70000110352,2025-05-05 10:36:10 UTC,2025-05-05 10:36:10 UTC,,,2025-05-05 10:34:46 UTC
70014399007,Patipulam ,After discussion with client over phone . All details sent through whats app. Client said will check and revert back..,Completed,2025-05-06 10:43:00 UTC,70000110352,70000110352,70000110352,2025-05-05 10:44:12 UTC,2025-05-05 10:44:12 UTC,,,2025-05-05 10:43:53 UTC
70014399612,busy,Client said right now he is in meeting  pls call me later,Completed,2025-05-06 11:08:00 UTC,70000110352,70000110352,70000110352,2025-05-05 11:47:22 UTC,2025-05-05 11:47:22 UTC,,,2025-05-05 11:08:57 UTC
70014402372,viviriti,Client has visited site viviriti project yesterday. Already site engineers has shown the flat which one is available. Client said will discuss and again come back with family again for site visit and then decide,Completed,2025-05-07 05:06:00 UTC,70000110352,70000110352,70000110352,2025-05-06 05:07:18 UTC,2025-05-06 05:07:18 UTC,,,2025-05-06 05:07:01 UTC
70014402443,Channel partner,This client is a channel partner wanted to have tie up with us for buisnes. Adviced him to call on monday regarding tie up,Completed,2025-05-07 05:19:00 UTC,70000110352,70000110352,70000110352,2025-05-06 05:20:38 UTC,2025-05-06 05:20:38 UTC,,,2025-05-06 05:19:53 UTC
70014402489,Milange owner,The landowner of milange property owner wanted details of senior living homes. he wanted to develop his own peoperty in his native place,Completed,2025-05-07 05:24:00 UTC,70000110352,70000110352,70000110352,2025-05-06 05:25:26 UTC,2025-05-06 05:25:26 UTC,,,2025-05-06 05:24:58 UTC
70014402525,krsna project,This client enquired about our krshna project. All details sent through whats app. Client need flat in 2nd floor or top floor. As per availability list we has flats only in first floor. And also her budget is up to 5cr only,Completed,2025-05-07 05:30:00 UTC,70000110352,70000110352,70000110352,2025-05-06 05:31:04 UTC,2025-05-06 05:31:04 UTC,,,2025-05-06 05:30:37 UTC
70014402560,Already purchased second hand flat,Client said they have purchased resale flats in tiruvanmiyur area in his budget of 90 lakhs,Completed,2025-05-07 05:35:00 UTC,70000110352,70000110352,70000110352,2025-05-06 05:35:47 UTC,2025-05-06 05:35:47 UTC,,,2025-05-06 05:35:21 UTC
70014402594,Not intrested,lient says he is not looking any plots nor any flat at all.. Becuase right now he is focussing in childs future,Completed,2025-05-07 05:39:00 UTC,70000110352,70000110352,70000110352,2025-05-06 05:39:44 UTC,2025-05-06 05:39:44 UTC,,,2025-05-06 05:39:31 UTC
70014402619,Rnr,The person you are calling is not answering.. Pls call after some time,Completed,2025-05-07 05:42:00 UTC,70000110352,70000110352,70000110352,2025-05-06 05:43:01 UTC,2025-05-06 05:43:01 UTC,,,2025-05-06 05:42:43 UTC
70014402815,Still under discussion,Client says still under discussion surely will revert back. Client says he cannot give time for finalizing will defenetaly revert back,Completed,2025-05-07 05:45:00 UTC,70000110352,70000110352,70000110352,2025-05-06 05:47:25 UTC,2025-05-06 05:47:25 UTC,,,2025-05-06 05:47:01 UTC
70014403006,Vendor,This client is a vendor.. Client says is there any lpg gas pipe connection work pls let me know,Completed,2025-05-07 06:12:00 UTC,70000110352,70000110352,70000110352,2025-05-06 06:12:30 UTC,2025-05-06 06:12:30 UTC,,,2025-05-06 06:12:16 UTC
70014403091,patipulam plots,LAst sunday client was travelling to kovalam for some work. After seeing our hoardings has enquired about our project reserve 16 .Client said this week he will again travel to ecr with his family and then decide,Completed,2025-05-07 06:23:00 UTC,70000110352,70000110352,70000110352,2025-05-06 06:24:03 UTC,2025-05-06 06:24:03 UTC,,,2025-05-06 06:23:07 UTC
70014403169,Not intrested,client says he si not intrested in buying any property at all,Completed,2025-05-07 06:30:00 UTC,70000110352,70000110352,70000110352,2025-05-06 06:31:30 UTC,2025-05-06 06:31:30 UTC,,,2025-05-06 06:30:50 UTC
70014403417,Not intrested,"Client says due to financial stress he has dropped the plan for same as of now

 
",Completed,2025-05-07 06:41:00 UTC,70000110352,70000110352,70000110352,2025-05-06 06:42:14 UTC,2025-05-06 06:42:14 UTC,,,2025-05-06 06:41:51 UTC
70014403490,Not intrested,Discussed with client now. Client says right now plan dropped due to personal reasons,Completed,2025-05-07 06:44:00 UTC,70000110352,70000110352,70000110352,2025-05-06 06:44:48 UTC,2025-05-06 06:44:48 UTC,,,2025-05-06 06:44:25 UTC
70014403592,Feels isolated place as of now,Client says family decission is his decission. Because right now family feels very lonely for the same,Completed,2025-05-07 06:47:00 UTC,70000110352,70000110352,70000110352,2025-05-06 06:48:54 UTC,2025-05-06 06:48:54 UTC,,,2025-05-06 06:48:00 UTC
70014403730,other state,This lead is from varanasi…Client says they are not intrested in chennai.. ,Completed,2025-05-07 06:53:00 UTC,70000110352,70000110352,70000110352,2025-05-06 06:53:55 UTC,2025-05-06 06:53:55 UTC,,,2025-05-06 06:53:40 UTC
70014403803,Wrong number,Dialed number does not exist pls check the number you have dialed,Completed,2025-05-07 06:56:00 UTC,70000110352,70000110352,70000110352,2025-05-06 06:57:00 UTC,2025-05-06 06:57:00 UTC,,,2025-05-06 06:56:44 UTC
70014404373,Dindigul builder,This client is a dindigul buidler who is promoting his project. He says will refer our name if some one ask for any property in chennai,Completed,2025-05-07 07:14:00 UTC,70000110352,70000110352,70000110352,2025-05-06 07:15:00 UTC,2025-05-06 07:15:00 UTC,,,2025-05-06 07:14:23 UTC
70014404483,Does not exist,Dialed number does not exist.. Pls check the number you have dialed,Completed,2025-05-07 07:17:00 UTC,70000110352,70000110352,70000110352,2025-05-06 07:18:20 UTC,2025-05-06 07:18:20 UTC,,,2025-05-06 07:17:41 UTC
70014404600,Vendor,This client is a vendor dealing with information technology. wanted buisness from our side,Completed,2025-05-07 07:22:00 UTC,70000110352,70000110352,70000110352,2025-05-06 07:22:38 UTC,2025-05-06 07:22:38 UTC,,,2025-05-06 07:22:25 UTC
70014404749,Not intrested,Client lift my calls and then cuts the call. Second time tried calling call goes into voice mail. After some time client says she is not intrested in purchase ,Completed,2025-05-07 07:27:00 UTC,70000110352,70000110352,70000110352,2025-05-06 07:27:41 UTC,2025-05-06 07:27:41 UTC,,,2025-05-06 07:27:25 UTC
70014404929,Not intrested,Client says they are not looking any property right now . And says they them self is a builder,Completed,2025-05-07 07:34:00 UTC,70000110352,70000110352,70000110352,2025-05-06 07:34:34 UTC,2025-05-06 07:34:34 UTC,,,2025-05-06 07:34:17 UTC
70014405026,Vendor,This client is a vendor. Dealing with switches and electrical works,Completed,2025-05-07 07:38:00 UTC,70000110352,70000110352,70000110352,2025-05-06 07:38:41 UTC,2025-05-06 07:38:41 UTC,,,2025-05-06 07:38:25 UTC
70014405096,Wrong number,The dialed number does not exist…Pls check the number you have dialed,Completed,2025-05-07 07:41:00 UTC,70000110352,70000110352,70000110352,2025-05-06 07:41:34 UTC,2025-05-06 07:41:34 UTC,,,2025-05-06 07:41:19 UTC
70014407370,Busy,Client says will have his lunch and call back once he is free,Completed,2025-05-07 09:09:00 UTC,70000110352,70000110352,70000110352,2025-05-06 09:09:58 UTC,2025-05-06 09:09:58 UTC,,,2025-05-06 09:09:20 UTC
70014407448,Not intrested,Client says he is not looking any properties ..thank you and cuts the call,Completed,2025-05-07 09:12:00 UTC,70000110352,70000110352,70000110352,2025-05-06 09:12:37 UTC,2025-05-06 09:12:37 UTC,,,2025-05-06 09:12:13 UTC
70014407536,no response,The person you are calling is not answering.. Pls try later,Completed,2025-05-07 09:15:00 UTC,70000110352,70000110352,70000110352,2025-05-06 09:15:54 UTC,2025-05-06 09:15:54 UTC,,,2025-05-06 09:15:36 UTC
70014407623,Not intrested,Client says she dont have any requirment and then cuts the call,Completed,2025-05-07 09:19:00 UTC,70000110352,70000110352,70000110352,2025-05-06 09:19:18 UTC,2025-05-06 09:19:18 UTC,,,2025-05-06 09:19:03 UTC
70014407787,Plan drop,Client now drop the plan to buy a plot in patipulam . Due to his job transfer to baroda. Will decide after two yrs,Completed,2025-05-07 09:25:00 UTC,70000110352,70000110352,70000110352,2025-05-06 09:26:07 UTC,2025-05-06 09:26:07 UTC,,,2025-05-06 09:25:42 UTC
70014408224,Vipaasna,Client says he is looking for his siter who has come from abroad. Advice me to send alll details through whats app. Client said check and revert back if needed,Completed,2025-05-07 09:40:00 UTC,70000110352,70000110352,70000110352,2025-05-06 09:40:30 UTC,2025-05-06 09:40:30 UTC,,,2025-05-06 09:40:16 UTC
70014408354,vendor,Client need buisness from our company they are in proffessional cad drawings,Completed,2025-05-07 09:45:00 UTC,70000110352,70000110352,70000110352,2025-05-06 09:46:08 UTC,2025-05-06 09:46:08 UTC,,,2025-05-06 09:45:53 UTC
70014408683,viviriti,As discussed with client. After seeing our new property ( commercial Space ) of arihant . Client thought its residential one. Convinced him and forwarded our viviriti project details. Client said will check and revert back if needed,Completed,2025-05-07 09:56:00 UTC,70000110352,70000110352,70000110352,2025-05-06 09:56:55 UTC,2025-05-06 09:56:55 UTC,,,2025-05-06 09:56:39 UTC
70014408787,Not intrested,Client says have no idea of buying any property as of now,Completed,2025-05-07 09:59:00 UTC,70000110352,70000110352,70000110352,2025-05-06 10:00:16 UTC,2025-05-06 10:00:16 UTC,,,2025-05-06 10:00:01 UTC
70014409145,budget,Client says that hie is staying near hotel turiya. For more then 10 yrs. Client says he is fed up of water logging in main road stretch during rainy season. So client is looking at adyar with budget of 3 cr only wanted 4 bhk apartment,Completed,2025-05-07 10:11:00 UTC,70000110352,70000110352,70000110352,2025-05-06 10:44:55 UTC,2025-05-06 10:44:55 UTC,,,2025-05-06 10:11:42 UTC
70014409195,600 sqft,Client looking plot at guduvanchery only.. With budget of 12 lakhs and wanted 600 sqft plot only,Completed,2025-05-07 10:49:00 UTC,70000110352,70000110352,70000110352,2025-05-06 10:49:34 UTC,2025-05-06 10:49:34 UTC,,,2025-05-06 10:49:18 UTC
70014409260,Plan drop to buy any property,Client says they have droped the plan to buy any property right now due to personal reasons,Completed,2025-05-07 10:54:00 UTC,70000110352,70000110352,70000110352,2025-05-06 10:54:58 UTC,2025-05-06 10:54:58 UTC,,,2025-05-06 10:54:34 UTC
70014409373,not intrested,Client says right now he is not looking any property at all. Client says he is from bihar and doing building labour job,Completed,2025-05-07 11:08:00 UTC,70000110352,70000110352,70000110352,2025-05-06 11:08:56 UTC,2025-05-06 11:08:56 UTC,,,2025-05-06 11:08:41 UTC
70014409405,other states,This client is from manglore looking property at manglore only,Completed,2025-05-07 11:11:00 UTC,70000110352,70000110352,70000110352,2025-05-06 11:12:13 UTC,2025-05-06 11:12:13 UTC,,,2025-05-06 11:11:39 UTC
70014409468,plots,Client has already visited site. Client feels as of now since its in starting stage it feels very lonely. Client said this week they will decide and let us know either they are willing to buy or not,Completed,2025-05-07 11:19:00 UTC,70000110352,70000110352,70000110352,2025-05-06 11:19:27 UTC,2025-05-06 11:19:27 UTC,,,2025-05-06 11:19:15 UTC
70014409518,Not intrested,Client says that he is not looking any property at all and then says thank you,Completed,2025-05-07 11:23:00 UTC,70000110352,70000110352,70000110352,2025-05-06 11:24:02 UTC,2025-05-06 11:24:02 UTC,,,2025-05-06 11:23:50 UTC
70014409560,Not reachable,The number you are calling is temporarily out of service.. Tried calling so many tim,Completed,2025-05-07 11:27:00 UTC,70000110352,70000110352,70000110352,2025-05-06 11:27:55 UTC,2025-05-06 11:27:55 UTC,,,2025-05-06 11:27:32 UTC
70014409574,This client is a broker of real estate,This client is a broker of real estate,Completed,2025-05-07 11:29:00 UTC,70000110352,70000110352,70000110352,2025-05-06 11:30:01 UTC,2025-05-06 11:30:01 UTC,,,2025-05-06 11:29:50 UTC
70014409594,Not intrested,Client has visited site .. Feels it very far from her daughter college at utandi,Completed,2025-05-07 11:32:00 UTC,70000110352,70000110352,70000110352,2025-05-06 11:32:35 UTC,2025-05-06 11:32:35 UTC,,,2025-05-06 11:32:20 UTC
70014409622,Not intrested,Client says by mistake it got click.. They are not intrested in any property right now,Completed,2025-05-07 11:36:00 UTC,70000110352,70000110352,70000110352,2025-05-06 11:36:37 UTC,2025-05-06 11:36:37 UTC,,,2025-05-06 11:36:21 UTC
70014409676,Not recieving,The number you are calling is not able to recieve calls,Completed,2025-05-07 11:43:00 UTC,70000110352,70000110352,70000110352,2025-05-06 11:43:57 UTC,2025-05-06 11:43:57 UTC,,,2025-05-06 11:43:03 UTC
70014412754,not intrested,The person you are calling is not intrested in talking because right now he is busy in some other call. client says he is not intrested,Completed,2025-05-08 05:52:00 UTC,70000110352,70000110352,70000110352,2025-05-07 05:52:45 UTC,2025-05-07 05:52:45 UTC,,,2025-05-07 05:52:12 UTC
70014412799,purchased,Client  has purchase plot in omr. next to his workplace at karapakkam.Just two months back. Client says its to far from work place for reserve 16,Completed,2025-05-08 05:58:00 UTC,70000110352,70000110352,70000110352,2025-05-07 05:58:36 UTC,2025-05-07 05:58:36 UTC,,,2025-05-07 05:58:20 UTC
70014412858,call gets disconnected,The person you are calling is not answering pls call after some time.Client is disconnecting my calls,Completed,2025-05-08 06:01:00 UTC,70000110352,70000110352,70000110352,2025-05-07 06:02:47 UTC,2025-05-07 06:02:47 UTC,,,2025-05-07 06:01:46 UTC
70014412989,will revert back if needed,"Client says give me some time he will contact us back, Client has already enquired earlier after site visit. Now he says he will contact back",Completed,2025-05-08 06:15:00 UTC,70000110352,70000110352,70000110352,2025-05-07 06:15:30 UTC,2025-05-07 06:15:30 UTC,,,2025-05-07 06:15:10 UTC
70014413012,vendor,This client is a vendor…dealing with iron and steel buisness wants buisness,Completed,2025-05-08 06:17:00 UTC,70000110352,70000110352,70000110352,2025-05-07 06:18:11 UTC,2025-05-07 06:18:11 UTC,,,2025-05-07 06:17:54 UTC
70014413049,number not in use,Incoming calls facility is not available in this number once due is paid the incoming calls will be allowed,Completed,2025-05-08 06:22:00 UTC,70000110352,70000110352,70000110352,2025-05-07 06:23:37 UTC,2025-05-07 06:23:37 UTC,,,2025-05-07 06:22:36 UTC
70014413107,Budget,Client looking 3 bhk flat in omr area. With budget of 1.5 cr only. Convinced client regarding our viviriti project. Client says its out of his budget,Completed,2025-05-08 06:29:00 UTC,70000110352,70000110352,70000110352,2025-05-07 06:29:31 UTC,2025-05-07 06:29:31 UTC,,,2025-05-07 06:29:07 UTC
70014415076,follow up,"",Overdue,2025-05-10 07:39:00 UTC,70000110350,70000110350,70000110350,2025-05-07 07:39:22 UTC,2025-05-07 07:39:22 UTC,,,
70014417181,Out of service,The number you are calling is temporary out of service. Pls try later,Completed,2025-05-08 09:11:00 UTC,70000110352,70000110352,70000110352,2025-05-07 09:11:46 UTC,2025-05-07 09:11:46 UTC,,,2025-05-07 09:11:30 UTC
70014417297,Voice mail,Your call has been forwarded to voice mail.. ( it was same message when i called him on last month),Completed,2025-05-08 09:16:00 UTC,70000110352,70000110352,70000110352,2025-05-07 09:16:22 UTC,2025-05-07 09:16:22 UTC,,,2025-05-07 09:16:06 UTC
70014417389,Vendor,This client is a dpr service centre work wants buisness from us,Completed,2025-05-08 09:20:00 UTC,70000110352,70000110352,70000110352,2025-05-07 09:21:21 UTC,2025-05-07 09:21:21 UTC,,,2025-05-07 09:20:46 UTC
70014417519,Not intrested,Now client says he has finalized second hand flat in his native. Since family is not willing to come to chennai.,Completed,2025-05-08 09:25:00 UTC,70000110352,70000110352,70000110352,2025-05-07 09:25:37 UTC,2025-05-07 09:25:37 UTC,,,2025-05-07 09:25:03 UTC
70014417602,Disconnecting,LAst month also contacted to client. Client is disconnecting my calls. And today again called him up. Even now also cutting calls,Completed,2025-05-08 09:28:00 UTC,70000110352,70000110352,70000110352,2025-05-07 09:29:10 UTC,2025-05-07 09:29:10 UTC,,,2025-05-07 09:28:31 UTC
70014417662,vendor,This client is a vendor.. Dealing with insurance work wanted buisnes from us,Completed,2025-05-08 09:31:00 UTC,70000110352,70000110352,70000110352,2025-05-07 09:31:50 UTC,2025-05-07 09:31:50 UTC,,,2025-05-07 09:31:38 UTC
70014417798,omr only,Client again says he needs plot at omr only not in patipulam. He needs traveling distance should be closer to his work place,Completed,2025-05-08 09:36:00 UTC,70000110352,70000110352,70000110352,2025-05-07 09:37:02 UTC,2025-05-07 09:37:02 UTC,,,2025-05-07 09:36:47 UTC
70014418184,Plots budgeted,Client looking plot at patipulam with budget of 15 lakhs one ground max. Unfortunately our plot cost starts from 42 lakhs onwards half ground,Completed,2025-05-08 09:51:00 UTC,70000110352,70000110352,70000110352,2025-05-07 09:51:59 UTC,2025-05-07 09:51:59 UTC,,,2025-05-07 09:51:44 UTC
70014418410,Plot,Client says he will let me know this week end  he teell either he is going to buy plots or not,Completed,2025-05-08 10:04:00 UTC,70000110352,70000110352,70000110352,2025-05-07 10:08:22 UTC,2025-05-07 10:08:22 UTC,,,2025-05-07 10:04:20 UTC
70014418473,owned plot already,This client is having 3 acres plots just bang opposite to reserve 16 project. She just wanted to know what price we are selling it,Completed,2025-05-08 10:16:00 UTC,70000110352,70000110352,70000110352,2025-05-07 10:16:59 UTC,2025-05-07 10:16:59 UTC,,,2025-05-07 10:16:10 UTC
70014418514,Budget,Client budget is up to 1.5 cr wanted 3 bhk flat in side city. near adyar,Completed,2025-05-08 10:22:00 UTC,70000110352,70000110352,70000110352,2025-05-07 10:23:48 UTC,2025-05-07 10:23:48 UTC,,,2025-05-07 10:22:20 UTC
70014418543,not intrested,Client says they are not intrested in buying any property right now…due to financial stress they drop the plan,Completed,2025-05-08 10:27:00 UTC,70000110352,70000110352,70000110352,2025-05-07 10:27:46 UTC,2025-05-07 10:27:46 UTC,,,2025-05-07 10:27:26 UTC
70014418595,Not intrested,Client says not looking any property as of now….and then cuts the call,Completed,2025-05-08 10:32:00 UTC,70000110352,70000110352,70000110352,2025-05-07 10:33:47 UTC,2025-05-07 10:33:47 UTC,,,2025-05-07 10:32:46 UTC
70014418655,No resposnse,Today also the same respond . The person you are calling is not answering,Completed,2025-05-08 10:42:00 UTC,70000110352,70000110352,70000110352,2025-05-07 10:42:54 UTC,2025-05-07 10:42:54 UTC,,,2025-05-07 10:42:33 UTC
70014418684,vendor,This client is a vendor. Dealinging with tile and adhesives wanted to supply for bulding line,Completed,2025-05-08 10:46:00 UTC,70000110352,70000110352,70000110352,2025-05-07 10:46:47 UTC,2025-05-07 10:46:47 UTC,,,2025-05-07 10:46:19 UTC
70014418711,Broker,This client is a channel partner….doing real estate buisness,Completed,2025-05-08 10:50:00 UTC,70000110352,70000110352,70000110352,2025-05-07 10:50:35 UTC,2025-05-07 10:50:35 UTC,,,2025-05-07 10:50:18 UTC
70014418747,Budget,This client need two bhk apartment in perungudi and thoraipakkam side with budget of 60 lakhs,Completed,2025-05-08 10:54:00 UTC,70000110352,70000110352,70000110352,2025-05-07 10:54:31 UTC,2025-05-07 10:54:31 UTC,,,2025-05-07 10:54:07 UTC
70014418753,Milange project,This client shown intrest in milange project. All details sent through whats app. And also forward all details to mr karthick to follow (anarock),Completed,2025-05-08 10:56:00 UTC,70000110352,70000110352,70000110352,2025-05-07 10:56:19 UTC,2025-05-07 10:56:19 UTC,,,2025-05-07 10:56:03 UTC
70014422056,Wanted plots in omr only,Discussed with client. Regarding reserve 16 plots. Client says he si looking plots in omr only. No where else,Completed,2025-05-09 06:14:00 UTC,70000110352,70000110352,70000110352,2025-05-08 06:15:35 UTC,2025-05-08 06:15:35 UTC,,,2025-05-08 06:14:31 UTC
70014422083,tiara project,Client need flat two bhk apartment in tiara project with budget of 70 lakhs only.Unfortunately arihant portion is completly sold out,Completed,2025-05-09 06:17:00 UTC,70000110352,70000110352,70000110352,2025-05-08 06:18:46 UTC,2025-05-08 06:18:46 UTC,,,2025-05-08 06:18:00 UTC
70014422119,Email Sent,All detail sent through email. still waiting for client to respond through email. since number is not available,Completed,2025-05-09 06:22:00 UTC,70000110352,70000110352,70000110352,2025-05-08 06:22:52 UTC,2025-05-08 06:22:52 UTC,,,2025-05-08 06:22:22 UTC
70014422169,wanted plot in karapakkam only,Discuss with client . Client says since its far from work place client looking property at omr only wanted plots,Completed,2025-05-09 06:26:00 UTC,70000110352,70000110352,70000110352,2025-05-08 06:26:47 UTC,2025-05-08 06:26:47 UTC,,,2025-05-08 06:26:26 UTC
70014426016,rnr,The person you are calling is not answering tried calling so many times,Completed,2025-05-09 07:14:00 UTC,70000110352,70000110352,70000110352,2025-05-08 09:41:49 UTC,2025-05-08 09:41:49 UTC,,,2025-05-08 07:14:54 UTC
70014426083,No response,Client is disconnecting calls  tried calling so many times,Completed,2025-05-09 09:44:00 UTC,70000110352,70000110352,70000110352,2025-05-08 09:45:27 UTC,2025-05-08 09:45:27 UTC,,,2025-05-08 09:44:59 UTC
70014426151,Not intrested,Client says he doesnt want any thing as of now,Completed,2025-05-09 09:49:00 UTC,70000110352,70000110352,70000110352,2025-05-08 09:49:35 UTC,2025-05-08 09:49:35 UTC,,,2025-05-08 09:49:13 UTC
70014426474,Shifted to his native,Client says he has shifted to tirchy last month so he is looking plots at tiruchy only,Completed,2025-05-09 10:14:00 UTC,70000110352,70000110352,70000110352,2025-05-08 10:15:10 UTC,2025-05-08 10:15:10 UTC,,,2025-05-08 10:14:38 UTC
70014426488,not intrested,Client says now he is not intrested in anything right now,Completed,2025-05-09 10:17:00 UTC,70000110352,70000110352,70000110352,2025-05-08 10:17:59 UTC,2025-05-08 10:17:59 UTC,,,2025-05-08 10:17:45 UTC
70014426533,Not available,Client son says his father has gone for job as soon as he comes home in evening from work will inform him and then cuts the call,Completed,2025-05-09 10:23:00 UTC,70000110352,70000110352,70000110352,2025-05-08 10:23:39 UTC,2025-05-08 10:23:39 UTC,,,2025-05-08 10:23:09 UTC
70014429472,Birla properties,This client is from birla properties. Dealing with lands and flats,Completed,2025-05-10 05:43:00 UTC,70000110352,70000110352,70000110352,2025-05-09 05:43:41 UTC,2025-05-09 05:43:41 UTC,,,2025-05-09 05:43:17 UTC
70014429482,general enquiry,Client has visited some function in his friends place near patipulam. On the way they have seen our hoardings. Client says he was just enquirying the price its a general enquiry,Completed,2025-05-10 05:45:00 UTC,70000110352,70000110352,70000110352,2025-05-09 05:45:41 UTC,2025-05-09 05:45:41 UTC,,,2025-05-09 05:45:24 UTC
70014429533,voice mail,"your call has been forwarded to voice mail. tried calling so many times


",Completed,2025-05-10 05:54:00 UTC,70000110352,70000110352,70000110352,2025-05-09 05:56:43 UTC,2025-05-09 05:56:43 UTC,,,2025-05-09 05:54:06 UTC
70014429725,Not intrested,Client says right now they have drop the plan because right now they are very much concern of daughter marriage,Completed,2025-05-10 06:16:00 UTC,70000110352,70000110352,70000110352,2025-05-09 06:28:40 UTC,2025-05-09 06:28:40 UTC,,,2025-05-09 06:16:17 UTC
70014429776,Not intrested,Client says no he is not looking for any plots nor any apartment right now. And also said pls do not disturb,Completed,2025-05-10 06:32:00 UTC,70000110352,70000110352,70000110352,2025-05-09 06:33:02 UTC,2025-05-09 06:33:02 UTC,,,2025-05-09 06:32:40 UTC
70014430036,Rnr,Ringing no response.. tried calling so many times,Completed,2025-05-10 06:48:00 UTC,70000110352,70000110352,70000110352,2025-05-09 06:48:48 UTC,2025-05-09 06:48:48 UTC,,,2025-05-09 06:48:08 UTC
70014430193,Villa plot,Again discuss with client .. Client says price is too costly. Will try to convince his wife to have site visit today and then decide,Completed,2025-05-10 06:56:00 UTC,70000110352,70000110352,70000110352,2025-05-09 06:56:43 UTC,2025-05-09 06:56:43 UTC,,,2025-05-09 06:56:30 UTC
70014430379,Sitched off,The number you are calling is currently switched off pls try later,Completed,2025-05-10 07:01:00 UTC,70000110352,70000110352,70000110352,2025-05-09 07:04:27 UTC,2025-05-09 07:04:27 UTC,,,2025-05-09 07:01:54 UTC
70014431008,Not reachable,The number you have dialed is currently busy or  not reachable pls try later,Completed,2025-05-10 07:33:00 UTC,70000110352,70000110352,70000110352,2025-05-09 07:34:22 UTC,2025-05-09 07:34:22 UTC,,,2025-05-09 07:34:02 UTC
70014431077,Driving his bike,Client says he is riding his bike will call me back later once he reaches to his destination,Completed,2025-05-10 07:37:00 UTC,70000110352,70000110352,70000110352,2025-05-09 07:37:58 UTC,2025-05-09 07:37:58 UTC,,,2025-05-09 07:37:24 UTC
70014431168,busy,Client says he will revert back to me in same number right now he is busy,Completed,2025-05-10 07:41:00 UTC,70000110352,70000110352,70000110352,2025-05-09 07:42:32 UTC,2025-05-09 07:42:32 UTC,,,2025-05-09 07:41:36 UTC
70014432957,not intrested,Client said she was looking out for her neghbour. She was asking for check it up. as she is looking for somewhere else and client says thank you,Completed,2025-05-10 09:26:00 UTC,70000110352,70000110352,70000110352,2025-05-09 09:26:45 UTC,2025-05-09 09:26:45 UTC,,,2025-05-09 09:26:31 UTC
70014433122,coimbatore,Client says he is looking property at coimbatore only not in chennai talks in telugu half and partly in tamil and then cuts the call,Completed,2025-05-10 09:32:00 UTC,70000110352,70000110352,70000110352,2025-05-09 09:33:00 UTC,2025-05-09 09:33:00 UTC,,,2025-05-09 09:32:08 UTC
70014433195,villa plot,Have forwarded details through email. after discussion. Client said will check and revert back,Completed,2025-05-10 09:34:00 UTC,70000110352,70000110352,70000110352,2025-05-09 09:36:38 UTC,2025-05-09 09:36:38 UTC,,,2025-05-09 09:34:53 UTC
70014433242,Not intrested,This client is from andra paliput and he says why he should buy a property in chennai. And then he cuts the call,Completed,2025-05-10 09:39:00 UTC,70000110352,70000110352,70000110352,2025-05-09 09:40:21 UTC,2025-05-09 09:40:21 UTC,,,2025-05-09 09:39:51 UTC
70014433654,switched off,The number you are calling either swiched off or not reach at the moment. Tried calling so many times,Completed,2025-05-10 10:09:00 UTC,70000110352,70000110352,70000110352,2025-05-09 10:10:11 UTC,2025-05-09 10:10:11 UTC,,,2025-05-09 10:09:41 UTC
70014433710,Not intrested,This client is from andhra and working in factory. Client says he is not intrested in chennai at all. ,Completed,2025-05-10 10:17:00 UTC,70000110352,70000110352,70000110352,2025-05-09 10:19:34 UTC,2025-05-09 10:19:34 UTC,,,2025-05-09 10:17:35 UTC
70014433725,Not intrested,Client said she was looking out for her neghbour. She was asking for check it up. as she is looking for somewhere else and client says thank you,Completed,2025-05-10 10:21:00 UTC,70000110352,70000110352,70000110352,2025-05-09 10:22:33 UTC,2025-05-09 10:22:33 UTC,,,2025-05-09 10:21:13 UTC
70014433895,patipulam plots,Client says he was unable to go for site visit due to office work. Client said by next week end he will go for site visitand then decide,Completed,2025-05-10 10:46:00 UTC,70000110352,70000110352,70000110352,2025-05-09 10:50:07 UTC,2025-05-09 10:50:07 UTC,,,2025-05-09 10:46:27 UTC
70014455935,vipaasna,client shown intrest in vipaasna project. Yesterday evening client has visited site. like,Completed,2025-05-13 08:43:00 UTC,70000110352,70000110352,70000110352,2025-05-12 08:44:19 UTC,2025-05-12 08:44:19 UTC,,,2025-05-12 08:43:57 UTC
70014456485,not intrested,This client is from tanjoor he says he is having oun land why i should buy property in chennai. And then cuts the call,Completed,2025-05-13 09:10:00 UTC,70000110352,70000110352,70000110352,2025-05-12 09:11:19 UTC,2025-05-12 09:11:19 UTC,,,2025-05-12 09:11:00 UTC
70014456573,Rnr,The person you are calling is not answering pls try later..tried calling so many times,Completed,2025-05-13 09:14:00 UTC,70000110352,70000110352,70000110352,2025-05-12 09:14:36 UTC,2025-05-12 09:14:36 UTC,,,2025-05-12 09:14:17 UTC
70014456661,not intrested,This client is from small village in south maharastra. Says not intred in chennai property and then cuts the call,Completed,2025-05-13 09:18:00 UTC,70000110352,70000110352,70000110352,2025-05-12 09:19:15 UTC,2025-05-12 09:19:15 UTC,,,2025-05-12 09:18:50 UTC
70014457596,Channel partner,This client is a broker.. Says he willl try to show to his client ,Completed,2025-05-13 10:14:00 UTC,70000110352,70000110352,70000110352,2025-05-12 10:17:45 UTC,2025-05-12 10:17:45 UTC,,,2025-05-12 10:14:14 UTC
70014457627,Vendor,This client is a vendor.. dealing with insurance product,Completed,2025-05-13 10:20:00 UTC,70000110352,70000110352,70000110352,2025-05-12 10:21:09 UTC,2025-05-12 10:21:09 UTC,,,2025-05-12 10:20:50 UTC
70014457673,currently busy,The number you have dialed is currently busy. Pls try later,Completed,2025-05-13 10:24:00 UTC,70000110352,70000110352,70000110352,2025-05-12 10:25:31 UTC,2025-05-12 10:25:31 UTC,,,2025-05-12 10:24:34 UTC
70014461207,Channel partner,This client is a consultant who deals with land parcel..,Completed,2025-05-14 05:50:00 UTC,70000110352,70000110352,70000110352,2025-05-13 05:51:06 UTC,2025-05-13 05:51:06 UTC,,,2025-05-13 05:50:50 UTC
70014461229,not intrested,Client says he cannot afford to buy any property at all. Because he does small scale job.on contrect bases,Completed,2025-05-14 05:55:00 UTC,70000110352,70000110352,70000110352,2025-05-13 05:55:35 UTC,2025-05-13 05:55:35 UTC,,,2025-05-13 05:55:12 UTC
70014461260,out of country,Client says he is out of country by this month end he will come and then revert back,Completed,2025-05-14 05:58:00 UTC,70000110352,70000110352,70000110352,2025-05-13 05:59:14 UTC,2025-05-13 05:59:14 UTC,,,2025-05-13 05:58:44 UTC
70014461577,Tiara,Discuss with client . Client shown intrest in tiara. But due to guide line difference we quote 10000 rs per sqft. so management kept it on hold,Completed,2025-05-14 06:36:00 UTC,70000110352,70000110352,70000110352,2025-05-13 06:36:46 UTC,2025-05-13 06:36:46 UTC,,,2025-05-13 06:36:20 UTC
70014470000,Numbe need to be checked its not connecting,The dialed number does not exist pls check the number you have dialed tried calling so many times,Completed,2025-05-15 05:53:00 UTC,70000110352,70000110352,70000110352,2025-05-14 05:54:14 UTC,2025-05-14 05:54:14 UTC,,,2025-05-14 05:53:20 UTC
70014470195,not reachable,Call gets dropped while connecting ..tried calling so many times,Completed,2025-05-15 06:22:00 UTC,70000110352,70000110352,70000110352,2025-05-14 06:23:22 UTC,2025-05-14 06:23:22 UTC,,,2025-05-14 06:22:40 UTC
70014475359,Not intrested,Client says they are not looking any property right now and then cuts the call,Overdue,2025-05-15 10:06:00 UTC,70000110352,70000110352,70000110352,2025-05-14 10:20:18 UTC,2025-05-14 10:20:18 UTC,,,
70014480844,vendor,This client is a vendor dealing with stp plant. Guided him to call to land line office purchase department,Completed,2025-05-16 07:34:00 UTC,70000110352,70000110352,70000110352,2025-05-15 07:35:14 UTC,2025-05-15 07:35:14 UTC,,,2025-05-15 07:35:00 UTC
70014480902,vendor,This client is a vendor dealing with stp plant. Guided him to call to land line office purchase department,Completed,2025-05-16 07:37:00 UTC,70000110352,70000110352,70000110352,2025-05-15 07:37:25 UTC,2025-05-15 07:37:25 UTC,,,2025-05-15 07:37:12 UTC
70014485175,out of station,Client says he si still not in town and will revert back to me on next tuesday on 20 th may..2025,Completed,2025-05-16 10:53:00 UTC,70000110352,70000110352,70000110352,2025-05-15 10:53:47 UTC,2025-05-15 10:53:47 UTC,,,2025-05-15 10:53:10 UTC
70014485238,patipulam plots,Client adviced me to call him on 17th may 2025 for discussion regarding patipullam,Completed,2025-05-16 10:58:00 UTC,70000110352,70000110352,70000110352,2025-05-15 10:58:57 UTC,2025-05-15 10:58:57 UTC,,,2025-05-15 10:58:39 UTC
70014485362,busy,Client says he is outside will call back once he is free,Completed,2025-05-16 11:11:00 UTC,70000110352,70000110352,70000110352,2025-05-15 11:11:27 UTC,2025-05-15 11:11:27 UTC,,,2025-05-15 11:11:15 UTC
70014485426,lost to compititor,Client says he liked the place but his family is not happy with location so they had purchased in padapai to his native,Completed,2025-05-16 11:18:00 UTC,70000110352,70000110352,70000110352,2025-05-15 11:19:07 UTC,2025-05-15 11:19:07 UTC,,,2025-05-15 11:18:38 UTC
70014485473,not in town,Client says his husband has gone for out of station to night she will speak to her husband and let me know by tomorrow morning,Completed,2025-05-16 11:24:00 UTC,70000110352,70000110352,70000110352,2025-05-15 11:25:01 UTC,2025-05-15 11:25:01 UTC,,,2025-05-15 11:24:45 UTC
70014485515,Week end,Client says this week end will try to visit site once meeting gets over. And then revert bac,Completed,2025-05-16 11:30:00 UTC,70000110352,70000110352,70000110352,2025-05-15 11:30:47 UTC,2025-05-15 11:30:47 UTC,,,2025-05-15 11:30:31 UTC
70014485650,Not answering,The person you are calling is not answering tried calling so many time,Completed,2025-05-16 11:48:00 UTC,70000110352,70000110352,70000110352,2025-05-15 11:48:25 UTC,2025-05-15 11:48:25 UTC,,,2025-05-15 11:48:05 UTC
70014488884,krshna project,Client is enquirying about vipaasna. Then she also wanted details of besant nagar and krishna project. All details sent through whats ap . Client says her husband has gone out of station and will reach to chennnai on 29th may. Then only they will decide and revert ,Completed,2025-05-17 06:36:00 UTC,70000110352,70000110352,70000110352,2025-05-16 06:37:14 UTC,2025-05-16 06:37:14 UTC,,,2025-05-16 06:36:53 UTC
70014489021,rnr,The person you are calling is not answering. Pls call after some time,Completed,2025-05-17 06:39:00 UTC,70000110352,70000110352,70000110352,2025-05-16 06:41:04 UTC,2025-05-16 06:41:04 UTC,,,2025-05-16 06:40:01 UTC
70014494374,does not exist,The dialed number does not exist. Pls check the number you have dialed.. tried calling so many times,Completed,2025-05-17 11:02:00 UTC,70000110352,70000110352,70000110352,2025-05-16 11:03:14 UTC,2025-05-16 11:03:14 UTC,,,2025-05-16 11:02:58 UTC
70014494560,general enquiry,Client enquired about patipulam plots while he was crossing our site from pondy to chennai. And all details sent through whats app. Client said will check and revert back if needed,Completed,2025-05-17 11:24:00 UTC,70000110352,70000110352,70000110352,2025-05-16 11:24:35 UTC,2025-05-16 11:24:35 UTC,,,2025-05-16 11:24:21 UTC
70014494569,vendor,This client is a vendor….Dealing with tiles buisness,Completed,2025-05-17 11:25:00 UTC,70000110352,70000110352,70000110352,2025-05-16 11:26:08 UTC,2025-05-16 11:26:08 UTC,,,2025-05-16 11:25:55 UTC
70014497326,vendor,This  Client is a vendor wanted buisness from us .dealing with solution gadgets,Completed,2025-05-18 06:06:00 UTC,70000110352,70000110352,70000110352,2025-05-17 06:07:27 UTC,2025-05-17 06:07:27 UTC,,,2025-05-17 06:06:51 UTC
70014511896,not intrested,This client is not intrested in buying property in chennnai and then cuts the call..,Completed,2025-05-20 06:37:00 UTC,70000110352,70000110352,70000110352,2025-05-19 06:37:37 UTC,2025-05-19 06:37:37 UTC,,,2025-05-19 06:37:16 UTC
70014512024,Not intrested,The same client having two mobile number . Says he is not intrested in any of the property in chennai right now,Completed,2025-05-20 06:41:00 UTC,70000110352,70000110352,70000110352,2025-05-19 06:41:26 UTC,2025-05-19 06:41:26 UTC,,,2025-05-19 06:41:04 UTC
70014512480,budget,Client her budget is up to 1.5 crore only wanted three bhk flat in perungudi area..unfortunately our flat cost starts from 3 cr onwards,Completed,2025-05-20 06:54:00 UTC,70000110352,70000110352,70000110352,2025-05-19 06:55:03 UTC,2025-05-19 06:55:03 UTC,,,2025-05-19 06:54:45 UTC
70014512857,budget,Last night client was travelling to pondy. On the way they have seen our hoarding and enquired about our plots. Client says her requirement is 600 sqft plot in patipulam plot. Unfortunateley our plot size starts from 1200 sqft plot,Completed,2025-05-20 07:07:00 UTC,70000110352,70000110352,70000110352,2025-05-19 07:07:55 UTC,2025-05-19 07:07:55 UTC,,,2025-05-19 07:07:31 UTC
70014513751,property selling,This client has already sent an email in info @arihants .co.in. reagarding property he wanted to sell,Completed,2025-05-20 07:48:00 UTC,70000110352,70000110352,70000110352,2025-05-19 07:48:58 UTC,2025-05-19 07:48:58 UTC,,,2025-05-19 07:48:22 UTC
70014513932,Rental,Client need three bhk flat for rent in vihaana project. unfortunately completely sold out ,Completed,2025-05-20 07:57:00 UTC,70000110352,70000110352,70000110352,2025-05-19 07:57:30 UTC,2025-05-19 07:57:30 UTC,,,2025-05-19 07:57:15 UTC
70014516603,Budget,Client shown intrest in esta project. Client need two bhk flat with budget of 90 lakhs only. Budget starts from 1.25 cr onwards,Completed,2025-05-20 10:14:00 UTC,70000110352,70000110352,70000110352,2025-05-19 10:14:18 UTC,2025-05-19 10:14:18 UTC,,,2025-05-19 10:14:04 UTC
70014522598,krshna project,Madam enquired about krshna project details. All details sent through whats app. Client need top floor flat. But unfortunately its available in 1 st floor.Client said she will chek and revert back if needed,Completed,2025-05-21 06:10:00 UTC,70000110352,70000110352,70000110352,2025-05-20 06:10:54 UTC,2025-05-20 06:10:54 UTC,,,2025-05-20 06:10:39 UTC
70014522620,rnr,The person you are calling is not answering. Pls try after some time,Completed,2025-05-21 06:13:00 UTC,70000110352,70000110352,70000110352,2025-05-20 06:13:53 UTC,2025-05-20 06:13:53 UTC,,,2025-05-20 06:13:46 UTC
70014523112,Vendor,This client is a vendor.. Adviced him to call land line to contact purchase department,Completed,2025-05-21 06:42:00 UTC,70000110352,70000110352,70000110352,2025-05-20 06:46:30 UTC,2025-05-20 06:46:30 UTC,,,2025-05-20 06:42:38 UTC
70014527269,rnr,The person you are calling is not answering pls try later,Completed,2025-05-21 09:46:00 UTC,70000110352,70000110352,70000110352,2025-05-20 09:46:52 UTC,2025-05-20 09:46:52 UTC,,,2025-05-20 09:46:41 UTC
70014527366,Not intrested,Client listen is from tiruchy says he is not looking in property in chennai,Completed,2025-05-21 09:51:00 UTC,70000110352,70000110352,70000110352,2025-05-20 09:51:23 UTC,2025-05-20 09:51:23 UTC,,,2025-05-20 09:51:09 UTC
70014544099,busy,Client says will speak after one hour and says thank you and cuts the call,Completed,2025-05-22 06:04:00 UTC,70000110352,70000110352,70000110352,2025-05-21 06:04:49 UTC,2025-05-21 06:04:49 UTC,,,2025-05-21 06:04:40 UTC
70014544234,Not intrested,Client says he is not intrested in any properties now. If anything is there will let you know,Completed,2025-05-22 06:27:00 UTC,70000110352,70000110352,70000110352,2025-05-21 06:27:56 UTC,2025-05-21 06:27:56 UTC,,,2025-05-21 06:27:42 UTC
70014554690,villa plot,This client is a professor in srm college. Wanted villa in viviana project. Tried convince for villa plot . Client said will try to visit site this week end. And also try to convince for plot. in ecr. All details sent through wahts app. Client said will check and revert. She also said she will refer to his friends too for the same,Completed,2025-05-23 05:58:00 UTC,70000110352,70000110352,70000110352,2025-05-22 05:58:41 UTC,2025-05-22 05:58:41 UTC,,,2025-05-22 05:58:30 UTC
70014554703,Reserve 16,Client enquired about patipulam plots. All details sent through whats app. Client said will revert back to me on or before next week,Completed,2025-05-23 06:00:00 UTC,70000110352,70000110352,70000110352,2025-05-22 06:01:09 UTC,2025-05-22 06:01:09 UTC,,,2025-05-22 06:00:51 UTC
70014554751,Resreve 16 plots,This client has shown interest in patipullam plots while returning from pondi cherry. all details sent through whats app. Client said will back to me next week after having site visit,Completed,2025-05-23 06:08:00 UTC,70000110352,70000110352,70000110352,2025-05-22 06:09:31 UTC,2025-05-22 06:09:31 UTC,,,2025-05-22 06:08:58 UTC
70014554835,Vendor,This client is a vendor…dealing with technical eqipments,Completed,2025-05-23 06:24:00 UTC,70000110352,70000110352,70000110352,2025-05-22 06:24:22 UTC,2025-05-22 06:24:22 UTC,,,2025-05-22 06:24:12 UTC
70014554868,not intrested,Client says he is not intrested in buying any property as of now nor in future too.He says he cannot afford to buy a property at all,Completed,2025-05-23 06:28:00 UTC,70000110352,70000110352,70000110352,2025-05-22 06:29:06 UTC,2025-05-22 06:29:06 UTC,,,2025-05-22 06:28:52 UTC
70014554924,Nimber is busy not able to reach,The number you are trying to call is currently busy. Pls try later,Completed,2025-05-23 06:31:00 UTC,70000110352,70000110352,70000110352,2025-05-22 06:32:23 UTC,2025-05-22 06:32:23 UTC,,,2025-05-22 06:31:54 UTC
70014554985,Not intrested,Client says they are not looking any property as of now,Completed,2025-05-23 06:35:00 UTC,70000110352,70000110352,70000110352,2025-05-22 06:35:47 UTC,2025-05-22 06:35:47 UTC,,,2025-05-22 06:35:35 UTC
70014555048,ringing no response,The person you are calling is not answering.. Pls call after some time,Completed,2025-05-23 06:38:00 UTC,70000110352,70000110352,70000110352,2025-05-22 06:39:38 UTC,2025-05-22 06:39:38 UTC,,,2025-05-22 06:38:36 UTC
70014595365,Disconnected,Client line was not clear. Late night client called me. Call got disconnected. Tried calling to client. line gets disconnected,Completed,2025-05-28 05:58:00 UTC,70000110352,70000110352,70000110352,2025-05-27 05:58:45 UTC,2025-05-27 05:58:45 UTC,,,2025-05-27 05:58:30 UTC
70014595383,plots visited,Client has visited our site last evening. From site itself he conteacted me. All details sent through whats app. Client said will revert back to us once get clearance from his family. He also said with in one week he will revert back,Completed,2025-05-28 06:02:00 UTC,70000110352,70000110352,70000110352,2025-05-27 06:03:11 UTC,2025-05-27 06:03:11 UTC,,,2025-05-27 06:02:48 UTC
70014595396,Vendor,This client is a vendor.. Advice him to contact land line,Completed,2025-05-28 06:07:00 UTC,70000110352,70000110352,70000110352,2025-05-27 06:07:48 UTC,2025-05-27 06:07:48 UTC,,,2025-05-27 06:07:09 UTC
70014595416,ringing no response,The person you are calling is not answering… Pls try try after some time later,Completed,2025-05-28 06:12:00 UTC,70000110352,70000110352,70000110352,2025-05-27 06:12:34 UTC,2025-05-27 06:12:34 UTC,,,2025-05-27 06:12:19 UTC
70014595432,Email sent,There is no number to contact client. Through email all detials sent,Completed,2025-05-28 06:15:00 UTC,70000110352,70000110352,70000110352,2025-05-27 06:15:36 UTC,2025-05-27 06:15:36 UTC,,,2025-05-27 06:15:22 UTC
70014595440,rental,Client called back to me.. She needs three bhk flat in siruseri on rent..nerar bye to her work place,Completed,2025-05-28 06:17:00 UTC,70000110352,70000110352,70000110352,2025-05-27 06:18:01 UTC,2025-05-27 06:18:01 UTC,,,2025-05-27 06:17:50 UTC
70014595487,Rnr,The person you are calling is not answering.. Pls try after some time,Completed,2025-05-28 06:26:00 UTC,70000110352,70000110352,70000110352,2025-05-27 06:26:33 UTC,2025-05-27 06:26:33 UTC,,,2025-05-27 06:26:22 UTC
70014595546,Does not exist,The dialed numbeer does not exist. Pls check the number you have dialed. tried calling so many times,Completed,2025-05-28 06:29:00 UTC,70000110352,70000110352,70000110352,2025-05-27 06:31:35 UTC,2025-05-27 06:31:35 UTC,,,2025-05-27 06:29:21 UTC
70014596974,thoraipakkam,Client says he is driving his car right now. Adviced me to forward the details of project. He is keen on thoraipakkam arihant site. Unfortunately its a commercial one. tried to convince him viviriti project.. Client says he will look into it and revert back,Completed,2025-05-28 07:24:00 UTC,70000110352,70000110352,70000110352,2025-05-27 07:25:09 UTC,2025-05-27 07:25:09 UTC,,,2025-05-27 07:24:34 UTC
70014597058,vivriti,Client says he is driving his car right now. Adviced me to forward the details of project. He is keen on thoraipakkam arihant site. Unfortunately its a commercial one. tried to convince him viviriti project.. Client says he will look into it and revert back,Completed,2025-05-28 07:26:00 UTC,70000110352,70000110352,70000110352,2025-05-27 07:27:59 UTC,2025-05-27 07:27:59 UTC,,,2025-05-27 07:26:42 UTC
70014605147,Does not exist,The dialed number does not exits. Pls check the number you have dialed…tried calling so many times,Completed,2025-05-29 06:15:00 UTC,70000110352,70000110352,70000110352,2025-05-28 06:16:19 UTC,2025-05-28 06:16:19 UTC,,,2025-05-28 06:15:53 UTC
70014605181,wanted job in arihant,This client called me last night around 11.pm was asking for any job vacancy.. I advice him to call tommorrow morning in land line not in night hours,Completed,2025-05-29 06:22:00 UTC,70000110352,70000110352,70000110352,2025-05-28 06:23:07 UTC,2025-05-28 06:23:07 UTC,,,2025-05-28 06:22:40 UTC
70014605200,Vendor,This client is a vendor..Adviced her to call arihant office land line,Completed,2025-05-29 06:24:00 UTC,70000110352,70000110352,70000110352,2025-05-28 06:25:36 UTC,2025-05-28 06:25:36 UTC,,,2025-05-28 06:24:56 UTC
70014609980,rnr,The person you are calling is not answering. Tried calling so many times,Completed,2025-05-29 09:49:00 UTC,70000110352,70000110352,70000110352,2025-05-28 09:49:44 UTC,2025-05-28 09:49:44 UTC,,,2025-05-28 09:49:26 UTC
70014615742,Channel partner,Client name is vetrivel and he is a channel partner. Enquirying about reserve 16 project. All details sent through whats app. Client said he will forward details to his client and revert back,Completed,2025-05-30 07:39:00 UTC,70000110352,70000110352,70000110352,2025-05-29 07:39:34 UTC,2025-05-29 07:39:34 UTC,,,2025-05-29 07:39:33 UTC
70014619515,Ringing no response,The person you are calling is not answering.. Pls try after some time,Completed,2025-05-30 11:03:00 UTC,70000110352,70000110352,70000110352,2025-05-29 11:04:02 UTC,2025-05-29 11:04:02 UTC,,,2025-05-29 11:03:45 UTC
70014622278,vendor,This client is a builder wanted to sell plots.. in outskirts area madhavaram,Completed,2025-05-31 06:18:00 UTC,70000110352,70000110352,70000110352,2025-05-30 06:20:14 UTC,2025-05-30 06:20:14 UTC,,,2025-05-30 06:18:50 UTC
70014665279,Not reachable,The number you are calling either switched off or not reach at the moment. Tried calling so many times,Completed,2025-06-05 05:46:00 UTC,70000110352,70000110352,70000110352,2025-06-04 05:47:59 UTC,2025-06-04 05:47:59 UTC,,,2025-06-04 05:46:42 UTC
70014665327,indus ind bank manager,This client is a working in indus ind bank. Wanted to open an savings account,Completed,2025-06-05 05:52:00 UTC,70000110352,70000110352,70000110352,2025-06-04 05:53:12 UTC,2025-06-04 05:53:12 UTC,,,2025-06-04 05:52:41 UTC
70014673930,Vendor,This client is a vendor.. Adviced them to connect landline office,Completed,2025-06-06 06:04:00 UTC,70000110352,70000110352,70000110352,2025-06-05 06:04:52 UTC,2025-06-05 06:04:52 UTC,,,2025-06-05 06:04:25 UTC
70014673967,General eanquiry,Client enquired about our project rate .. Already they arre reataining one acre land for curosity they wanted to know price. And then cuts the call. Client says will revert back,Completed,2025-06-06 06:08:00 UTC,70000110352,70000110352,70000110352,2025-06-05 06:09:14 UTC,2025-06-05 06:09:14 UTC,,,2025-06-05 06:08:37 UTC
70014674027,Milange ,Client shown intrest in milange project.. Client says he is working in dubai. He will come down to chennai..in month of july. will inspect the site and then decide. HAve already advice mr karthick to follow,Completed,2025-06-06 06:16:00 UTC,70000110352,70000110352,70000110352,2025-06-05 06:20:45 UTC,2025-06-05 06:20:45 UTC,,,2025-06-05 06:16:33 UTC
70014678210,not intrested,Tried calling since morning. Client was not responding earlier. Now client called me and said she is not intrested in property right now,Completed,2025-06-06 09:02:00 UTC,70000110352,70000110352,70000110352,2025-06-05 09:02:55 UTC,2025-06-05 09:02:55 UTC,,,2025-06-05 09:02:44 UTC
70014678481,patipulam plots,Client traveling to kovalam. After seeing our hoarding client client enquired about our project. All details sent through whats app. Client said will check and revert back..,Completed,2025-06-06 09:13:00 UTC,70000110352,70000110352,70000110352,2025-06-05 09:14:25 UTC,2025-06-05 09:14:25 UTC,,,2025-06-05 09:13:58 UTC
70014678712,villa plot viviana,Client shown intrest in villa viviana plots. All details sent through whats app. Client said he needs north facing plots only. Unfortunately we have only one plot south facing one ,Completed,2025-06-06 09:23:00 UTC,70000110352,70000110352,70000110352,2025-06-05 09:24:09 UTC,2025-06-05 09:24:09 UTC,,,2025-06-05 09:23:32 UTC
70014683329,patipulam plot,Client enquired about our reserve 16 project.. last evening. All details sent through whats app after discussion. Client said this week end  or next week end he will have a site visit and then decide,Completed,2025-06-07 06:30:00 UTC,70000110352,70000110352,70000110352,2025-06-06 06:31:40 UTC,2025-06-06 06:31:40 UTC,,,2025-06-06 06:30:58 UTC
70014689232,pati pulam plots,Client visited site now our reserve 16 plots today and enquired about plots. All details sent through whats app. Client said will check and revert back,Completed,2025-06-07 11:46:00 UTC,70000110352,70000110352,70000110352,2025-06-06 11:46:34 UTC,2025-06-06 11:46:34 UTC,,,2025-06-06 11:46:19 UTC
70014691752,budget,Client need plot only at greenwood city with budget of 3500 per sqft. Current rate in gwc is 6500 per sqft plus other charges. That too now our stock is we have is only commercial plots,Completed,2025-06-08 05:57:00 UTC,70000110352,70000110352,70000110352,2025-06-07 05:57:55 UTC,2025-06-07 05:57:55 UTC,,,2025-06-07 05:57:10 UTC
70014707917,vivriti project,Again contacted with client now.. Client says he like the property but in entrance of voc streeet there is tasmac bar shop. which my family feels unsecured. Clientsaid will call you back once he get clearance from family,Completed,2025-06-10 07:38:00 UTC,70000110352,70000110352,70000110352,2025-06-09 07:40:07 UTC,2025-06-09 07:40:07 UTC,,,2025-06-09 07:38:51 UTC
70014708829,Disconnnecting,"The person you are calling is not answering tried calling and its says currently busy. 

 


",Completed,2025-06-10 08:25:00 UTC,70000110352,70000110352,70000110352,2025-06-09 08:25:51 UTC,2025-06-09 08:25:51 UTC,,,2025-06-09 08:25:22 UTC
70014709141,Not intrested,Client responded my call now. Says he is working in banglore and not intrested buying property in chennai.. ,Completed,2025-06-10 08:41:00 UTC,70000110352,70000110352,70000110352,2025-06-09 08:41:48 UTC,2025-06-09 08:41:48 UTC,,,2025-06-09 08:41:38 UTC
70014709433,Call rings and then number busy,Client responded my call now. Says he is working in banglore and not intrested buying property in chennai.. ,Completed,2025-06-10 08:58:00 UTC,70000110352,70000110352,70000110352,2025-06-09 08:59:17 UTC,2025-06-09 08:59:17 UTC,,,2025-06-09 08:58:43 UTC
70014709523,Not intrested,Client says he si searching for job. Not for any flat purchese. He says right now he is in tirupur. Need job,Completed,2025-06-10 09:03:00 UTC,70000110352,70000110352,70000110352,2025-06-09 09:04:13 UTC,2025-06-09 09:04:13 UTC,,,2025-06-09 09:04:00 UTC
70014709709,ringin no response,The person you are calling is not answering . Pls try later,Completed,2025-06-10 09:11:00 UTC,70000110352,70000110352,70000110352,2025-06-09 09:13:28 UTC,2025-06-09 09:13:28 UTC,,,2025-06-09 09:11:20 UTC
70014709778,vendor,This client is a vendor.. Dealing with it solution equipments,Completed,2025-06-10 09:16:00 UTC,70000110352,70000110352,70000110352,2025-06-09 09:17:18 UTC,2025-06-09 09:17:18 UTC,,,2025-06-09 09:16:51 UTC
70014713893,follow up,,Overdue,2025-06-13 05:30:00 UTC,70000110350,70000110350,70000110350,2025-06-10 05:30:24 UTC,2025-06-10 05:30:24 UTC,,,
70014713912,vendor,Client is a vendor and wanted to supply material in construction. Advice them to contact land line,Completed,2025-06-11 05:33:00 UTC,70000110352,70000110352,70000110352,2025-06-10 05:34:39 UTC,2025-06-10 05:34:39 UTC,,,2025-06-10 05:34:37 UTC
70014713961,follow up for site visit ,,Overdue,2025-06-27 06:00:00 UTC,70000089514,70000089514,70000089514,2025-06-10 05:44:34 UTC,2025-06-10 05:44:34 UTC,Interested,,
70014713968,Very busy,The number you have dialed is currently busy. tried calling so many times,Completed,2025-06-11 05:45:00 UTC,70000110352,70000110352,70000110352,2025-06-10 05:45:53 UTC,2025-06-10 05:45:53 UTC,,,2025-06-10 05:45:36 UTC
70014714200,looking for job,The number you have dialed is currently busy. tried calling so many times,Completed,2025-06-11 06:19:00 UTC,70000110352,70000110352,70000110352,2025-06-10 06:20:10 UTC,2025-06-10 06:20:10 UTC,,,2025-06-10 06:19:52 UTC
70014723527,follow updone by malathy,This lead already followed by malathy,Completed,2025-06-12 06:27:00 UTC,70000110352,70000110352,70000110352,2025-06-11 06:28:27 UTC,2025-06-11 06:28:27 UTC,,,2025-06-11 06:27:43 UTC
70014736543,Vendor,This client is a vendor  dealing with didgital items,Completed,2025-06-13 11:30:00 UTC,70000110352,70000110352,70000110352,2025-06-12 11:30:19 UTC,2025-06-12 11:30:19 UTC,,,2025-06-12 11:30:11 UTC
70014736562,budget,Client enquired north town project ekanta. with budget of 30 lakhs. Our price starts from 41 lakhs onwards,Completed,2025-06-13 11:32:00 UTC,70000110352,70000110352,70000110352,2025-06-12 11:33:09 UTC,2025-06-12 11:33:09 UTC,,,2025-06-12 11:32:59 UTC
70014739316,plots,Client shown intrest in patipulam plots. all details sent through whats app. Client said will call you when we are going to visit site.all details sent through whats app,Completed,2025-06-14 06:35:00 UTC,70000110352,70000110352,70000110352,2025-06-13 06:39:49 UTC,2025-06-13 06:39:49 UTC,,,2025-06-13 06:35:40 UTC
70014739441,vendor,This client is a vendor… Wanted to connect digital person for it solution . Adviced her to contact land line,Completed,2025-06-14 06:43:00 UTC,70000110352,70000110352,70000110352,2025-06-13 06:43:58 UTC,2025-06-13 06:43:58 UTC,,,2025-06-13 06:43:49 UTC
70014743487,budget,Client looking property at adyar and mylapore with budget up to 2 crores only. next to his work place. As of now we are not having any property in that area and budget,Completed,2025-06-14 10:01:00 UTC,70000110352,70000110352,70000110352,2025-06-13 10:01:23 UTC,2025-06-13 10:01:23 UTC,,,2025-06-13 10:01:07 UTC
70014749292,Rental,Client looking for 1 bhk flat on rent only.,Completed,2025-06-15 07:44:00 UTC,70000110352,70000110352,70000110352,2025-06-14 07:45:22 UTC,2025-06-14 07:45:22 UTC,,,2025-06-14 07:45:08 UTC
70014751052,rental,Client looking For three bhk flat on rent near thirvanmiyur or mylapore area,Completed,2025-06-15 09:12:00 UTC,70000110352,70000110352,70000110352,2025-06-14 09:12:55 UTC,2025-06-14 09:12:55 UTC,,,2025-06-14 09:12:42 UTC
70014751317,not available,This number is from west bengal and says the number you are trying to reach is not available. ,Completed,2025-06-15 09:22:00 UTC,70000110352,70000110352,70000110352,2025-06-14 09:26:29 UTC,2025-06-14 09:26:29 UTC,,,2025-06-14 09:22:18 UTC
70014762807,budget,Client loooking apartment in thirvanmiyur area only wanted two bhk flat with budget of 2 crores only,Completed,2025-06-17 06:04:00 UTC,70000110352,70000110352,70000110352,2025-06-16 06:05:22 UTC,2025-06-16 06:05:22 UTC,,,2025-06-16 06:04:51 UTC
70014762854,not intrested,Discussed with client now. HE says he si not looking for any property right now and then cuts the call,Completed,2025-06-17 06:16:00 UTC,70000110352,70000110352,70000110352,2025-06-16 06:16:59 UTC,2025-06-16 06:16:59 UTC,,,2025-06-16 06:16:20 UTC
70014763319,will call back later,Client send me an sms to me that i am in a meeting will call back later…after calling him after so many times,Completed,2025-06-17 06:45:00 UTC,70000110352,70000110352,70000110352,2025-06-16 06:45:45 UTC,2025-06-16 06:45:45 UTC,,,2025-06-16 06:45:10 UTC
70014773222,budget,Client enquired about reserve 16 plots. All deatails explained to him. Client says his budget is 2000 sqft all inclusive. And our basic Starts from 2800 per sqft basic and other charges,Completed,2025-06-18 05:47:00 UTC,70000110352,70000110352,70000110352,2025-06-17 05:48:16 UTC,2025-06-17 05:48:16 UTC,,,2025-06-17 05:47:56 UTC
70014773256,student,This client sister is studying medical course. wanted to search in arihant majestic tower is there any medical dr isthere …they are issuing liecience for dr,Completed,2025-06-18 05:54:00 UTC,70000110352,70000110352,70000110352,2025-06-17 05:54:26 UTC,2025-06-17 05:54:26 UTC,,,2025-06-17 05:54:04 UTC
70014781772,flowersroad new project,Discussed with client. Intrested in flowers road new project.. Client expectation is that he wants to stay into the society of above 60 flats. Tried convince him . Client says size is perfect . Anway will discuus in family and revert back to you,Completed,2025-06-19 05:55:00 UTC,70000110352,70000110352,70000110352,2025-06-18 05:55:47 UTC,2025-06-18 05:55:47 UTC,,,2025-06-18 05:55:02 UTC
70014781809,foillow up,This  client is a friend of rajesh ji  and both existing client of ariihant. both says they are looking project of above 60 flats what rajesh ji says according to that they will decide,Completed,2025-06-19 06:01:00 UTC,70000110352,70000110352,70000110352,2025-06-18 06:01:43 UTC,2025-06-18 06:01:43 UTC,,,2025-06-18 06:01:30 UTC
70014782583,Vendor,"This client is a vendor….end of the day while driving she called for buisnesnees purpose advice her to call me later .
",Completed,2025-06-19 06:55:00 UTC,70000110352,70000110352,70000110352,2025-06-18 06:55:51 UTC,2025-06-18 06:55:51 UTC,,,2025-06-18 06:55:27 UTC
70014782823,complition certificate of arihant amara,Client is buying resale flat in amara project at ponamalle high road . She require complition certificate from us. Advice her to write an email in info@arihants.co.in,Completed,2025-06-19 07:03:00 UTC,70000110352,70000110352,70000110352,2025-06-18 07:04:58 UTC,2025-06-18 07:04:58 UTC,,,2025-06-18 07:03:55 UTC
70014790079,rental,This client looking flat at siruseri on rental wanted two bhk flat ,Completed,2025-06-20 06:07:00 UTC,70000110352,70000110352,70000110352,2025-06-19 06:07:17 UTC,2025-06-19 06:07:17 UTC,,,2025-06-19 06:07:05 UTC
70014794744,wanted flat near ssn college,Client says we are coming near ssn college omr. Tried to convince them . They are looking at that area only,Completed,2025-06-20 09:39:00 UTC,70000110352,70000110352,70000110352,2025-06-19 09:39:57 UTC,2025-06-19 09:39:57 UTC,,,2025-06-19 09:39:33 UTC
70014794910,I.t. dealing,This client is a vendor… dealing with i.t. materials.. Wanted to do buisness. Advice mr simbhu to follow,Completed,2025-06-20 09:46:00 UTC,70000110352,70000110352,70000110352,2025-06-19 09:47:08 UTC,2025-06-19 09:47:08 UTC,,,2025-06-19 09:46:36 UTC
70014798871,i.t. solution,This client is a vendor… dealing with i.t. materials.. Wanted to do buisness. Advice mr simbhu to follow,Completed,2025-06-21 05:21:00 UTC,70000110352,70000110352,70000110352,2025-06-20 05:22:08 UTC,2025-06-20 05:22:08 UTC,,,2025-06-20 05:21:45 UTC
70014798907,vendor schindlier lift,This client is a vendor.. Dealing with schindlier liftd wanted buisness dealing from arihant,Completed,2025-06-21 05:27:00 UTC,70000110352,70000110352,70000110352,2025-06-20 05:29:12 UTC,2025-06-20 05:29:12 UTC,,,2025-06-20 05:27:39 UTC
70014800299,vendor,This client is a vendor dealing with solar lights .Advice him to contact purchase department arihant,Completed,2025-06-21 07:03:00 UTC,70000110352,70000110352,70000110352,2025-06-20 07:04:01 UTC,2025-06-20 07:04:01 UTC,,,2025-06-20 07:03:24 UTC
70014800965,ngo. Orphonage,This client is runnning an ngo.. wanted sponsership for school children,Completed,2025-06-21 07:34:00 UTC,70000110352,70000110352,70000110352,2025-06-20 07:35:50 UTC,2025-06-20 07:35:50 UTC,,,2025-06-20 07:34:35 UTC
70014807761,plots,Client visited site now in morning. Explained all details through whats app. Client liked the place and said will discuss with family members and then revert back. Client also said no body is there in site ,Completed,2025-06-22 05:52:00 UTC,70000110352,70000110352,70000110352,2025-06-21 05:53:51 UTC,2025-06-21 05:53:51 UTC,,,2025-06-21 05:52:21 UTC
70014807786,Vendor,This clietn is dealing with i.t. solution wanted to do buisness with arihant,Completed,2025-06-22 05:57:00 UTC,70000110352,70000110352,70000110352,2025-06-21 05:57:50 UTC,2025-06-21 05:57:50 UTC,,,2025-06-21 05:57:22 UTC
70014812906,plots,Client was on the way to cheyiur taluk. He has seen our hording and enquiered about our project at patipulam reserve 16. All details sent through whats app. Client said will check and revert back if needed,Completed,2025-06-22 10:38:00 UTC,70000110352,70000110352,70000110352,2025-06-21 10:38:51 UTC,2025-06-21 10:38:51 UTC,,,2025-06-21 10:38:34 UTC
70014812937,not intrested,client says not intrested in buying any property right now..as discussed over phone,Completed,2025-06-22 10:43:00 UTC,70000110352,70000110352,70000110352,2025-06-21 10:43:56 UTC,2025-06-21 10:43:56 UTC,,,2025-06-21 10:43:40 UTC
70014822523,patipulam plots,Tried calling him since yesterday afternoon. Client is not answering my call.Today now called him again. Client says he has visited site yesterday while on the way to maya jal. All details sent through whats app. Client says he will discuss with his family and revert back,Completed,2025-06-24 05:44:00 UTC,70000110352,70000110352,70000110352,2025-06-23 05:50:55 UTC,2025-06-23 05:50:55 UTC,,,2025-06-23 05:44:57 UTC
70014822609,follow up ,,Overdue,2025-06-27 06:04:00 UTC,70000110350,70000110350,70000110350,2025-06-23 06:04:48 UTC,2025-06-23 06:04:48 UTC,,,
70014822699,patipulam plots,Tried calling him since yesterday afternoon. Client is not answering my call.Today now called him again. Client says he has visited site yesterday while on the way to maya jal. All details sent through whats app. Client says he will discuss with his family and revert back,Completed,2025-06-24 06:17:00 UTC,70000110352,70000110352,70000110352,2025-06-23 06:17:54 UTC,2025-06-23 06:17:54 UTC,,,2025-06-23 06:17:37 UTC
70014824412,Vendor,This client is looking for topographical work buisness. Wanted buisness in arihant architectuaral drawing,Completed,2025-06-24 07:42:00 UTC,70000110352,70000110352,70000110352,2025-06-23 07:43:02 UTC,2025-06-23 07:43:02 UTC,,,2025-06-23 07:42:27 UTC
70014826948,malathy to follow,"This client is attended by mrs malathy



",Overdue,2025-06-24 09:42:00 UTC,70000110352,70000110352,70000110352,2025-06-23 09:43:14 UTC,2025-06-23 09:43:14 UTC,,,
70014827120,Does not exist,The dialed numbeer does not exist pls check the number you have dialed..Tried calling so many times,Completed,2025-06-24 09:50:00 UTC,70000110352,70000110352,70000110352,2025-06-23 09:50:48 UTC,2025-06-23 09:50:48 UTC,,,2025-06-23 09:50:36 UTC
70014827358,building material,Thisclient is a brick and jalli supplier.. wanted buisness from arihant,Completed,2025-06-24 10:07:00 UTC,70000110352,70000110352,70000110352,2025-06-23 10:08:24 UTC,2025-06-23 10:08:24 UTC,,,2025-06-23 10:07:59 UTC
70014831950,krsna project,Client enquired about krsna project. All details sent through whats app. Client said will try to visit site today afternoon and revert back after site visit,Completed,2025-06-25 06:07:00 UTC,70000110352,70000110352,70000110352,2025-06-24 06:08:13 UTC,2025-06-24 06:08:13 UTC,,,2025-06-24 06:07:54 UTC
70014835795,patipulam plots,Discussed with client. All details sent through whats app. Client said will check and revert. Right now he is traveling. In the month of july 1st week hew will have site visit,Completed,2025-06-25 09:27:00 UTC,70000110352,70000110352,70000110352,2025-06-24 09:27:47 UTC,2025-06-24 09:27:47 UTC,,,2025-06-24 09:27:10 UTC
70014835903,not intrested,Client listen our conversation in hindi and then cuts the call… Tried calling twice client behaves the same,Completed,2025-06-25 09:33:00 UTC,70000110352,70000110352,70000110352,2025-06-24 09:33:44 UTC,2025-06-24 09:33:44 UTC,,,2025-06-24 09:33:29 UTC
70014835996,krsna apartment wanted two bhk,Client enquired  about krsna project. Client need two bhk apartment. But our project starts from three bhk flat only,Completed,2025-06-25 09:38:00 UTC,70000110352,70000110352,70000110352,2025-06-24 09:39:24 UTC,2025-06-24 09:39:24 UTC,,,2025-06-24 09:38:51 UTC
70014839953,not intrested,"Client says no he is not looking for any property… As of now and then cuts the call


",Completed,2025-06-26 05:50:00 UTC,70000110352,70000110352,70000110352,2025-06-25 05:51:27 UTC,2025-06-25 05:51:27 UTC,,,2025-06-25 05:50:52 UTC
70014840079,2000 sqft requirement,Client was enquirying about our project. Aurela. He is looking for 2000 sqft flat. Advice him to look into arihant krishna. All detais of krshna project through wahts app. Client said will check and revert back ,Completed,2025-06-26 06:08:00 UTC,70000110352,70000110352,70000110352,2025-06-25 06:09:10 UTC,2025-06-25 06:09:10 UTC,,,2025-06-25 06:08:25 UTC
70014840334,not intrested,Client says not intrested and then cuts the call,Completed,2025-06-26 06:34:00 UTC,70000110352,70000110352,70000110352,2025-06-25 06:35:51 UTC,2025-06-25 06:35:51 UTC,,,2025-06-25 06:34:57 UTC
70014840499,budget,Client budget is up to 1 cr only looking flat near guindy only,Completed,2025-06-26 06:40:00 UTC,70000110352,70000110352,70000110352,2025-06-25 06:41:24 UTC,2025-06-25 06:41:24 UTC,,,2025-06-25 06:40:58 UTC
70014840606,line not get connected,Yor call is on hold. Pls stay on line and then cuts the call,Completed,2025-06-26 06:45:00 UTC,70000110352,70000110352,70000110352,2025-06-25 06:45:58 UTC,2025-06-25 06:45:58 UTC,,,2025-06-25 06:45:30 UTC
70014841143,Plots,client enquired about reserve 16 plots. All details sent through whats app. Client said will check and revert back if needed,Completed,2025-06-26 07:04:00 UTC,70000110352,70000110352,70000110352,2025-06-25 07:05:17 UTC,2025-06-25 07:05:17 UTC,,,2025-06-25 07:04:32 UTC
70014841455,royapetah area,this client is looking flat at royapetah area next to his work place. budget up to 2 crore only,Completed,2025-06-26 07:18:00 UTC,70000110352,70000110352,70000110352,2025-06-25 07:19:07 UTC,2025-06-25 07:19:07 UTC,,,2025-06-25 07:18:45 UTC
70014841647,call busy,The number you are calling is currently busy. Tried calling so many times,Completed,2025-06-26 07:24:00 UTC,70000110352,70000110352,70000110352,2025-06-25 07:25:32 UTC,2025-06-25 07:25:32 UTC,,,2025-06-25 07:24:37 UTC
70014841718,Vendor,This client is a vendor.. wanted buisness from arihant,Completed,2025-06-26 07:29:00 UTC,70000110352,70000110352,70000110352,2025-06-25 07:30:09 UTC,2025-06-25 07:30:09 UTC,,,2025-06-25 07:29:34 UTC
70014841818,promoter,Client called me back now. He says he himself is a promoter..says putting lay out in tiruchy,Completed,2025-06-26 07:35:00 UTC,70000110352,70000110352,70000110352,2025-06-25 07:35:25 UTC,2025-06-25 07:35:25 UTC,,,2025-06-25 07:35:09 UTC
70014841944,patipulam plots,Client visited our site in morning. Collected all details from me. And then says will check and revert back if needed,Completed,2025-06-26 07:40:00 UTC,70000110352,70000110352,70000110352,2025-06-25 07:40:41 UTC,2025-06-25 07:40:41 UTC,,,2025-06-25 07:40:15 UTC
70014844843,lost to compititor,Client has enquired about our plots reserve 16. All details forwarded through whats app. earlier. Again called to client he says our rates are very high.. and its out of budget. So they purchased plot after mahabalipuram,Completed,2025-06-26 09:50:00 UTC,70000110352,70000110352,70000110352,2025-06-25 09:51:06 UTC,2025-06-25 09:51:06 UTC,,,2025-06-25 09:50:25 UTC
70014844991,not intrested,Client responded to me after half an hour and he says he knows only hindi. And he is not intrested in any property at all. He himself work as a labour in samsung,Completed,2025-06-26 09:57:00 UTC,70000110352,70000110352,70000110352,2025-06-25 09:57:41 UTC,2025-06-25 09:57:41 UTC,,,2025-06-25 09:57:23 UTC
70014845042,not intrested,client says he is not looking for any plots nor any villas as of now and then cuts the cal,Completed,2025-06-26 10:00:00 UTC,70000110352,70000110352,70000110352,2025-06-25 10:01:02 UTC,2025-06-25 10:01:02 UTC,,,2025-06-25 10:00:39 UTC
70014845603,patipulam plots,Client shown intrest in reserve 16 plots. A;; details sent through whats app. Client says will check and revert back if needed,Completed,2025-06-26 11:07:00 UTC,70000110352,70000110352,70000110352,2025-06-25 11:08:30 UTC,2025-06-25 11:08:30 UTC,,,2025-06-25 11:07:09 UTC
70014850352,vendor,This client is a vendor.. Adviced him to call arihant landline…,Completed,2025-06-27 05:51:00 UTC,70000110352,70000110352,70000110352,2025-06-26 05:51:27 UTC,2025-06-26 05:51:27 UTC,,,2025-06-26 05:51:14 UTC
70014850457,plots,Client says he is another consultation.. Advice me to call him after 3 hours,Completed,2025-06-27 06:11:00 UTC,70000110352,70000110352,70000110352,2025-06-26 06:11:46 UTC,2025-06-26 06:11:46 UTC,,,2025-06-26 06:11:33 UTC
70014850481,plot,Discuss again with client now.. Client says there is no light in roads in night hours. ZOnce all infrastructure is over then he will decide after having site visit again,Completed,2025-06-27 06:14:00 UTC,70000110352,70000110352,70000110352,2025-06-26 06:15:16 UTC,2025-06-26 06:15:16 UTC,,,2025-06-26 06:15:02 UTC
70014850526,not answering,The person you are calling is not answering. Pls try later,Completed,2025-06-27 06:20:00 UTC,70000110352,70000110352,70000110352,2025-06-26 06:20:35 UTC,2025-06-26 06:20:35 UTC,,,2025-06-26 06:20:09 UTC
70014850676,krsna or vipaasna,Client says they have come to any conclusion  they have just noted down. Once they decide then they revert back,Completed,2025-06-27 06:32:00 UTC,70000110352,70000110352,70000110352,2025-06-26 06:32:48 UTC,2025-06-26 06:32:48 UTC,,,2025-06-26 06:32:30 UTC
70014850803,reserve 16 plot purchased,. Client has already booked a plot in reserve 16 plots last month,Completed,2025-06-27 06:37:00 UTC,70000110352,70000110352,70000110352,2025-06-26 06:37:51 UTC,2025-06-26 06:37:51 UTC,,,2025-06-26 06:37:30 UTC
70014856821,vipaasna,Client shown intrest in vipaasna  project. All details sent through whats app. Client said by this weekend will try to have site visit and then decide,Completed,2025-06-27 09:59:00 UTC,70000110352,70000110352,70000110352,2025-06-26 10:00:29 UTC,2025-06-26 10:00:29 UTC,,,2025-06-26 09:59:19 UTC
70014857653,vendor,This client is a vendor..adviced them to call land line arihant. Vendor needs buisness,Completed,2025-06-27 11:56:00 UTC,70000110352,70000110352,70000110352,2025-06-26 11:56:21 UTC,2025-06-26 11:56:21 UTC,,,2025-06-26 11:56:10 UTC
70014857668,vendor,This client is a vendor..adviced [http://vendor..adviced/] them to call land line arihant. Vendor needs buisness,Completed,2025-06-27 11:58:00 UTC,70000110352,70000110352,70000110352,2025-06-26 11:58:51 UTC,2025-06-26 11:58:51 UTC,,,2025-06-26 11:58:39 UTC
70014860441,not intrested,"Client lady talking in hindi.. Says kya and says she doesnt need anything and then cuts the call


",Completed,2025-06-28 06:37:00 UTC,70000110352,70000110352,70000110352,2025-06-27 06:38:47 UTC,2025-06-27 06:38:47 UTC,,,2025-06-27 06:37:43 UTC
70014860610,not reachable,The number you are calling is out of network coverage area.. tried calling so many times,Completed,2025-06-28 06:43:00 UTC,70000110352,70000110352,70000110352,2025-06-27 06:43:52 UTC,2025-06-27 06:43:52 UTC,,,2025-06-27 06:43:25 UTC
70014860868,patipuleam plots,Client has already visited site on 26th may 2025. today again contacted. They again feels nothing has developed.. They will decide later once it fully developed ,Completed,2025-06-28 06:53:00 UTC,70000110352,70000110352,70000110352,2025-06-27 06:53:53 UTC,2025-06-27 06:53:53 UTC,,,2025-06-27 06:53:33 UTC
70014861099,Number always busy,The number you have dialed is currently busy. Pls dial later,Completed,2025-06-28 07:01:00 UTC,70000110352,70000110352,70000110352,2025-06-27 07:02:04 UTC,2025-06-27 07:02:04 UTC,,,2025-06-27 07:01:42 UTC
70014861352,patipulam plots,Client has already visited site in evening.. But it was too dark so unable to see any thing. Again discussed today with client. Client said pls resend it will check and revert,Completed,2025-06-28 07:10:00 UTC,70000110352,70000110352,70000110352,2025-06-27 07:11:48 UTC,2025-06-27 07:11:48 UTC,,,2025-06-27 07:10:54 UTC
70014861487,No broker team,This client is from no broker team..want buisness from arihant,Completed,2025-06-28 07:16:00 UTC,70000110352,70000110352,70000110352,2025-06-27 07:17:17 UTC,2025-06-27 07:17:17 UTC,,,2025-06-27 07:16:59 UTC
70014861617,not intrested,Client says he is looking flat on rent becaus he is working in stanly hospital. Client is not looking for plots ,Completed,2025-06-28 07:21:00 UTC,70000110352,70000110352,70000110352,2025-06-27 07:21:58 UTC,2025-06-27 07:21:58 UTC,,,2025-06-27 07:21:35 UTC
70014861864,plan dropped,Client says as of now he has dropped the plan.. Because he needs to seel his existing property and then buy this one. once it gets cleared will let you know,Completed,2025-06-28 07:32:00 UTC,70000110352,70000110352,70000110352,2025-06-27 07:33:15 UTC,2025-06-27 07:33:15 UTC,,,2025-06-27 07:32:57 UTC
70014863921,wanted 4 bhk flat,Client looking for 4 bhk apartment in vaniya vilas project. Unfortunately 4 bhk flat is completely sold. Infact client is an south indian. and our project is meant only for pur vegiterian,Completed,2025-06-28 09:03:00 UTC,70000110352,70000110352,70000110352,2025-06-27 09:03:33 UTC,2025-06-27 09:03:33 UTC,,,2025-06-27 09:03:11 UTC
70014864038,not intrested,Client says he is not looking any plots nor any apartment.. says thank you and then cuts the call,Completed,2025-06-28 09:08:00 UTC,70000110352,70000110352,70000110352,2025-06-27 09:08:28 UTC,2025-06-27 09:08:28 UTC,,,2025-06-27 09:08:12 UTC
70014864701,disconnecting my calls,17th may client enquired about reserve 16 project. All details explained it client says will get back and revert if needed after the site inspection. Now client is not responding my calls and disconnecting my call. right now,Completed,2025-06-28 09:35:00 UTC,70000110352,70000110352,70000110352,2025-06-27 09:36:50 UTC,2025-06-27 09:36:50 UTC,,,2025-06-27 09:35:56 UTC
70014865298,out of coverage area,"he number you have dialed is out of coverage area. Tried calling so many times



",Completed,2025-06-28 10:06:00 UTC,70000110352,70000110352,70000110352,2025-06-27 10:06:57 UTC,2025-06-27 10:06:57 UTC,,,2025-06-27 10:06:25 UTC
70014865419,no repsonse,The person you are calling is not answering pls try later. Tried calling so many times,Completed,2025-06-28 10:24:00 UTC,70000110352,70000110352,70000110352,2025-06-27 10:24:46 UTC,2025-06-27 10:24:46 UTC,,,2025-06-27 10:24:30 UTC
70014865436,not intrested,Client says he is not intrested in buying any property right now due to personal reasons ,Completed,2025-06-28 10:28:00 UTC,70000110352,70000110352,70000110352,2025-06-27 10:28:25 UTC,2025-06-27 10:28:25 UTC,,,2025-06-27 10:28:05 UTC
70014865483,Re sale flat,Client budget is up to 50 lakhs only wanted re sale flat 1 bhk flat in tiruvanmiyur,Completed,2025-06-28 10:33:00 UTC,70000110352,70000110352,70000110352,2025-06-27 10:33:39 UTC,2025-06-27 10:33:39 UTC,,,2025-06-27 10:33:14 UTC
70014865541,voice mail,The person you are calling is not available. Pls drop your message… All details sent through voice mail,Completed,2025-06-28 10:42:00 UTC,70000110352,70000110352,70000110352,2025-06-27 10:42:18 UTC,2025-06-27 10:42:18 UTC,,,2025-06-27 10:42:05 UTC
70014865568,out of service,The number you are calling is temporarily out of service . Tried calling so many times,Completed,2025-06-28 10:45:00 UTC,70000110352,70000110352,70000110352,2025-06-27 10:45:23 UTC,2025-06-27 10:45:23 UTC,,,2025-06-27 10:45:08 UTC
70014865621,not intrested,Client says they are not looking for plots and then cuts the call,Completed,2025-06-28 10:52:00 UTC,70000110352,70000110352,70000110352,2025-06-27 10:53:26 UTC,2025-06-27 10:53:26 UTC,,,2025-06-27 10:52:57 UTC
70014885520,not intrested,Client says he si not looking any flat nor any property as of now,Completed,2025-07-01 07:40:00 UTC,70000110352,70000110352,70000110352,2025-06-30 07:40:46 UTC,2025-06-30 07:40:46 UTC,,,2025-06-30 07:40:32 UTC
70014885851,viviriti,Client shown intrest in vivriti project. He is looking for for his daughtrer. By this week end he is visting to his relative in omr . By that time he will visit site,Completed,2025-07-01 07:54:00 UTC,70000110352,70000110352,70000110352,2025-06-30 07:54:42 UTC,2025-06-30 07:54:42 UTC,,,2025-06-30 07:54:29 UTC
70014889048,rnr,The person you are calling is not answering tried calling so many times,Completed,2025-07-01 09:56:00 UTC,70000110352,70000110352,70000110352,2025-06-30 09:57:25 UTC,2025-06-30 09:57:25 UTC,,,2025-06-30 09:57:00 UTC
70014893936,number does not exist,Dialed number does not exist. Pls check the number.. Tried calling so many times,Completed,2025-07-02 05:59:00 UTC,70000110352,70000110352,70000110352,2025-07-01 06:00:11 UTC,2025-07-01 06:00:11 UTC,,,2025-07-01 05:59:51 UTC
70014894246,vendor,This client is a vendor.. from kolkotta. wanted buisness from arihant,Completed,2025-07-02 06:35:00 UTC,70000110352,70000110352,70000110352,2025-07-01 06:35:44 UTC,2025-07-01 06:35:44 UTC,,,2025-07-01 06:35:21 UTC
70014894464,patipulam plot,Client says his friends was enquiring reserve 16 plots. Explained all details to him over phone. Client says will discuss with his friend and revert back if needed,Completed,2025-07-02 06:42:00 UTC,70000110352,70000110352,70000110352,2025-07-01 06:42:58 UTC,2025-07-01 06:42:58 UTC,,,2025-07-01 06:42:34 UTC
70014903951,voice mail,Your call has been forwarded to voice mail. The person you are calling is not answering. tried calling so many times,Completed,2025-07-03 06:58:00 UTC,70000110352,70000110352,70000110352,2025-07-02 06:58:28 UTC,2025-07-02 06:58:28 UTC,,,2025-07-02 06:58:10 UTC
70014908601,for development of hiss property,This client wanted to developed his property. In conversation he ask about our viviriti project and then he says about his property for development,Completed,2025-07-03 09:48:00 UTC,70000110352,70000110352,70000110352,2025-07-02 09:49:07 UTC,2025-07-02 09:49:07 UTC,,,2025-07-02 09:49:03 UTC
70014908885,very busy,This number is from hubei. The number you have dialed is busy. (talking in chinease language),Completed,2025-07-03 09:58:00 UTC,70000110352,70000110352,70000110352,2025-07-02 09:59:07 UTC,2025-07-02 09:59:07 UTC,,,2025-07-02 09:58:23 UTC
70014913062,not answering,This number is from united kingdom.. Tried calling so many times. The person you are calling is not answering..All details sent through whats app. Expecting client to respond,Completed,2025-07-04 06:35:00 UTC,70000110352,70000110352,70000110352,2025-07-03 06:35:46 UTC,2025-07-03 06:35:46 UTC,,,2025-07-03 06:35:29 UTC
70014922164,Very busy,Client says he is in a meeting (but back ground ) vehicle sound is coming. And also said will call back to me once he is free ,Completed,2025-07-05 06:36:00 UTC,70000110352,70000110352,70000110352,2025-07-04 06:37:43 UTC,2025-07-04 06:37:43 UTC,,,2025-07-04 06:36:56 UTC
70014922296,rental,Client looking for one bhk rent in arihant villaya….banglore,Completed,2025-07-05 06:40:00 UTC,70000110352,70000110352,70000110352,2025-07-04 06:40:55 UTC,2025-07-04 06:40:55 UTC,,,2025-07-04 06:40:36 UTC
70014922481,budget,This client was enquiring about vanya vilas project unfortunately completely sold out . space requirement up to 2500 sqft. with budget up to 4 cr. Unfortunately that budget of flat is not available in kilpauk area,Completed,2025-07-05 06:48:00 UTC,70000110352,70000110352,70000110352,2025-07-04 06:49:29 UTC,2025-07-04 06:49:29 UTC,,,2025-07-04 06:48:20 UTC
70014922705,Not reachable,The dialed number does not exist. Pls check the number you have dialed.. Tried calling so many times. Answer remains the same,Completed,2025-07-05 06:55:00 UTC,70000110352,70000110352,70000110352,2025-07-04 06:56:05 UTC,2025-07-04 06:56:05 UTC,,,2025-07-04 06:55:48 UTC
70014926732,disconnecting,This client is disconnecting my calls. Tried calling so many times..will again call after some time,Completed,2025-07-05 09:50:00 UTC,70000110352,70000110352,70000110352,2025-07-04 09:51:35 UTC,2025-07-04 09:51:35 UTC,,,2025-07-04 09:50:52 UTC
70014957486,Patipulam plots,Yesterday evening client visited the site and like the place. i have visited client house today. personally to explain the whole site. Client shown intrest in few plots. Clost sheet forwarded to him in whats app. Client said will revert back to me after three days,Completed,2025-07-06 09:58:00 UTC,70000110352,70000110352,70000110352,2025-07-05 09:59:09 UTC,2025-07-05 09:59:09 UTC,,,2025-07-05 09:58:50 UTC
70015028992,Testing calls,Testing call done by roshni. was checking call ringing,Completed,2025-07-08 06:14:00 UTC,70000110352,70000110352,70000110352,2025-07-07 06:14:58 UTC,2025-07-07 06:14:58 UTC,,,2025-07-07 06:14:35 UTC
70015030109,vipaasna,Client enquired about vipaasna project. Last sunday has seen the apartment. Client said today evening will revert back after having discussed with parents,Completed,2025-07-08 07:04:00 UTC,70000110352,70000110352,70000110352,2025-07-07 07:04:45 UTC,2025-07-07 07:04:45 UTC,,,2025-07-07 07:04:19 UTC
70015030228,calldisconnecting,The number you have dialed is disconnecting my call. Tried calling so many times.. Will again try after some time,Completed,2025-07-08 07:09:00 UTC,70000110352,70000110352,70000110352,2025-07-07 07:09:28 UTC,2025-07-07 07:09:28 UTC,,,2025-07-07 07:09:11 UTC
70015031293,vendor,This client is a vendor.. Looking for buisness from arihant,Completed,2025-07-08 07:46:00 UTC,70000110352,70000110352,70000110352,2025-07-07 07:47:28 UTC,2025-07-07 07:47:28 UTC,,,2025-07-07 07:46:23 UTC
70015031442,Interior designer,This client is a vendor dealing with architect designing job( interior and exterior). wanted buisness from arihant,Completed,2025-07-08 07:52:00 UTC,70000110352,70000110352,70000110352,2025-07-07 07:53:18 UTC,2025-07-07 07:53:18 UTC,,,2025-07-07 07:52:57 UTC
70015033780,plots,Client enquired about patipulam plots.. over phone. All details sent through whats app. Client said will revert back before this week end,Completed,2025-07-08 09:17:00 UTC,70000110352,70000110352,70000110352,2025-07-07 09:18:13 UTC,2025-07-07 09:18:13 UTC,,,2025-07-07 09:17:34 UTC
70015037044,rnr,The person you are calling is not answering.. Pls try later,Completed,2025-07-08 10:12:00 UTC,70000110352,70000110352,70000110352,2025-07-07 10:14:06 UTC,2025-07-07 10:14:06 UTC,,,2025-07-07 10:12:22 UTC
70015038430,not reachable,The number you are calling either switch off or not reachable the moment.. Tried calling so many times,Completed,2025-07-08 10:27:00 UTC,70000110352,70000110352,70000110352,2025-07-07 10:28:15 UTC,2025-07-07 10:28:15 UTC,,,2025-07-07 10:27:53 UTC
70015039010,not intrested,Client called me and  now . First of he is from not this state and says he is not intrested in buying any property in chennai,Completed,2025-07-08 10:31:00 UTC,70000110352,70000110352,70000110352,2025-07-07 10:32:24 UTC,2025-07-07 10:32:24 UTC,,,2025-07-07 10:31:58 UTC
70015040669,wanted property at annanagar,Client looking property at annanagar near his sons school at 2nd avenue budget up to 4cr wanted 4 bhk apartment,Completed,2025-07-08 10:54:00 UTC,70000110352,70000110352,70000110352,2025-07-07 10:55:38 UTC,2025-07-07 10:55:38 UTC,,,2025-07-07 10:55:01 UTC
70015051539,does not exist,The dialed number does not exist.. pls check the number you have dialed. ,Completed,2025-07-09 05:58:00 UTC,70000110352,70000110352,70000110352,2025-07-08 05:59:30 UTC,2025-07-08 05:59:30 UTC,,,2025-07-08 05:58:45 UTC
70015101917,vendor,this client is a vendor dealing with software materials .. Wanted buisness from arihant,Completed,2025-07-10 06:27:00 UTC,70000110352,70000110352,70000110352,2025-07-09 06:27:47 UTC,2025-07-09 06:27:47 UTC,,,2025-07-09 06:27:31 UTC
70015102025,not intrested,Client says he is not looking any property right now…and says he is busy do not disturb,Completed,2025-07-10 06:34:00 UTC,70000110352,70000110352,70000110352,2025-07-09 06:34:59 UTC,2025-07-09 06:34:59 UTC,,,2025-07-09 06:34:33 UTC
70015102630,budget,After seeing our hoardings.. Client enquired about our property . Explain in detail about our project. Client feels its far away from main road. client budget is only up to 20 lakhs only,Completed,2025-07-10 06:59:00 UTC,70000110352,70000110352,70000110352,2025-07-09 07:00:12 UTC,2025-07-09 07:00:12 UTC,,,2025-07-09 06:59:45 UTC
70015103367,Client wanted to redevelop his property,"This lead is maintain by sales team
",Completed,2025-07-10 07:26:00 UTC,70000110352,70000110352,70000110352,2025-07-09 07:27:49 UTC,2025-07-09 07:27:49 UTC,,,2025-07-09 07:26:36 UTC
70015103475,naren handling it,This lead is handle by mr naren from sales team..client wanted to re delvlop his propert,Completed,2025-07-10 07:31:00 UTC,70000110352,70000110352,70000110352,2025-07-09 07:32:45 UTC,2025-07-09 07:32:45 UTC,,,2025-07-09 07:31:50 UTC
70015106689,not answering,The person you are calling is not answering tried calling so many times,Completed,2025-07-10 10:09:00 UTC,70000110352,70000110352,70000110352,2025-07-09 10:10:07 UTC,2025-07-09 10:10:07 UTC,,,2025-07-09 10:09:14 UTC
70015106730,ringing no response from client,The person you are calling is not answering. Pls try after some time,Completed,2025-07-10 10:14:00 UTC,70000110352,70000110352,70000110352,2025-07-09 10:15:02 UTC,2025-07-09 10:15:02 UTC,,,2025-07-09 10:14:25 UTC
70015106770,buget  up to 1.2 cr arihant milange,Client enquired about milane project. All details sent through whats app. Client says his budget is up to 1.2 cr only,Completed,2025-07-10 10:18:00 UTC,70000110352,70000110352,70000110352,2025-07-09 10:19:26 UTC,2025-07-09 10:19:26 UTC,,,2025-07-09 10:18:23 UTC
70015106803,not intrested,client says he is not looking for any plots nor any apartment right now,Completed,2025-07-10 10:23:00 UTC,70000110352,70000110352,70000110352,2025-07-09 10:23:41 UTC,2025-07-09 10:23:41 UTC,,,2025-07-09 10:23:22 UTC
70015106911,ringing no response,The person you are calling is not answering.. Tried calling so many times,Completed,2025-07-10 10:35:00 UTC,70000110352,70000110352,70000110352,2025-07-09 10:36:11 UTC,2025-07-09 10:36:11 UTC,,,2025-07-09 10:35:52 UTC
70015106933,vendor,This client is a vendor.. Wanted buisness from arihant,Completed,2025-07-10 10:38:00 UTC,70000110352,70000110352,70000110352,2025-07-09 10:38:17 UTC,2025-07-09 10:38:17 UTC,,,2025-07-09 10:38:03 UTC
70015106953,vendor,This client is a vendor.. Wanted buisness from arihant.. Dealing with software tools,Completed,2025-07-10 10:40:00 UTC,70000110352,70000110352,70000110352,2025-07-09 10:41:13 UTC,2025-07-09 10:41:13 UTC,,,2025-07-09 10:41:00 UTC
70015107250,patipulam plots,Client says he is not so serious in buying plots right now .. just wanted to know the pricing will let you know once decided,Completed,2025-07-10 11:15:00 UTC,70000110352,70000110352,70000110352,2025-07-09 11:16:18 UTC,2025-07-09 11:16:18 UTC,,,2025-07-09 11:16:00 UTC
70015107295,not intrested,This client is from sivakasi.. he says why should i buy in chennai as i am staying in sivakasi. he says not intrested,Completed,2025-07-10 11:21:00 UTC,70000110352,70000110352,70000110352,2025-07-09 11:21:32 UTC,2025-07-09 11:21:32 UTC,,,2025-07-09 11:21:18 UTC
70015107512,vendor,This client is a vendor… wanted buisness from arihant,Completed,2025-07-10 11:48:00 UTC,70000110352,70000110352,70000110352,2025-07-09 11:49:11 UTC,2025-07-09 11:49:11 UTC,,,2025-07-09 11:48:58 UTC
70015110367,Shown intrest in patipulam plots,Client looking for investment..has visited site last evening…as per telephone conversation all details sent through whats app. Client said will discuss with family and then revert with in a week,Completed,2025-07-11 06:25:00 UTC,70000110352,70000110352,70000110352,2025-07-10 06:26:47 UTC,2025-07-10 06:26:47 UTC,,,2025-07-10 06:25:43 UTC
70015119923,Not intrested,"Client says no ….he is not looking any property at all he is working as security gaurd on contract basis so he cannot afford to buy any property

",Completed,2025-07-12 06:10:00 UTC,70000110352,70000110352,70000110352,2025-07-11 06:10:31 UTC,2025-07-11 06:10:31 UTC,,,2025-07-11 06:10:16 UTC
70015119955,Collecting information,It seems this client from other company who duty is to just collect data of all builders. Again tried to connect line doesnt get connnected,Completed,2025-07-12 06:14:00 UTC,70000110352,70000110352,70000110352,2025-07-11 06:15:17 UTC,2025-07-11 06:15:17 UTC,,,2025-07-11 06:14:42 UTC
70015119973,information collecting,Line gets disconnected it seems to be from information gathering team,Completed,2025-07-12 06:18:00 UTC,70000110352,70000110352,70000110352,2025-07-11 06:18:50 UTC,2025-07-11 06:18:50 UTC,,,2025-07-11 06:18:31 UTC
70015120049,line not getting connnected,Line not getting connected.. tried calling so many times.. All details sent through whats app..,Completed,2025-07-12 06:30:00 UTC,70000110352,70000110352,70000110352,2025-07-11 06:30:57 UTC,2025-07-11 06:30:57 UTC,,,2025-07-11 06:30:14 UTC
70015121634,budget,Champalal visited site now… Called me and asked for details. All details sent through whats app. Champalal. says will let you know because he feels price beyond his budget…. His budget is up to 30 lakhs only,Completed,2025-07-12 07:43:00 UTC,70000110352,70000110352,70000110352,2025-07-11 07:43:53 UTC,2025-07-11 07:43:53 UTC,,,2025-07-11 07:43:41 UTC
70015148474,patipulam plots,Client earlier went up to site. he felt still roads are not ready so thry returned back. Again they enquired .All details sent through whats app. Client said will again have site visit after three days and then decide ,Completed,2025-07-15 10:56:00 UTC,70000110352,70000110352,70000110352,2025-07-14 10:56:51 UTC,2025-07-14 10:56:51 UTC,,,2025-07-14 10:56:26 UTC
70015148572,Site visited,Client enquired about reserve 16 project. Client said he will visit site in evening. Client wanted to see the plot thorrowly marked and also wanted to see infrastructure marked properly so that they can understand the actual plot how is coming. Once everything gets over then only they will decide,Completed,2025-07-15 11:08:00 UTC,70000110352,70000110352,70000110352,2025-07-14 11:09:35 UTC,2025-07-14 11:09:35 UTC,,,2025-07-14 11:08:42 UTC
70015151652,milange,Client enquired about milange project.. All details forwarded through whats app.. Client said will check and revert back,Completed,2025-07-16 05:43:00 UTC,70000110352,70000110352,70000110352,2025-07-15 05:48:16 UTC,2025-07-15 05:48:16 UTC,,,2025-07-15 05:43:04 UTC
70015151688,channel patner,This client is a channel partner. his client need flat in r.a puram,Completed,2025-07-16 05:56:00 UTC,70000110352,70000110352,70000110352,2025-07-15 05:56:45 UTC,2025-07-15 05:56:45 UTC,,,2025-07-15 05:56:28 UTC
70015161070,Channel partner,This client is a broker wanted to sell property at irrunkatkotai sriperambudur,Completed,2025-07-17 05:25:00 UTC,70000110352,70000110352,70000110352,2025-07-16 05:25:28 UTC,2025-07-16 05:25:28 UTC,,,2025-07-16 05:25:07 UTC
70015161260,rnr,Tried calling so many times client is not answering… All detail sent through whats app.. and also will call again some time later after lunch,Completed,2025-07-17 06:09:00 UTC,70000110352,70000110352,70000110352,2025-07-16 06:09:27 UTC,2025-07-16 06:09:27 UTC,,,2025-07-16 06:09:13 UTC
70015161306,Budget,Client looking property near airport guindy. Explained detail about our project at sree nagar colony. Client says its out of his budget..and also explained about arihant viviriti . Client says its too far away,Completed,2025-07-17 06:15:00 UTC,70000110352,70000110352,70000110352,2025-07-16 06:15:54 UTC,2025-07-16 06:15:54 UTC,,,2025-07-16 06:15:40 UTC
70015161340,vendor,This client is hariharan plumbing consultant vendor wanted buisness,Completed,2025-07-17 06:19:00 UTC,70000110352,70000110352,70000110352,2025-07-16 06:19:55 UTC,2025-07-16 06:19:55 UTC,,,2025-07-16 06:19:37 UTC
70015161373,Ringing no response,The person you are calling is not answering . Pls try after some time,Completed,2025-07-17 06:24:00 UTC,70000110352,70000110352,70000110352,2025-07-16 06:24:56 UTC,2025-07-16 06:24:56 UTC,,,2025-07-16 06:24:11 UTC
70015161452,Ringing no response,Since last thursday i am calling to this lead is not responsing the person you are calling is not answering,Completed,2025-07-17 06:31:00 UTC,70000110352,70000110352,70000110352,2025-07-16 06:32:23 UTC,2025-07-16 06:32:23 UTC,,,2025-07-16 06:31:47 UTC
70015169221,general enquiry,Discussed with client. over phone shown intrest in patipulam plots reserve 16. All details explained and forwarded in whatts app. Client said will check and revert back if needed,Completed,2025-07-18 05:25:00 UTC,70000110352,70000110352,70000110352,2025-07-17 05:26:11 UTC,2025-07-17 05:26:11 UTC,,,2025-07-17 05:25:08 UTC
70015169301,already purchased,Again discuss with client now. Client said they have purchased a plot in kovalam.. as she already said earlier that clunb house is a  neusense to them so that reason they have purchased in kovalam bech side,Completed,2025-07-18 05:45:00 UTC,70000110352,70000110352,70000110352,2025-07-17 05:45:46 UTC,2025-07-17 05:45:46 UTC,,,2025-07-17 05:45:29 UTC
70015169344,Patipulam plots,The number you have is currently busy..pls try after some time,Completed,2025-07-18 05:51:00 UTC,70000110352,70000110352,70000110352,2025-07-17 05:52:28 UTC,2025-07-17 05:52:28 UTC,,,2025-07-17 05:51:47 UTC
70015169415,Vendor,This client is a vendor wanted buisness from arihant. Advice her to contact land line,Completed,2025-07-18 06:03:00 UTC,70000110352,70000110352,70000110352,2025-07-17 06:04:06 UTC,2025-07-17 06:04:06 UTC,,,2025-07-17 06:03:51 UTC
70015169426,Vendor,This client is a vendor.. dealing with glass wanted buisness with client,Completed,2025-07-18 06:06:00 UTC,70000110352,70000110352,70000110352,2025-07-17 06:06:15 UTC,2025-07-17 06:06:15 UTC,,,2025-07-17 06:06:03 UTC
70015169506,Vendor,Client says she is not looking for any plots or villas. Infact she needs buisness from us dealing with brick jelly buisness,Completed,2025-07-18 06:18:00 UTC,70000110352,70000110352,70000110352,2025-07-17 06:18:48 UTC,2025-07-17 06:18:48 UTC,,,2025-07-17 06:18:34 UTC
70015169536,Not intrested,This client is not looking for any plots nor any apartment .. Client says infuture if he needs it he wii call us,Completed,2025-07-18 06:23:00 UTC,70000110352,70000110352,70000110352,2025-07-17 06:23:55 UTC,2025-07-17 06:23:55 UTC,,,2025-07-17 06:23:12 UTC
70015169572,not intrested,Client says he is not looking any plots nor anhy apartment right now. says her cannot afford to buy any property due to his low income,Completed,2025-07-18 06:28:00 UTC,70000110352,70000110352,70000110352,2025-07-17 06:28:59 UTC,2025-07-17 06:28:59 UTC,,,2025-07-17 06:28:32 UTC
70015169642,none safety in night,"Since there is no number to connect.. all details sent through email. Client responded and visited site. But due to tasmac in front client is not intrested in buying flat due to non safety of women walking alone in street in  night  .
",Completed,2025-07-18 06:33:00 UTC,70000110352,70000110352,70000110352,2025-07-17 06:34:12 UTC,2025-07-17 06:34:12 UTC,,,2025-07-17 06:33:33 UTC
70015169904,network not reachable,The number you are calling is out of coverage area {Talks in banlore).. Tried calling so many times,Completed,2025-07-18 06:46:00 UTC,70000110352,70000110352,70000110352,2025-07-17 06:47:14 UTC,2025-07-17 06:47:14 UTC,,,2025-07-17 06:46:45 UTC
70015170086,Vendor,This client is vendor wanted buisness from arihant. Adviced her to call land line,Completed,2025-07-18 06:51:00 UTC,70000110352,70000110352,70000110352,2025-07-17 06:55:20 UTC,2025-07-17 06:55:20 UTC,,,2025-07-17 06:51:13 UTC
70015170129,vendor,This client is a vendor.. Wanted buisness from arihant…adviced to call landline for buisness,Completed,2025-07-18 06:57:00 UTC,70000110352,70000110352,70000110352,2025-07-17 06:58:10 UTC,2025-07-17 06:58:10 UTC,,,2025-07-17 06:57:48 UTC
70015177427,Vipaasna,Discussed with client now. Client says he cant talk now . Will call me back after working hours and revert back,Completed,2025-07-19 06:27:00 UTC,70000110352,70000110352,70000110352,2025-07-18 06:28:17 UTC,2025-07-18 06:28:17 UTC,,,2025-07-18 06:27:52 UTC
70015181911,budget,Client looking for three bhk flat with budget up to 2cr only in viviriti project. Unfortunately we have only 4 bhk flat wih budget of 3.5 cr onwards,Completed,2025-07-19 10:31:00 UTC,70000110352,70000110352,70000110352,2025-07-18 10:31:30 UTC,2025-07-18 10:31:30 UTC,,,2025-07-18 10:31:06 UTC
70015197252,budget,Discuss with client now and explained throughly about our project.. Client advised me to forward all details through whats app. Client said his requirement is only three bhk and his budget up to 1.75 crore only,Completed,2025-07-22 06:57:00 UTC,70000110352,70000110352,70000110352,2025-07-21 06:58:18 UTC,2025-07-21 06:58:18 UTC,,,2025-07-21 06:57:47 UTC
70015197339,temporary out of service,The number you are calling is temporary out of service…. Pls try later tried calling so many times,Completed,2025-07-22 07:00:00 UTC,70000110352,70000110352,70000110352,2025-07-21 07:01:14 UTC,2025-07-21 07:01:14 UTC,,,2025-07-21 07:00:51 UTC
70015197536,Larger flat size,Client mrs gayatri wanteed larger apartment in omr area. Shown intrest in viviriti project. But she need bigger apartment . but unfortunately we have only one aprtment in viviriti project,Completed,2025-07-22 07:14:00 UTC,70000110352,70000110352,70000110352,2025-07-21 07:15:36 UTC,2025-07-21 07:15:36 UTC,,,2025-07-21 07:14:57 UTC
70015197704,voice mail,This call has been forwarded to voice mail…Tried calling so many times. All details deliverd in voice mail. Expecting client to respond ,Completed,2025-07-22 07:28:00 UTC,70000110352,70000110352,70000110352,2025-07-21 07:29:25 UTC,2025-07-21 07:29:25 UTC,,,2025-07-21 07:28:25 UTC
70015200004,plots,This client is from andra.. Enquiering about our plots. All details sent through whats app. And client said by  next month will have a site visit and then decide,Completed,2025-07-22 10:43:00 UTC,70000110352,70000110352,70000110352,2025-07-21 10:44:03 UTC,2025-07-21 10:44:03 UTC,,,2025-07-21 10:43:11 UTC
70015203431,commercial project,Ravi shankar client name intrested in arihant vayu.. commercial project intruct mr jerry to follow and close the deal,Completed,2025-07-23 06:25:00 UTC,70000110352,70000110352,70000110352,2025-07-22 06:25:51 UTC,2025-07-22 06:25:51 UTC,,,2025-07-22 06:25:31 UTC
70015203584,call drop,Once you try to call …call drops.. second time you call it says the number to you have dialed is busy t…and then call gets cut. Tried calling so many times,Completed,2025-07-23 06:38:00 UTC,70000110352,70000110352,70000110352,2025-07-22 06:38:52 UTC,2025-07-22 06:38:52 UTC,,,2025-07-22 06:38:12 UTC
70015203691,budget 2.5 cr ,Mr jerry caled him and discussed with him. He sya client requirement is only up to 2.5 cr only wanted 3000 sqft for commercial purpose,Completed,2025-07-23 06:41:00 UTC,70000110352,70000110352,70000110352,2025-07-22 06:43:00 UTC,2025-07-22 06:43:00 UTC,,,2025-07-22 06:42:00 UTC
70015210872,Not answering,The person you are calling is not answering pls call after some time,Completed,2025-07-24 05:55:00 UTC,70000110352,70000110352,70000110352,2025-07-23 05:56:18 UTC,2025-07-23 05:56:18 UTC,,,2025-07-23 05:55:55 UTC
70015211040,rnr,This client is from west bengal. The person you are calling is not answering (speaks in bengali). Tried calling so many times,Completed,2025-07-24 06:26:00 UTC,70000110352,70000110352,70000110352,2025-07-23 06:28:20 UTC,2025-07-23 06:28:20 UTC,,,2025-07-23 06:26:49 UTC
70015215141,follow up ,,Overdue,2025-07-31 06:30:00 UTC,70000089514,70000089514,70000089514,2025-07-23 09:27:27 UTC,2025-07-23 09:27:27 UTC,Interested,,
70015215380,not intrested,Client responded my call. He says he is from west bengal come down here for studies. Styudying in sathya bama engineering college. by mistake has scrolled it,Completed,2025-07-24 09:36:00 UTC,70000110352,70000110352,70000110352,2025-07-23 09:37:09 UTC,2025-07-23 09:37:09 UTC,,,2025-07-23 09:36:51 UTC
70015216184,not intrested,Client  says he is not looking for any apartment  nor any plot at all and then cut the call,Completed,2025-07-24 10:19:00 UTC,70000110352,70000110352,70000110352,2025-07-23 10:20:34 UTC,2025-07-23 10:20:34 UTC,,,2025-07-23 10:19:57 UTC
70015216259,vipaasna project,Client enquired about our vipaasna project.. All details sent through whats app. Client said this week end will try to have site visit,Completed,2025-07-24 10:27:00 UTC,70000110352,70000110352,70000110352,2025-07-23 10:28:01 UTC,2025-07-23 10:28:01 UTC,,,2025-07-23 10:27:43 UTC
70015216321,not intrested,Client says he is not looking any apartment nor any plots as of now and says thank you,Completed,2025-07-24 10:31:00 UTC,70000110352,70000110352,70000110352,2025-07-23 10:31:59 UTC,2025-07-23 10:31:59 UTC,,,2025-07-23 10:31:46 UTC
70015219974,wanted plot in tambram,Client looking plot at tambram only wanted one ground. Explain about our project villa viviana. Client says its vey far from his work place. He needs in tambram only,Completed,2025-07-25 06:04:00 UTC,70000110352,70000110352,70000110352,2025-07-24 06:04:30 UTC,2025-07-24 06:04:30 UTC,,,2025-07-24 06:04:05 UTC
70015220131,vendor,This client is a vendor wanted buisness from arihant. Adviced her to contact landline,Completed,2025-07-25 06:26:00 UTC,70000110352,70000110352,70000110352,2025-07-24 06:26:24 UTC,2025-07-24 06:26:24 UTC,,,2025-07-24 06:26:14 UTC
70015221676,Vendor,This client is a vendor wanted buisness from arihant. Adviced her to contact landline,Completed,2025-07-25 07:31:00 UTC,70000110352,70000110352,70000110352,2025-07-24 07:32:55 UTC,2025-07-24 07:32:55 UTC,,,2025-07-24 07:31:53 UTC
70015228493,not intrested,Client says in sacarstic way that he is not looking any flats nor any plots…and then cuts the call,Completed,2025-07-26 05:54:00 UTC,70000110352,70000110352,70000110352,2025-07-25 05:54:54 UTC,2025-07-25 05:54:54 UTC,,,2025-07-25 05:54:41 UTC
70015229315,Not intrested,Client says they are not looking any properties nor any plots… And says thank you,Completed,2025-07-26 06:56:00 UTC,70000110352,70000110352,70000110352,2025-07-25 06:56:22 UTC,2025-07-25 06:56:22 UTC,,,2025-07-25 06:56:08 UTC
70015252870,vendor,This client is a vendor dealing with solar light panel,Completed,2025-07-29 05:34:00 UTC,70000110352,70000110352,70000110352,2025-07-28 05:34:53 UTC,2025-07-28 05:34:53 UTC,,,2025-07-28 05:34:41 UTC
70015252893,cp,This client is a channel partner havimng property at katupakkam,Completed,2025-07-29 05:39:00 UTC,70000110352,70000110352,70000110352,2025-07-28 05:40:12 UTC,2025-07-28 05:40:12 UTC,,,2025-07-28 05:40:00 UTC
70015252951,Shown intrest in patipulam plots,This client is an existing client of arihant. Who has already purchased property at greenwoood city plots navalur. . Client says they are not happy with facilities over there. But being known bulder to them wanted to buy another plot. in reserve 16. They specificly looking for plot no 6 . But they said they will have a site visit and then revert back,Completed,2025-07-29 05:48:00 UTC,70000110352,70000110352,70000110352,2025-07-28 05:49:50 UTC,2025-07-28 05:49:50 UTC,,,2025-07-28 05:49:00 UTC
70015252982,general enquiry,"Client stayed in ge tee resorts… Was enquirying about our project. After collecting the details. Client said will i will call you and then cuts the call

",Completed,2025-07-29 05:53:00 UTC,70000110352,70000110352,70000110352,2025-07-28 05:54:54 UTC,2025-07-28 05:54:54 UTC,,,2025-07-28 05:53:59 UTC
70015253074,future project,Client need two bedroom flat in adyar. As of now they are staying in santhome in 2000 sqft. They feel this flat itself is very big for two us. So they need 1000 to 1500 sqft flat in adyar area only,Overdue,2025-07-29 06:05:00 UTC,70000110352,70000110352,70000110352,2025-07-28 06:05:54 UTC,2025-07-28 06:05:54 UTC,,,
70015253998,not intrested,Client says he is not intrested in any apartment nor any plot .And also says he cannot afford to buy any property as of now,Completed,2025-07-29 06:56:00 UTC,70000110352,70000110352,70000110352,2025-07-28 06:57:12 UTC,2025-07-28 06:57:12 UTC,,,2025-07-28 06:56:56 UTC
70015262784,Vendor,This client is a vendor….Wanted buisness from arihant dealing with software,Completed,2025-07-30 05:50:00 UTC,70000110352,70000110352,70000110352,2025-07-29 05:50:25 UTC,2025-07-29 05:50:25 UTC,,,2025-07-29 05:50:08 UTC
70015264978,futur project,Client need plots at mogapair east… wanted one ground plot. In that area unfortunately its not available,Completed,2025-07-30 07:36:00 UTC,70000110352,70000110352,70000110352,2025-07-29 07:37:08 UTC,2025-07-29 07:37:08 UTC,,,2025-07-29 07:36:53 UTC
70015273514,vendor,This client is a vendor….wanted buisness from arihant advice her to contact landline,Completed,2025-07-31 05:32:00 UTC,70000110352,70000110352,70000110352,2025-07-30 05:32:55 UTC,2025-07-30 05:32:55 UTC,,,2025-07-30 05:32:43 UTC
70015279224,vendor,This client is a vendor wanted buisness from arihant.. Advice him to contact landline office,Completed,2025-07-31 09:31:00 UTC,70000110352,70000110352,70000110352,2025-07-30 09:32:13 UTC,2025-07-30 09:32:13 UTC,,,2025-07-30 09:32:01 UTC
70015279311,Vendor,This client is a vendor… wanted buisness from arihant,Completed,2025-07-31 09:35:00 UTC,70000110352,70000110352,70000110352,2025-07-30 09:35:19 UTC,2025-07-30 09:35:19 UTC,,,2025-07-30 09:35:04 UTC
70015279546,Not intrested,Client says not intrested and says thank you ,Completed,2025-07-31 09:41:00 UTC,70000110352,70000110352,70000110352,2025-07-30 09:42:55 UTC,2025-07-30 09:42:55 UTC,,,2025-07-30 09:41:45 UTC
70015280622,Not intrested,Client says wrong number and then cuts the call. Not ready to hear any conversation. He only says wrong number then cuts the call,Completed,2025-07-31 10:52:00 UTC,70000110352,70000110352,70000110352,2025-07-30 10:52:40 UTC,2025-07-30 10:52:40 UTC,,,2025-07-30 10:52:24 UTC
70015280681,Not intrested,This client is from delhi and says he is not intrested in cheenai projects,Completed,2025-07-31 10:57:00 UTC,70000110352,70000110352,70000110352,2025-07-30 10:57:42 UTC,2025-07-30 10:57:42 UTC,,,2025-07-30 10:57:24 UTC
70015284149,patipulam plots,Client has visited the site last evening. Wanted all details through whats app. As per client instruction all details sent through whats app. Client said will check and revert back,Completed,2025-08-01 05:44:00 UTC,70000110352,70000110352,70000110352,2025-07-31 05:45:02 UTC,2025-07-31 05:45:02 UTC,,,2025-07-31 05:44:34 UTC
70015284253,Do not disturb now,Discuss with client.. She says right now she is with patient right now cannot talk. Once she is free she will call till then not to disturb her,Completed,2025-08-01 06:02:00 UTC,70000110352,70000110352,70000110352,2025-07-31 06:03:49 UTC,2025-07-31 06:03:49 UTC,,,2025-07-31 06:02:53 UTC
70015284274,patipulam plots,Discuss with client.. She says right now she is with patient right now cannot talk. Once she is free she will call till then not to disturb her,Completed,2025-08-01 06:05:00 UTC,70000110352,70000110352,70000110352,2025-07-31 06:06:06 UTC,2025-07-31 06:06:06 UTC,,,2025-07-31 06:05:47 UTC
70015288819,Vendor,This client is a vendor.. Adviced her to call land line,Completed,2025-08-01 09:23:00 UTC,70000110352,70000110352,70000110352,2025-07-31 09:24:13 UTC,2025-07-31 09:24:13 UTC,,,2025-07-31 09:23:58 UTC
70015293380,Vendor,This client is a vendor… wanted buisness from arihant. adviced her to call landline,Completed,2025-08-02 05:44:00 UTC,70000110352,70000110352,70000110352,2025-08-01 05:44:26 UTC,2025-08-01 05:44:26 UTC,,,2025-08-01 05:44:05 UTC
70015293592,not intrested,Discussed with client now over phone says he is not intrested in buying any property as of now,Completed,2025-08-02 06:29:00 UTC,70000110352,70000110352,70000110352,2025-08-01 06:30:03 UTC,2025-08-01 06:30:03 UTC,,,2025-08-01 06:29:35 UTC
70015293719,Rnr,Call ringing no respond from client….Tried calling so many times,Completed,2025-08-02 06:39:00 UTC,70000110352,70000110352,70000110352,2025-08-01 06:39:51 UTC,2025-08-01 06:39:51 UTC,,,2025-08-01 06:39:39 UTC
70015301957,Channel partner,This client is a channel partner wanted tie up with arihant,Completed,2025-08-03 05:51:00 UTC,70000110352,70000110352,70000110352,2025-08-02 05:52:14 UTC,2025-08-02 05:52:14 UTC,,,2025-08-02 05:51:55 UTC
70015301975,contractor,This client is a real estate developer in madurai. Wanted contractors for construct villas in madurai,Completed,2025-08-03 05:56:00 UTC,70000110352,70000110352,70000110352,2025-08-02 05:56:45 UTC,2025-08-02 05:56:45 UTC,,,2025-08-02 05:56:24 UTC
70015302016,Besant nagar property,Client enquired about our project mostly he was looking property in omr looking for villlas. Convinced him to besant nagar project. Advice me to call him on monday to come down to office to study about project,Completed,2025-08-03 06:04:00 UTC,70000110352,70000110352,70000110352,2025-08-02 06:04:54 UTC,2025-08-02 06:04:54 UTC,,,2025-08-02 06:04:34 UTC
70015317937,Patipulam plots,Client shown intrest in reseve 16 plots. Wanted to see the project. Advice her to have site visit. Told her marketing office is getting ready. She said will check and revert. All details sent through wahts app..,Completed,2025-08-05 05:07:00 UTC,70000110352,70000110352,70000110352,2025-08-04 05:07:48 UTC,2025-08-04 05:07:48 UTC,,,2025-08-04 05:07:31 UTC
70015318195,Milang project,Client shown intrest in milange project. Forwarded all details in what app. Client said will check and revert back. Also intructed mr karthick to follow up . Taking care of milange project,Completed,2025-08-05 05:41:00 UTC,70000110352,70000110352,70000110352,2025-08-04 05:41:23 UTC,2025-08-04 05:41:23 UTC,,,2025-08-04 05:41:05 UTC
70015318305,milange,Client has visited site yesterday morning patipulam plots. from site itself he was enquirying about plots. Explained completely about project. Client said he will consult with with his family and then revert back,Completed,2025-08-05 05:58:00 UTC,70000110352,70000110352,70000110352,2025-08-04 05:59:07 UTC,2025-08-04 05:59:07 UTC,,,2025-08-04 05:58:55 UTC
70015318366,viviriti project,"Dicussed with client now. Client advice me to call him in evening 7 pm. Will again call him

",Completed,2025-08-05 06:10:00 UTC,70000110352,70000110352,70000110352,2025-08-04 06:11:04 UTC,2025-08-04 06:11:04 UTC,,,2025-08-04 06:10:26 UTC
70015318973,Vendor,This client is a vendor wanted buisness from arihant.. Advice her to call land line,Completed,2025-08-05 06:49:00 UTC,70000110352,70000110352,70000110352,2025-08-04 06:50:01 UTC,2025-08-04 06:50:01 UTC,,,2025-08-04 06:49:36 UTC
70015319582,villa in omr,Client looking for villas at omr . He doesnt need any apartment or plot.. loooking for only villas,Completed,2025-08-05 06:58:00 UTC,70000110352,70000110352,70000110352,2025-08-04 07:08:41 UTC,2025-08-04 07:08:41 UTC,,,2025-08-04 06:58:03 UTC
70015327712,Vendor,This client is a vendor wanted buisness from arihant. Advice him to contact land line,Completed,2025-08-06 05:19:00 UTC,70000110352,70000110352,70000110352,2025-08-05 05:20:04 UTC,2025-08-05 05:20:04 UTC,,,2025-08-05 05:19:51 UTC
70015327794,Swaran project,Discuss with client. Client need two bhk flat in swarang property .First of all they wanted to sell the existing property andthen they wanted to buy a flat in swarang senior living.. Have advice mr muthu pandian from asshian to follow,Completed,2025-08-06 05:36:00 UTC,70000110352,70000110352,70000110352,2025-08-05 05:37:00 UTC,2025-08-05 05:37:00 UTC,,,2025-08-05 05:36:29 UTC
70015327896,Not intrested,Client says she has dropped arihant as of now they are looking other builders project. The reason she says arihant is very expenses and she cannot afford to buy any property from arihant,Completed,2025-08-06 05:55:00 UTC,70000110352,70000110352,70000110352,2025-08-05 05:55:46 UTC,2025-08-05 05:55:46 UTC,,,2025-08-05 05:55:32 UTC
70015334800,milange,lient intrested in milange project rather than vipaasna. forwarded all details through wahts app. Client will check and revert back. Advice mr karthick to follow,Completed,2025-08-06 10:58:00 UTC,70000110352,70000110352,70000110352,2025-08-05 10:58:30 UTC,2025-08-05 10:58:30 UTC,,,2025-08-05 10:58:16 UTC
70015335255,Vendor,The Client is from ghar pe virtual communication wanted buisness from arihant,Completed,2025-08-06 11:39:00 UTC,70000110352,70000110352,70000110352,2025-08-05 11:40:35 UTC,2025-08-05 11:40:35 UTC,,,2025-08-05 11:39:07 UTC
70015335288,Not answering,The person you are calling is not answering tried calling so many times,Completed,2025-08-06 11:43:00 UTC,70000110352,70000110352,70000110352,2025-08-05 11:44:11 UTC,2025-08-05 11:44:11 UTC,,,2025-08-05 11:43:55 UTC
70015338115,vendor,This client is a vendor.. Wanted buisness from arihant. Advice her to contact landline ,Completed,2025-08-07 04:52:00 UTC,70000110352,70000110352,70000110352,2025-08-06 04:52:20 UTC,2025-08-06 04:52:20 UTC,,,2025-08-06 04:52:05 UTC
70015338408,not intrested,Client says he is not lookijng for any plots nor any apartment and then cuts the call,Completed,2025-08-07 05:47:00 UTC,70000110352,70000110352,70000110352,2025-08-06 05:47:17 UTC,2025-08-06 05:47:17 UTC,,,2025-08-06 05:47:03 UTC
70015344550,Vendor,This client is a vendor. Wanted buisness from arihant. Adviced her to contact land line,Completed,2025-08-07 10:14:00 UTC,70000110352,70000110352,70000110352,2025-08-06 10:14:31 UTC,2025-08-06 10:14:31 UTC,,,2025-08-06 10:14:17 UTC
70015344594,vendor,This client is a vendor…wanted buisness from arihant..Advice her t ocontact office landline,Completed,2025-08-07 10:21:00 UTC,70000110352,70000110352,70000110352,2025-08-06 10:21:55 UTC,2025-08-06 10:21:55 UTC,,,2025-08-06 10:21:26 UTC
70015348095,Call dropped,Call gets dropped.. Tried calling so many times,Completed,2025-08-08 05:02:00 UTC,70000110352,70000110352,70000110352,2025-08-07 05:02:41 UTC,2025-08-07 05:02:41 UTC,,,2025-08-07 05:02:23 UTC
70015348365,rnr,The person you are calling is not answering. Even last evening tried calling answer is the same….,Completed,2025-08-08 05:51:00 UTC,70000110352,70000110352,70000110352,2025-08-07 05:51:29 UTC,2025-08-07 05:51:29 UTC,,,2025-08-07 05:51:08 UTC
70015357794,New project opposite to gems hospital,Client has seen new arihant board opp to gems hospital.. Wanted to know what is coming . Promised him to sent details of project. Once details recieved from management will deliverd the message to them..,Completed,2025-08-09 05:09:00 UTC,70000110352,70000110352,70000110352,2025-08-08 05:10:03 UTC,2025-08-08 05:10:03 UTC,,,2025-08-08 05:09:27 UTC
70015394385,follow up ,,Completed,2025-08-13 05:48:00 UTC,70000110350,70000110350,70000110350,2025-08-12 05:48:41 UTC,2026-03-19 09:15:50 UTC,,,2026-03-19 09:15:50 UTC
70015453203,vendor,This client is a vendor..want buisness from arihant,Overdue,2025-08-19 10:47:00 UTC,70000110352,70000110352,70000110352,2025-08-18 10:47:53 UTC,2025-08-18 10:47:53 UTC,,,
70015453249,not intrested,Client says he is not looking any property as of now,Completed,2025-08-19 10:50:00 UTC,70000110352,70000110352,70000110352,2025-08-18 10:51:11 UTC,2025-08-18 10:51:11 UTC,,,2025-08-18 10:50:57 UTC
70015453467,Not connecting,The number you are calling is not able to recieve calls…Tried calling so many times and then cuts the call,Completed,2025-08-19 11:14:00 UTC,70000110352,70000110352,70000110352,2025-08-18 11:14:33 UTC,2025-08-18 11:14:33 UTC,,,2025-08-18 11:14:11 UTC
70015453477,not connecting,The number you are calling is not able to recieve calls…Tried calling so many times and then cuts the call,Completed,2025-08-19 11:15:00 UTC,70000110352,70000110352,70000110352,2025-08-18 11:15:21 UTC,2025-08-18 11:15:21 UTC,,,2025-08-18 11:15:07 UTC
70015453562,number does not exist,The dialed number does not exist. tried calling so many times,Completed,2025-08-19 11:18:00 UTC,70000110352,70000110352,70000110352,2025-08-18 11:25:47 UTC,2025-08-18 11:25:47 UTC,,,2025-08-18 11:18:14 UTC
70015456410,wanted property at kotivakkam only,Client enquired about 4 bhk apartment wanted in kotivakkam only . Client doesnt want any property in omr. They said they already having the property they ar looking at kotivakkam beach side area only,Completed,2025-08-20 05:31:00 UTC,70000110352,70000110352,70000110352,2025-08-19 05:31:37 UTC,2025-08-19 05:31:37 UTC,,,2025-08-19 05:31:06 UTC
70015456660,Vendor,This client is a vendor wanted buisness from arihant adviced her to call land line,Completed,2025-08-20 06:24:00 UTC,70000110352,70000110352,70000110352,2025-08-19 06:25:46 UTC,2025-08-19 06:25:46 UTC,,,2025-08-19 06:24:53 UTC
70015457217,budget ,Client need two bhk flat near madipakkam.. Budget up to 70 lakhs only,Completed,2025-08-20 06:53:00 UTC,70000110352,70000110352,70000110352,2025-08-19 06:54:08 UTC,2025-08-19 06:54:08 UTC,,,2025-08-19 06:53:36 UTC
70015457452,Channel partner,This client is a channel partner having client for koramangala project. Advice her the project is completely sold out,Completed,2025-08-20 07:02:00 UTC,70000110352,70000110352,70000110352,2025-08-19 07:02:43 UTC,2025-08-19 07:02:43 UTC,,,2025-08-19 07:02:25 UTC
70015457984,patipulam plots,Client enquired about or project patipulam project and also visted site too. All details sent through whats app . Client said will check and revert back,Completed,2025-08-20 07:24:00 UTC,70000110352,70000110352,70000110352,2025-08-19 07:25:12 UTC,2025-08-19 07:25:12 UTC,,,2025-08-19 07:24:28 UTC
70015461994,next to sea shore plots wanted,Client said he has already visited our site but he needs property near sea shore only. Unfortunately ours is at opposite side,Completed,2025-08-20 11:15:00 UTC,70000110352,70000110352,70000110352,2025-08-19 11:16:16 UTC,2025-08-19 11:16:16 UTC,,,2025-08-19 11:15:08 UTC
70015465087,Spam number,This number seems to be suspected spam… Client is talking in vulgar and bad words..and then cuts the call,Overdue,2025-08-21 05:13:00 UTC,70000110352,70000110352,70000110352,2025-08-20 05:14:24 UTC,2025-08-20 05:14:24 UTC,,,
70015465106,follow up ,,Overdue,2025-08-28 05:16:00 UTC,70000089514,70000089514,70000089514,2025-08-20 05:16:34 UTC,2025-08-20 05:16:34 UTC,,,
70015465354,vendor,This client is a vendor wanted buisness from arihant,Completed,2025-08-21 05:46:00 UTC,70000110352,70000110352,70000110352,2025-08-20 05:47:33 UTC,2025-08-20 05:47:33 UTC,,,2025-08-20 05:47:01 UTC
70015465376,Ngo wanted donation,This client is running ngo wanted wanted donation from arihant advice her to call land line,Completed,2025-08-21 05:50:00 UTC,70000110352,70000110352,70000110352,2025-08-20 05:51:34 UTC,2025-08-20 05:51:34 UTC,,,2025-08-20 05:50:35 UTC
70015465391,Ngo wanted buisness,This client is running ngo wanted wanted donation from arihant advice her to call land line,Completed,2025-08-21 05:53:00 UTC,70000110352,70000110352,70000110352,2025-08-20 05:54:03 UTC,2025-08-20 05:54:03 UTC,,,2025-08-20 05:53:24 UTC
70015465396,Vendor,This client is a vendor wanted buisness from arihant,Completed,2025-08-21 05:55:00 UTC,70000110352,70000110352,70000110352,2025-08-20 05:55:22 UTC,2025-08-20 05:55:22 UTC,,,2025-08-20 05:55:06 UTC
70015465610,villa viviana,Client need villas in villa viviana. project. All details sent through wahts app. Unfortunately all vilas sold out. Tried to convince in same place to buy plot. Client says he is keen in villa only,Completed,2025-08-21 06:24:00 UTC,70000110352,70000110352,70000110352,2025-08-20 06:25:19 UTC,2025-08-20 06:25:19 UTC,,,2025-08-20 06:24:58 UTC
70015465785,not getting connected,The person you are calling is not answering pls try later..tried [http://later..tried/] calling so many times,Completed,2025-08-21 06:34:00 UTC,70000110352,70000110352,70000110352,2025-08-20 06:37:23 UTC,2025-08-20 06:37:23 UTC,,,2025-08-20 06:34:22 UTC
70015465969,vendor,This client is a vendor wanted buisness from arihant.. Advice her to call land line,Completed,2025-08-21 06:40:00 UTC,70000110352,70000110352,70000110352,2025-08-20 06:41:25 UTC,2025-08-20 06:41:25 UTC,,,2025-08-20 06:40:19 UTC
70015466799,budget,Discuss with client over phone and forwarded all details sent through whats appclient says her budget up to 2 crore only,Completed,2025-08-21 07:14:00 UTC,70000110352,70000110352,70000110352,2025-08-20 07:15:32 UTC,2025-08-20 07:15:32 UTC,,,2025-08-20 07:14:12 UTC
70015467164,villa viviana,this client wanted villa in vivianana. But its completely sold .,Completed,2025-08-21 07:30:00 UTC,70000110352,70000110352,70000110352,2025-08-20 07:31:33 UTC,2025-08-20 07:31:33 UTC,,,2025-08-20 07:30:50 UTC
70015474633,banaras project,This client is from banaras and he is a auto driver. He wanted flat in sultan pur..banaras ,Completed,2025-08-22 05:10:00 UTC,70000110352,70000110352,70000110352,2025-08-21 05:11:34 UTC,2025-08-21 05:11:34 UTC,,,2025-08-21 05:11:01 UTC
70015474681,pati pulam plots,Client enquired about patipulam plots reserve 16. Client knew the area very well. He says he is looking for his relatives too. But they are coming down to chennai after 2 months. All details sent through whats app. Client said they will take a call after two months only,Completed,2025-08-22 05:18:00 UTC,70000110352,70000110352,70000110352,2025-08-21 05:19:26 UTC,2025-08-21 05:19:26 UTC,,,2025-08-21 05:18:49 UTC
70015474715,vaniya vilas project,Client looking thee bhk flat in vaniya vilas project. Unfortunately flat is completely sold out,Completed,2025-08-22 05:25:00 UTC,70000110352,70000110352,70000110352,2025-08-21 05:26:10 UTC,2025-08-21 05:26:10 UTC,,,2025-08-21 05:25:48 UTC
70015474734,vendor,This client is a vendor…wanted buisness from client,Completed,2025-08-22 05:28:00 UTC,70000110352,70000110352,70000110352,2025-08-21 05:29:43 UTC,2025-08-21 05:29:43 UTC,,,2025-08-21 05:28:55 UTC
70015483041,patipulamplots,Client enquired for patipulam plots.. Wanted all details in whats app. Client budget up to 30 lakhs only wanted half ground in our project. unfortunately our project cost starts from 45l akhs onwards,Completed,2025-08-23 05:09:00 UTC,70000110352,70000110352,70000110352,2025-08-22 05:10:04 UTC,2025-08-22 05:10:04 UTC,,,2025-08-22 05:09:41 UTC
70015490945,Call Reminder,Lead asked me to call her today afternoon,Overdue,2025-08-23 07:15:00 UTC,70000089514,70000089514,70000089514,2025-08-23 04:25:26 UTC,2025-08-23 04:25:26 UTC,,Call reminder,
70015491048,channel partner,This client is a channel partner was enquirying about vaniyavilas project wanted three bhk flat for his client and also 4 bhk with budget up to 4 cr.. unfortunately completely sold out. ,Completed,2025-08-24 05:17:00 UTC,70000110352,70000110352,70000110352,2025-08-23 05:17:50 UTC,2025-08-23 05:17:50 UTC,,,2025-08-23 05:17:29 UTC
70015505759,patipulam plots,Client enquiry about our patipulam projects. has visited site yesterday in evening.. forwarded all details about our project. Client said will check and revert back. With in two days ,Completed,2025-08-26 05:26:00 UTC,70000110352,70000110352,70000110352,2025-08-25 05:51:47 UTC,2025-08-25 05:51:47 UTC,,,2025-08-25 05:26:22 UTC
70015505947,viviriti,Client first enquired about krishna project. told him i am driving and then when i called her they wanted to know the flat of our project vivriti. There budget is only up to 2 crores only,Completed,2025-08-26 06:22:00 UTC,70000110352,70000110352,70000110352,2025-08-25 06:22:31 UTC,2025-08-25 06:22:31 UTC,,,2025-08-25 06:22:14 UTC
70015505975,Follow up ,"",Overdue,2025-08-28 05:45:00 UTC,70000089514,70000089514,70000089514,2025-08-25 06:25:51 UTC,2025-08-25 06:25:51 UTC,,,
70015505997,vendor,This client is a vendor  wanted buisness from arihant advice her to call land line,Completed,2025-08-26 06:28:00 UTC,70000110352,70000110352,70000110352,2025-08-25 06:28:54 UTC,2025-08-25 06:28:54 UTC,,,2025-08-25 06:28:39 UTC
70015507179,plots,Already client enquired about our plots in month of april 2025. But now i am calling for any requirement he says he has not enquired any plots and says now he is busy will call back later,Completed,2025-08-26 07:12:00 UTC,70000110352,70000110352,70000110352,2025-08-25 07:13:01 UTC,2025-08-25 07:13:01 UTC,,,2025-08-25 07:12:45 UTC
70015514736,no response,Client  gives a call and is not responding discussing  among themselves not responding my calls. tried calling so many times,Completed,2025-08-27 05:40:00 UTC,70000110352,70000110352,70000110352,2025-08-26 05:46:16 UTC,2025-08-26 05:46:16 UTC,,,2025-08-26 05:40:13 UTC
70015516341,budget,Client budget is up to 2 crores only wanted thee bhk flat in vivriti project. Explained about other projects too. Client says he is looking flat in thoraipakkam only,Completed,2025-08-27 07:04:00 UTC,70000110352,70000110352,70000110352,2025-08-26 07:05:09 UTC,2025-08-26 07:05:09 UTC,,,2025-08-26 07:04:48 UTC
70015516421,vendor,This client is a vendor wanted buisness from arihant,Completed,2025-08-27 07:08:00 UTC,70000110352,70000110352,70000110352,2025-08-26 07:09:25 UTC,2025-08-26 07:09:25 UTC,,,2025-08-26 07:09:23 UTC
70015520120,vendor,This client is a vendor.. wanted buisness from arihant..Advice her to contact landline ,Completed,2025-08-27 10:03:00 UTC,70000110352,70000110352,70000110352,2025-08-26 10:05:10 UTC,2025-08-26 10:05:10 UTC,,,2025-08-26 10:03:17 UTC
70015520264,wanted 4 bhk apartment area up to adyar and nungambakkam,Client need 4 bhk flat in alwarpet / poes garden area. Convinced her abhirampuram and besant nagar project for the same. Client said her husband is not in town after ten days she will call me if necessary after having discussed with client,Completed,2025-08-27 10:17:00 UTC,70000110352,70000110352,70000110352,2025-08-26 10:18:40 UTC,2025-08-26 10:18:40 UTC,,,2025-08-26 10:17:56 UTC
70015530895,patipulam plots,Client enquired about patipulam plots. After discussion all details sent through whats app. In evening client tried to reach site. But due to road closed client unable to reach site. due to road work . Client will try to go next time once road is clear,Completed,2025-08-29 05:12:00 UTC,70000110352,70000110352,70000110352,2025-08-28 05:12:47 UTC,2025-08-28 05:12:47 UTC,,,2025-08-28 05:12:27 UTC
70015544505,mgr salai,Client is looking for mgr salai project wanted 4 bhk flat. Once plan is approved and rera number comes will forward all details through whats app,Completed,2025-08-30 10:16:00 UTC,70000110352,70000110352,70000110352,2025-08-29 10:16:55 UTC,2025-08-29 10:16:55 UTC,,,2025-08-29 10:16:42 UTC
70015544531,landscaping garden,Thsi client is a vendor wanted buisness from arihant. They are dealing with landscaping garden,Completed,2025-08-30 10:19:00 UTC,70000110352,70000110352,70000110352,2025-08-29 10:19:25 UTC,2025-08-29 10:19:25 UTC,,,2025-08-29 10:19:08 UTC
70015547501,milange project,Client shown intrest in milange project. All details forwarded through whats app. Client said will have site visit on monday wanted three bhk apt. Will take a call after site visit,Completed,2025-08-31 05:31:00 UTC,70000110352,70000110352,70000110352,2025-08-30 05:32:33 UTC,2025-08-30 05:32:33 UTC,,,2025-08-30 05:31:42 UTC
70015553064,Vendor,this client is a vendor…dealing with it solution wanted buisness from  arihant,Completed,2025-08-31 10:44:00 UTC,70000110352,70000110352,70000110352,2025-08-30 10:44:29 UTC,2025-08-30 10:44:29 UTC,,,2025-08-30 10:44:09 UTC
70015562797,milange project,Client enquiered about our milange project. All details sent through whats app and also adviced karthick to follow . Because client said on sunday evening will try to have site visit,Completed,2025-09-02 05:39:00 UTC,70000110352,70000110352,70000110352,2025-09-01 05:40:08 UTC,2025-09-01 05:40:08 UTC,,,2025-09-01 05:39:44 UTC
70015562843,thiruvanmiyur,Client enquiered about our milange project. All details sent through whats app and also adviced karthick to follow . Because client said on sunday evening will try to have site visit,Completed,2025-09-02 05:48:00 UTC,70000110352,70000110352,70000110352,2025-09-01 05:51:36 UTC,2025-09-01 05:51:36 UTC,,,2025-09-01 05:48:39 UTC
70015562849,thiruvanmiyur,This client need three bhk apartment in thiruvanmiyur area only with budget of 2 cr only,Completed,2025-09-02 05:52:00 UTC,70000110352,70000110352,70000110352,2025-09-01 05:52:57 UTC,2025-09-01 05:52:57 UTC,,,2025-09-01 05:52:29 UTC
70015566928,Rnr,Tried calling client since morning.. Client is not responding my calls right now will again call back later,Completed,2025-09-02 09:12:00 UTC,70000110352,70000110352,70000110352,2025-09-01 09:13:07 UTC,2025-09-01 09:13:07 UTC,,,2025-09-01 09:12:11 UTC
70015567103,budget,Client budget is up to 2cr only wanted 3bhk flat in omr thoraipakkam area..only. Tried convince regarding viviriti project. client says it doesnt match his budget,Completed,2025-09-02 09:19:00 UTC,70000110352,70000110352,70000110352,2025-09-01 09:19:43 UTC,2025-09-01 09:19:43 UTC,,,2025-09-01 09:19:04 UTC
70015571756,vendor,This client responded in evening.. She needs buisness from arihant. As she is dealing with solar panel equipments for site. Adviced her to contact land line for the same,Completed,2025-09-03 04:35:00 UTC,70000110352,70000110352,70000110352,2025-09-02 04:39:16 UTC,2025-09-02 04:39:16 UTC,,,2025-09-02 04:39:10 UTC
70015571778,vendor,This client is a vendor….wanted buisness from us,Completed,2025-09-03 04:48:00 UTC,70000110352,70000110352,70000110352,2025-09-02 04:49:03 UTC,2025-09-02 04:49:03 UTC,,,2025-09-02 04:48:49 UTC
70015572074,milange project,Client enquired arihant milange project. He needs for his boss. All details sent through whats app. Client said will check and revert back,Completed,2025-09-03 05:29:00 UTC,70000110352,70000110352,70000110352,2025-09-02 05:30:12 UTC,2025-09-02 05:30:12 UTC,,,2025-09-02 05:29:34 UTC
70015572492,rnr,The number you have dialed is currently busy..Pls try later. Tried calling so many times,Completed,2025-09-03 06:07:00 UTC,70000110352,70000110352,70000110352,2025-09-02 06:08:19 UTC,2025-09-02 06:08:19 UTC,,,2025-09-02 06:07:24 UTC
70015573422,vendor,Client calling from kamakshi traders wanted buisness from arihant,Completed,2025-09-03 06:59:00 UTC,70000110352,70000110352,70000110352,2025-09-02 07:00:05 UTC,2025-09-02 07:00:05 UTC,,,2025-09-02 06:59:51 UTC
70015580961,not intrested in buying any properties ,Client says he is not looking for any plots nor any apartment right now. And then cuts the call,Completed,2025-09-04 05:20:00 UTC,70000110352,70000110352,70000110352,2025-09-03 05:20:47 UTC,2025-09-03 05:20:47 UTC,,,2025-09-03 05:20:14 UTC
70015586427,Vendor,This client is a vendor wanted buisness from arihant. its a recording message,Completed,2025-09-04 10:08:00 UTC,70000110352,70000110352,70000110352,2025-09-03 10:08:53 UTC,2025-09-03 10:08:53 UTC,,,2025-09-03 10:08:37 UTC
70015590184,extension number,Pls dial the extension number…line is not getting connected directly,Completed,2025-09-05 06:39:00 UTC,70000110352,70000110352,70000110352,2025-09-04 06:39:49 UTC,2025-09-04 06:39:49 UTC,,,2025-09-04 06:39:23 UTC
70015596183,Follow up,,Overdue,2025-09-05 10:48:00 UTC,70000089514,70000089514,70000089514,2025-09-04 10:48:51 UTC,2025-09-04 10:48:51 UTC,,,
70015604415,rnr,The person you are calling is not answering.. Tried calling so many times,Completed,2025-09-06 09:33:00 UTC,70000110352,70000110352,70000110352,2025-09-05 09:51:14 UTC,2025-09-05 09:51:14 UTC,,,2025-09-05 09:51:10 UTC
70015607805,patipulam plot,This client was enquirying about reserve 16 plots. All details sent through whats app. Client says right now he is travelling to other side will check and revert back with in one weak after having site visit,Completed,2025-09-07 06:00:00 UTC,70000110352,70000110352,70000110352,2025-09-06 06:00:59 UTC,2025-09-06 06:00:59 UTC,,,2025-09-06 06:00:39 UTC
70015607870,pati pulam plots,Again discuss with client through whats app. Client says his ichildren left pondicherry for back to work. Client says he has to discuss with his children by next month his children coming down to chennai. At that time will call you again and then thake a call after site visit,Completed,2025-09-07 06:16:00 UTC,70000110352,70000110352,70000110352,2025-09-06 06:17:21 UTC,2025-09-06 06:17:21 UTC,,,2025-09-06 06:16:52 UTC
70015622849,Vendor,This client is a builder its a recording message wanted to sell his product to us,Completed,2025-09-09 05:20:00 UTC,70000110352,70000110352,70000110352,2025-09-08 05:20:36 UTC,2025-09-08 05:20:36 UTC,,,2025-09-08 05:20:11 UTC
70015622892,viviana,Client looking for villas at viviana. Tried to convince client regarding plot. Client said he is most keen in villas rather than plot. Because his friend has purchased villa. So they are keen in villas rather than plots,Completed,2025-09-09 05:28:00 UTC,70000110352,70000110352,70000110352,2025-09-08 05:29:04 UTC,2025-09-08 05:29:04 UTC,,,2025-09-08 05:28:47 UTC
70015623170,patipulam plots,Tried calling client now. Client is not lifting my calls and when it rings client is disconnecting. Tried calling so many times,Completed,2025-09-09 06:26:00 UTC,70000110352,70000110352,70000110352,2025-09-08 06:27:03 UTC,2025-09-08 06:27:03 UTC,,,2025-09-08 06:26:33 UTC
70015623206,poes garden property,Again discussed with client.. Client says they need 4 bhk flat at poes garden only. Budget up to 10 cr only. Tried convincing for krshna project.client needs only 4 bhk flat at poes garden area only,Completed,2025-09-09 06:31:00 UTC,70000110352,70000110352,70000110352,2025-09-08 06:31:51 UTC,2025-09-08 06:31:51 UTC,,,2025-09-08 06:31:26 UTC
70015629191,follow up,,Overdue,2025-09-11 10:47:00 UTC,70000089514,70000089514,70000089514,2025-09-08 10:47:51 UTC,2025-09-08 10:47:51 UTC,,,
70015632404,channel partner,This client is a channel partner says his client need details of viviriti project. Forwarded him all details .So that he can forward to his client.,Completed,2025-09-10 05:33:00 UTC,70000110352,70000110352,70000110352,2025-09-09 05:34:14 UTC,2025-09-09 05:34:14 UTC,,,2025-09-09 05:33:36 UTC
70015632431,wanted co living space,This client need co living flat on rent. As we do only sales not rental buisness,Completed,2025-09-10 05:40:00 UTC,70000110352,70000110352,70000110352,2025-09-09 05:40:36 UTC,2025-09-09 05:40:36 UTC,,,2025-09-09 05:40:12 UTC
70015641021,Vendor,This client si a vendor wanted buisness from ARIHANT dealing with digital solution..Advice her to contact landline,Completed,2025-09-11 05:16:00 UTC,70000110352,70000110352,70000110352,2025-09-10 05:18:37 UTC,2025-09-10 05:18:37 UTC,,,2025-09-10 05:16:48 UTC
70015641044,Vendor,Advertisement recording message,Completed,2025-09-11 05:23:00 UTC,70000110352,70000110352,70000110352,2025-09-10 05:24:15 UTC,2025-09-10 05:24:15 UTC,,,2025-09-10 05:23:22 UTC
70015641087,vendor,This client is a vendor…wanted buisness from arihant,Completed,2025-09-11 05:33:00 UTC,70000110352,70000110352,70000110352,2025-09-10 05:33:43 UTC,2025-09-10 05:33:43 UTC,,,2025-09-10 05:33:24 UTC
70015641116,no contact number,There is no mobile number is this lead.. How to contact directly over phone.. all details sent through email..,Completed,2025-09-11 05:37:00 UTC,70000110352,70000110352,70000110352,2025-09-10 05:38:36 UTC,2025-09-10 05:38:36 UTC,,,2025-09-10 05:37:33 UTC
70015650750,Rnr,The person you are calling is not answering… Pls try after some time,Completed,2025-09-12 06:31:00 UTC,70000110352,70000110352,70000110352,2025-09-11 06:32:26 UTC,2025-09-11 06:32:26 UTC,,,2025-09-11 06:31:49 UTC
70015652021,not intrested,Twice client didnt respond my number. From another number client called and wife called and spoke to me . She says they are not in position to buy any property as of now,Completed,2025-09-12 07:25:00 UTC,70000110352,70000110352,70000110352,2025-09-11 07:26:43 UTC,2025-09-11 07:26:43 UTC,,,2025-09-11 07:25:56 UTC
70015652155,Client says revert back once free,Twice called to client. Client didnt respond my calls. After one hour client called me and said will call later once he is free in evening,Completed,2025-09-12 07:31:00 UTC,70000110352,70000110352,70000110352,2025-09-11 07:32:26 UTC,2025-09-11 07:32:26 UTC,,,2025-09-11 07:31:33 UTC
70015652387,dialed number does not exist,"The dialed number does not exist…tried calling so many times

",Completed,2025-09-12 07:41:00 UTC,70000110352,70000110352,70000110352,2025-09-11 07:42:20 UTC,2025-09-11 07:42:20 UTC,,,2025-09-11 07:41:26 UTC
70015666663,wanted property at tnagar /wes mamblam area,Client need property at near west mamblam /tnagar area only,Completed,2025-09-14 05:24:00 UTC,70000110352,70000110352,70000110352,2025-09-13 05:25:39 UTC,2025-09-13 05:25:39 UTC,,,2025-09-13 05:24:35 UTC
70015671239,visited site patipulam,This client is a doing real estate.. Has visited site today. Mr karthick is a driver and wanted to have details for his owner. All details sent to him. Mr kartick says he will forward this detail to his owner after having discussion. If his owner likes it then he will revert back if needed,Completed,2025-09-14 10:00:00 UTC,70000110352,70000110352,70000110352,2025-09-13 10:01:19 UTC,2025-09-13 10:01:19 UTC,,,2025-09-13 10:00:42 UTC
70015680977,follow up ,,Overdue,2025-09-18 06:29:00 UTC,70000089514,70000089514,70000089514,2025-09-15 06:30:02 UTC,2025-09-15 06:30:02 UTC,Interested,Follow up,
70015689185,viviriti project,.Client name is sonali and shown interest in project viviriti. On tuesday client said she will visit site by 3 pm on tuesday after seeing only then she will take a call,Completed,2025-09-17 05:05:00 UTC,70000110352,70000110352,70000110352,2025-09-16 05:05:57 UTC,2025-09-16 05:05:57 UTC,,,2025-09-16 05:05:58 UTC
70015689535,client wants to develop his property in punjab,This client is from punjab wanted his property to develop in punjab he is intrested in giving his property to arihant,Completed,2025-09-17 06:17:00 UTC,70000110352,70000110352,70000110352,2025-09-16 06:17:57 UTC,2025-09-16 06:17:57 UTC,,,2025-09-16 06:17:19 UTC
70015689548,Vendor,This client is a vendor..wanted buisness from arihant. This client is dealing with construction material,Completed,2025-09-17 06:19:00 UTC,70000110352,70000110352,70000110352,2025-09-16 06:20:16 UTC,2025-09-16 06:20:16 UTC,,,2025-09-16 06:20:01 UTC
70015689569,disconnecting calls,Tired calling so many times.. Client is disconnecting my calls tried calling so many times,Completed,2025-09-17 06:22:00 UTC,70000110352,70000110352,70000110352,2025-09-16 06:23:23 UTC,2025-09-16 06:23:23 UTC,,,2025-09-16 06:23:01 UTC
70015691267,the person you are calling is not answering,The person you are calling is not answering.. Tried calling so many times. This client seems to be from dubai.,Completed,2025-09-17 07:46:00 UTC,70000110352,70000110352,70000110352,2025-09-16 07:47:19 UTC,2025-09-16 07:47:19 UTC,,,2025-09-16 07:46:48 UTC
70015691490,north town client,This cient is an existing client of  north town . From tower no 24 he has purchased flat. He wants to do some alteration in his flat . So he needs drawing from arihant. Adviced him to ask north town association office. Already project handed over to association,Completed,2025-09-17 07:54:00 UTC,70000110352,70000110352,70000110352,2025-09-16 07:56:46 UTC,2025-09-16 07:56:46 UTC,,,2025-09-16 07:54:26 UTC
70015697093,Wanted to visit commercial project for study,This client want his ivf student to visit commercial project in saidapet…advice him to contact landline,Completed,2025-09-18 05:12:00 UTC,70000110352,70000110352,70000110352,2025-09-17 05:13:45 UTC,2025-09-17 05:13:45 UTC,,,2025-09-17 05:12:38 UTC
70015702975,not intrested to buy any property ,Discussed with client …now client says he is not looking any property nor any plots right now,Completed,2025-09-18 11:35:00 UTC,70000110352,70000110352,70000110352,2025-09-17 11:35:30 UTC,2025-09-17 11:35:30 UTC,,,2025-09-17 11:35:03 UTC
70015705363,Reserve 16 plots,Client name jay prakash have visited site last evening .Explained all details over phone. Client said he is looking for investment purpose only. He says he is already having land in ponjeri. farm house next to voora builders. Since lot of dust is coming to his farm land he wanted to switch over to reserve 16 project. All details explained properly. and forwarded all details. Client said will check and revert back,Completed,2025-09-19 05:19:00 UTC,70000110352,70000110352,70000110352,2025-09-18 05:20:36 UTC,2025-09-18 05:20:36 UTC,,,2025-09-18 05:19:44 UTC
70015705374,Vendor,This client is a vendor.. Wanted buisness from arihant..,Completed,2025-09-19 05:22:00 UTC,70000110352,70000110352,70000110352,2025-09-18 05:22:40 UTC,2025-09-18 05:22:40 UTC,,,2025-09-18 05:22:28 UTC
70015707612,Other enquiry,Client is enquirying about krishna battery… its a wrong window told her our is a constuction company. She need connection of krishna battery not apartment,Completed,2025-09-19 07:50:00 UTC,70000110352,70000110352,70000110352,2025-09-18 07:51:41 UTC,2025-09-18 07:51:41 UTC,,,2025-09-18 07:50:40 UTC
70015714695,vendor,This client is dealing with interior designer work wanted buisness from arihant,Completed,2025-09-20 06:57:00 UTC,70000110352,70000110352,70000110352,2025-09-19 07:08:03 UTC,2025-09-19 07:08:03 UTC,,,2025-09-19 06:57:32 UTC
70015721301,vendor,This client is a vendor dealing with buisness loan. Advice her to contact land line office,Completed,2025-09-21 05:12:00 UTC,70000110352,70000110352,70000110352,2025-09-20 05:12:51 UTC,2025-09-20 05:12:51 UTC,,,2025-09-20 05:12:34 UTC
70015736210,Reserve 16 plots,Client shown intrest in patipulam reserve 16 plots. All details sent through whats app. Client has visited site in evening by 4 pm. Again discussed with  Client says due to rain water logged in site. Will again visit site after two months and then take a call,Completed,2025-09-23 05:22:00 UTC,70000110352,70000110352,70000110352,2025-09-22 05:23:16 UTC,2025-09-22 05:23:16 UTC,,,2025-09-22 05:22:58 UTC
70015736463,Rnr,This call has been forwarded and keeps on ringing no respond from client.,Completed,2025-09-23 06:04:00 UTC,70000110352,70000110352,70000110352,2025-09-22 06:04:30 UTC,2025-09-22 06:04:30 UTC,,,2025-09-22 06:04:18 UTC
70015749287,reserve 16 plots,Discuss now with client she says cant talk now send detail through whats app. if at all intrested will revert back to you,Completed,2025-09-24 08:53:00 UTC,70000110352,70000110352,70000110352,2025-09-23 08:55:53 UTC,2025-09-23 08:55:53 UTC,,,2025-09-23 08:53:48 UTC
70015749333,Vendor,This client is a vendor dealing with buisness loans.. wanted to offer loans to arihant. Advice her to call land line,Completed,2025-09-24 08:58:00 UTC,70000110352,70000110352,70000110352,2025-09-23 08:58:25 UTC,2025-09-23 08:58:25 UTC,,,2025-09-23 08:58:04 UTC
70015751359,wnats property area from Ra puram to nungambakkam,Discussed with client ..While talking over phone client was checking our website too. he is looking property from nungambakkam to Ra puram area only. He also enquired about chamiers road project. since its commercial project. Client dropped it .Then tried to convince him regarding prithvi avenue. Client didnt like the area. He need flat siz from 2800 sqft to 4000 sqft of 4 bhk.Client says if anything is there pls let me know,Completed,2025-09-24 10:58:00 UTC,70000110352,70000110352,70000110352,2025-09-23 10:59:24 UTC,2025-09-23 10:59:24 UTC,,,2025-09-23 10:58:05 UTC
70015751807,follow up ,,Overdue,2025-09-25 06:15:00 UTC,70000089514,70000089514,70000089514,2025-09-23 11:29:16 UTC,2025-09-23 11:29:16 UTC,,,
70015756474,Re devlopment property,Client name srikanth. Wanted to do redevelopment his property at mylapore..Advice him to come down to office after having discussed with Land aqasition team.,Completed,2025-09-25 06:00:00 UTC,70000110352,70000110352,70000110352,2025-09-24 06:01:23 UTC,2025-09-24 06:01:23 UTC,,,2025-09-24 06:00:41 UTC
70015756560,Wrong number,The dialed number does not exist. Pls check the number you have dialed. Tried calling so many times answer is the same,Completed,2025-09-25 06:11:00 UTC,70000110352,70000110352,70000110352,2025-09-24 06:12:27 UTC,2025-09-24 06:12:27 UTC,,,2025-09-24 06:11:26 UTC
70015756593,Iob manager,This client is a bank manager of iob . One of our staff has taken loan . Just to find out is she working or not. Advice manager to contact hr,Completed,2025-09-25 06:16:00 UTC,70000110352,70000110352,70000110352,2025-09-24 06:16:59 UTC,2025-09-24 06:16:59 UTC,,,2025-09-24 06:16:40 UTC
70015766352,Vendor,Client says he is not looking for any property infact he is dealing with i t solution advice him to contact land line arihant,Completed,2025-09-26 05:11:00 UTC,70000110352,70000110352,70000110352,2025-09-25 05:12:15 UTC,2025-09-25 05:12:15 UTC,,,2025-09-25 05:11:43 UTC
70015766418,Vendor,Client says he is not looking for any property infact he is dealing with i t solution advice him to contact land line arihant,Completed,2025-09-26 05:23:00 UTC,70000110352,70000110352,70000110352,2025-09-25 05:24:24 UTC,2025-09-25 05:24:24 UTC,,,2025-09-25 05:23:24 UTC
70015766438,Vendor,This client is a vendor wanted buisness from arihant…adviced her to call landline arihant,Completed,2025-09-26 05:27:00 UTC,70000110352,70000110352,70000110352,2025-09-25 05:28:32 UTC,2025-09-25 05:28:32 UTC,,,2025-09-25 05:27:44 UTC
70015766449,vendor,This client is a vendor wanted buisness from arihant…adviced her to call landline arihant,Completed,2025-09-26 05:29:00 UTC,70000110352,70000110352,70000110352,2025-09-25 05:29:56 UTC,2025-09-25 05:29:56 UTC,,,2025-09-25 05:29:31 UTC
70015768084,Job vacancy,This client is asking for senior hr job vacancy.. Adviced him to contact arihant landline,Completed,2025-09-26 07:13:00 UTC,70000110352,70000110352,70000110352,2025-09-25 07:14:16 UTC,2025-09-25 07:14:16 UTC,,,2025-09-25 07:13:46 UTC
70015773261,Villa plot,Client says his parents doesnt like the place due to property facing t shape road. Client is intrested in any other plots are available,Completed,2025-09-26 11:46:00 UTC,70000110352,70000110352,70000110352,2025-09-25 11:46:52 UTC,2025-09-25 11:46:52 UTC,,,2025-09-25 11:46:42 UTC
70015773301,Vendor,This client is a construction labour supplier wanted buisness from arihant,Completed,2025-09-26 11:50:00 UTC,70000110352,70000110352,70000110352,2025-09-25 11:51:04 UTC,2025-09-25 11:51:04 UTC,,,2025-09-25 11:50:39 UTC
70015773343,Vendor,This client need buisness from arihant dealing with event work,Completed,2025-09-26 11:54:00 UTC,70000110352,70000110352,70000110352,2025-09-25 11:54:39 UTC,2025-09-25 11:54:39 UTC,,,2025-09-25 11:54:20 UTC
70015773536,patipulam plots,Now client is disconnecting my call tried calling twice. Will again try later,Completed,2025-09-26 12:11:00 UTC,70000110352,70000110352,70000110352,2025-09-25 12:12:38 UTC,2025-09-25 12:12:38 UTC,,,2025-09-25 12:11:49 UTC
70015776355,follow up for site visit for sunday ,,Overdue,2025-09-27 10:15:00 UTC,70000089514,70000089514,70000089514,2025-09-26 05:23:49 UTC,2025-09-26 05:23:49 UTC,,,
70015793975,Call for setting up Meeting ,"",Overdue,2025-09-28 06:30:00 UTC,70000089514,70000089514,70000089514,2025-09-27 10:39:06 UTC,2025-09-27 10:39:06 UTC,,Call reminder,
70015808164,Recording message,This is a voice message recording wanted buisness from arihant,Completed,2025-09-30 07:46:00 UTC,70000110352,70000110352,70000110352,2025-09-29 07:47:06 UTC,2025-09-29 07:47:06 UTC,,,2025-09-29 07:46:39 UTC
70015808316,rain tree hotel,Mr admin krishnan has booked an rooms for stay. In rain tree hotel. Wanted mr krisnan number,Completed,2025-09-30 07:52:00 UTC,70000110352,70000110352,70000110352,2025-09-29 07:53:36 UTC,2025-09-29 07:53:36 UTC,,,2025-09-29 07:52:55 UTC
70015808407,Advertisement voice recording message,This is a marketing leads advertisement… recording message,Completed,2025-09-30 07:57:00 UTC,70000110352,70000110352,70000110352,2025-09-29 07:57:54 UTC,2025-09-29 07:57:54 UTC,,,2025-09-29 07:57:17 UTC
70015812136,wanted plots in navaloor only,Client needs plot at magnolia woods only .in navaloor only next to his work place,Completed,2025-09-30 11:23:00 UTC,70000110352,70000110352,70000110352,2025-09-29 11:24:03 UTC,2025-09-29 11:24:03 UTC,,,2025-09-29 11:23:40 UTC
70015816518,vendor,Its a recording message for advertising product,Completed,2025-10-01 07:16:00 UTC,70000110352,70000110352,70000110352,2025-09-30 07:16:24 UTC,2025-09-30 07:16:24 UTC,,,2025-09-30 07:16:03 UTC
70015816618,villa plot,This client is from abroad wanted plot in maraimalai nagar . His inlaws are already staying in villa viviana senior living homes. There budget is up to 30 lakhs only. ,Completed,2025-10-01 07:19:00 UTC,70000110352,70000110352,70000110352,2025-09-30 07:19:59 UTC,2025-09-30 07:19:59 UTC,,,2025-09-30 07:19:43 UTC
70015816961,Vendor,Client looking for buisness wanted order from arihant. Adviced him to contact landline,Completed,2025-10-01 07:32:00 UTC,70000110352,70000110352,70000110352,2025-09-30 07:32:37 UTC,2025-09-30 07:32:37 UTC,,,2025-09-30 07:32:16 UTC
70015817146,Vendor,This client is a vendor.. Wanted buisness from arihant. Advice her to contact arihant landline,Completed,2025-10-01 07:37:00 UTC,70000110352,70000110352,70000110352,2025-09-30 07:37:40 UTC,2025-09-30 07:37:40 UTC,,,2025-09-30 07:37:20 UTC
70015821633,Call has been forwarded to voice mail,This cal has been forwarded to voice mail.. Tried calling so many times,Completed,2025-10-01 11:30:00 UTC,70000110352,70000110352,70000110352,2025-09-30 11:31:24 UTC,2025-09-30 11:31:24 UTC,,,2025-09-30 11:30:26 UTC
70015821681,Client need old doucuments for old project already sold,Client wanted to enquire about arihant garuda… wanted some papers document for clearance..since i was driving car. Advice him to call me later,Completed,2025-10-01 11:35:00 UTC,70000110352,70000110352,70000110352,2025-09-30 11:36:27 UTC,2025-09-30 11:36:27 UTC,,,2025-09-30 11:35:38 UTC
70015821765,not intrested,Client says she is not looking  for any plots nor any apartment,Completed,2025-10-01 11:40:00 UTC,70000110352,70000110352,70000110352,2025-09-30 11:44:44 UTC,2025-09-30 11:44:44 UTC,,,2025-09-30 11:40:37 UTC
70015821839,Not available,The person you are trying to reach is not available.. Tried calling past two days all details sent through whats app,Completed,2025-10-01 11:49:00 UTC,70000110352,70000110352,70000110352,2025-09-30 11:51:13 UTC,2025-09-30 11:51:13 UTC,,,2025-09-30 11:49:59 UTC
70015821876,Not reachable,The number you have dialed is currently busy.. Tried calling so many times,Completed,2025-10-01 11:53:00 UTC,70000110352,70000110352,70000110352,2025-09-30 11:54:27 UTC,2025-09-30 11:54:27 UTC,,,2025-09-30 11:53:43 UTC
70015821986,ekkadtangal,Client looking for commercial property in ekkatangul . Advice mr jerry to follow. After following up with jerry. Jerry said she needs 1200 sqft office space in ekkadtangul,Completed,2025-10-01 12:07:00 UTC,70000110352,70000110352,70000110352,2025-09-30 12:08:07 UTC,2025-09-30 12:08:07 UTC,,,2025-09-30 12:07:49 UTC
70015822015,not answering,The person you are calling is not answering.. Tried calling so many times,Completed,2025-10-01 12:11:00 UTC,70000110352,70000110352,70000110352,2025-09-30 12:11:41 UTC,2025-09-30 12:11:41 UTC,,,2025-09-30 12:11:21 UTC
70015849930,reserve 16 plots,This client budget is up to 25 lakhs budget wanted plot in patipulam plats. Unfourtunately our plot cost start from 45 lakhs onwards,Completed,2025-10-05 06:12:00 UTC,70000110352,70000110352,70000110352,2025-10-04 06:13:08 UTC,2025-10-04 06:13:08 UTC,,,2025-10-04 06:12:19 UTC
70015849957,patipulam plots,Client doesnt want to say his budget. All details explained and send it through whats app. he says it not with in his budget and then cuts the call,Completed,2025-10-05 06:18:00 UTC,70000110352,70000110352,70000110352,2025-10-04 06:19:04 UTC,2025-10-04 06:19:04 UTC,,,2025-10-04 06:18:33 UTC
70015871632,Client disconnecting call,The number you are calling is disconnecting your calls tried calling so many times this number belongs to maharastra state. ,Completed,2025-10-07 07:30:00 UTC,70000110352,70000110352,70000110352,2025-10-06 07:30:42 UTC,2025-10-06 07:30:42 UTC,,,2025-10-06 07:30:17 UTC
70015875524,vivriti project,Discussed with client now.. over phone. All details sent through whats app. Client said his daughter has seen the place during flood times. Again he would like to see this befor friday and then decide to buy the flat or not,Completed,2025-10-07 09:48:00 UTC,70000110352,70000110352,70000110352,2025-10-06 09:48:38 UTC,2025-10-06 09:48:38 UTC,,,2025-10-06 09:48:19 UTC
70015876005,Chamiers road project,This lead has been forwarded to mr jerry for the same. Since no details has been recieved  chamiers road project.From management ,Completed,2025-10-07 10:14:00 UTC,70000110352,70000110352,70000110352,2025-10-06 10:16:22 UTC,2025-10-06 10:16:22 UTC,,,2025-10-06 10:14:47 UTC
70015876336,Vendor,This client is a vendor wanted buisness from arihant..Advice her to contact landline,Completed,2025-10-07 10:32:00 UTC,70000110352,70000110352,70000110352,2025-10-06 10:33:28 UTC,2025-10-06 10:33:28 UTC,,,2025-10-06 10:32:53 UTC
70015876359,Vendor,This client is a vendor wanted buisness from arihant…Adviced her to contact land line,Completed,2025-10-07 10:36:00 UTC,70000110352,70000110352,70000110352,2025-10-06 10:37:00 UTC,2025-10-06 10:37:00 UTC,,,2025-10-06 10:36:29 UTC
70015876459,Not availabe The person you are calling,Call has been forwarded to voice mail.. The person you are calling is not available,Completed,2025-10-07 10:46:00 UTC,70000110352,70000110352,70000110352,2025-10-06 10:47:28 UTC,2025-10-06 10:47:28 UTC,,,2025-10-06 10:46:34 UTC
70015876504,milange project,Mr balaji is a exciting client wanted to have a site visit . Already adviced jigar to show flat,Completed,2025-10-07 10:50:00 UTC,70000110352,70000110352,70000110352,2025-10-06 10:51:19 UTC,2025-10-06 10:51:19 UTC,,,2025-10-06 10:50:59 UTC
70015876588,General enquiry,Client shown intrest on our project reserve 16. Client stayed in gee tee resorts along with family. Client wanted to enquire what is the rate. For her knowledge she wanted to know..the price. Nothing else. She is already having plot s next to our project,Completed,2025-10-07 10:59:00 UTC,70000110352,70000110352,70000110352,2025-10-06 10:59:53 UTC,2025-10-06 10:59:53 UTC,,,2025-10-06 10:59:31 UTC
70015876615,Vendor,This client is a vendor. Wanted buisness from arihant…advice her to contact landline,Completed,2025-10-07 11:01:00 UTC,70000110352,70000110352,70000110352,2025-10-06 11:02:17 UTC,2025-10-06 11:02:17 UTC,,,2025-10-06 11:01:56 UTC
70015876860,budget up to 4 cr only,Client budget is up to 4 cr only wanted flat in alwarpert /Asok nagar or annanagar only of 4 bhk flat. Client says since krishna is only 3 bhk apartment will not suites him and infact he needs community of 25 flats so that his family could enjoy the investment,Completed,2025-10-07 11:27:00 UTC,70000110352,70000110352,70000110352,2025-10-06 11:27:49 UTC,2025-10-06 11:27:49 UTC,,,2025-10-06 11:27:07 UTC
70015877141,not answering,The perso you are calling is not answering tried calling so many times since morning. Will again call some time later,Completed,2025-10-07 11:55:00 UTC,70000110352,70000110352,70000110352,2025-10-06 11:56:06 UTC,2025-10-06 11:56:06 UTC,,,2025-10-06 11:55:47 UTC
70015879630,not intrested in buying any property,Client says he has not shown any intrest on looking for any property right now,Completed,2025-10-08 05:41:00 UTC,70000110352,70000110352,70000110352,2025-10-07 05:41:58 UTC,2025-10-07 05:41:58 UTC,,,2025-10-07 05:41:32 UTC
70015879645,ringing no response,The person you are calling now is disconnecting your call right. Pls try after some time,Completed,2025-10-08 05:45:00 UTC,70000110352,70000110352,70000110352,2025-10-07 05:45:26 UTC,2025-10-07 05:45:26 UTC,,,2025-10-07 05:45:02 UTC
70015879666,vendor,This is a voice message propoganda…. wanted buisness from arihant,Completed,2025-10-08 05:47:00 UTC,70000110352,70000110352,70000110352,2025-10-07 05:49:07 UTC,2025-10-07 05:49:07 UTC,,,2025-10-07 05:47:42 UTC
70015879707,not intrested,Client responded now. Client called me back and said he is not looking any property right now due to financial stress,Completed,2025-10-08 05:54:00 UTC,70000110352,70000110352,70000110352,2025-10-07 05:55:30 UTC,2025-10-07 05:55:30 UTC,,,2025-10-07 05:55:25 UTC
70015889261,call dropped,Call getting dropped not connecting tried calling since yesterday… ,Completed,2025-10-09 05:04:00 UTC,70000110352,70000110352,70000110352,2025-10-08 05:04:30 UTC,2025-10-08 05:04:30 UTC,,,2025-10-08 05:04:05 UTC
70015901782,not intrested,Client says he is not looking any property nor any plots as of now,Completed,2025-10-10 06:04:00 UTC,70000110352,70000110352,70000110352,2025-10-09 06:04:40 UTC,2025-10-09 06:04:40 UTC,,,2025-10-09 06:04:13 UTC
70015907947,channel partner,This client is a channel partner.. wanted buisness from arihant. Advice him to contact landline for the same,Completed,2025-10-10 10:22:00 UTC,70000110352,70000110352,70000110352,2025-10-09 10:22:34 UTC,2025-10-09 10:22:34 UTC,,,2025-10-09 10:22:14 UTC
70015911963,budget upto 2.5 cr,Earlier client didnt respond my call. After some time again tried calling. Client says her budget is 2.5 cr wanted ready to occupy flat . She is looking area adyar/ Thiruvanmiyur area only. Explained about viviriti project. Client says her budget is only 2.5 cr only,Completed,2025-10-11 05:56:00 UTC,70000110352,70000110352,70000110352,2025-10-10 05:57:27 UTC,2025-10-10 05:57:27 UTC,,,2025-10-10 05:57:00 UTC
70015912043, Unable to contact over phone due no mobile number,Alll detail sent through email. Since the number is not  available unable to contact to client over phone,Completed,2025-10-11 06:10:00 UTC,70000110352,70000110352,70000110352,2025-10-10 06:12:46 UTC,2025-10-10 06:12:46 UTC,,,2025-10-10 06:10:41 UTC
70015912656,disconnecting my calls,The number you are calling is disconnecting my call. Tried calling so many times.. again will try to call after some time,Completed,2025-10-11 06:25:00 UTC,70000110352,70000110352,70000110352,2025-10-10 06:43:49 UTC,2025-10-10 06:43:49 UTC,,,2025-10-10 06:25:54 UTC
70015914540,viviriti,Again discussed with client .. Client said will his daugthter is coming next week only then he will decide.. after having site visit,Completed,2025-10-11 07:32:00 UTC,70000110352,70000110352,70000110352,2025-10-10 07:35:20 UTC,2025-10-10 07:35:20 UTC,,,2025-10-10 07:32:22 UTC
70015916265,Chanell partner,This client is a channel partner …..wanted buisness from arihant,Completed,2025-10-11 08:23:00 UTC,70000110352,70000110352,70000110352,2025-10-10 08:24:18 UTC,2025-10-10 08:24:18 UTC,,,2025-10-10 08:23:30 UTC
70015927765,Wanted flat at kilpauk,Client need 4 bhk apartment. His budget up to 8 cr… Explaine about our new new project mehek.. But says that project beyond his budget… Mehek cost starts from 12 cr on wards,Completed,2025-10-12 09:25:00 UTC,70000110352,70000110352,70000110352,2025-10-11 09:25:43 UTC,2025-10-11 09:25:43 UTC,,,2025-10-11 09:25:12 UTC
70015927884,viviriti project,Client shown intrest in viviriti project. Client need two flats in same floor. One for his relative another one need for himself. Because his wife is a gyno working near by kvt hospital… Unfortunately only one flat available. I have told client will check and revert back if another one is available. Client budget is up to 3.5 cr only each flat. All details sent through whats app. Client said will check and revert back,Completed,2025-10-12 09:30:00 UTC,70000110352,70000110352,70000110352,2025-10-11 09:31:18 UTC,2025-10-11 09:31:18 UTC,,,2025-10-11 09:31:01 UTC
70015957306,Follow up ,,Overdue,2025-10-22 07:00:00 UTC,70000089514,70000089514,70000089514,2025-10-14 12:20:53 UTC,2025-10-14 12:20:53 UTC,,,
70015959616,enquirying about krsna project,This client was enquirying about our prithvi avenue project. he wanted detial in his mothers whats app. all details sent through whats app. Client said will check and revert back after having discussed with his mother and revert back,Completed,2025-10-16 05:40:00 UTC,70000110352,70000110352,70000110352,2025-10-15 05:42:00 UTC,2025-10-15 05:42:00 UTC,,,2025-10-15 05:41:01 UTC
70015959670,krsna project,As discussed with client mom. She says his son has left for usa last night. Yesterday we have seen the property client mother says. I will tell him to give you the feed back once he respond my call,Completed,2025-10-16 05:48:00 UTC,70000110352,70000110352,70000110352,2025-10-15 05:50:32 UTC,2025-10-15 05:50:32 UTC,,,2025-10-15 05:48:58 UTC
70015959685,voice message,This is a call recording message.. Advice us what to do,Completed,2025-10-16 05:53:00 UTC,70000110352,70000110352,70000110352,2025-10-15 05:53:55 UTC,2025-10-15 05:53:55 UTC,,,2025-10-15 05:53:32 UTC
70015959751,The dialed number does not exist. Pls check the number you have dialed,The dialed number does not exist. Pls check the number you have dialed,Completed,2025-10-16 06:05:00 UTC,70000110352,70000110352,70000110352,2025-10-15 06:06:30 UTC,2025-10-15 06:06:30 UTC,,,2025-10-15 06:05:16 UTC
70015959766,call getting dropped,Call getiing dropped tried calling so many times,Completed,2025-10-16 06:08:00 UTC,70000110352,70000110352,70000110352,2025-10-15 06:09:24 UTC,2025-10-15 06:09:24 UTC,,,2025-10-15 06:09:02 UTC
70015959792,voice recording message,This call is a voice recording message.. advice us what to do,Completed,2025-10-16 06:11:00 UTC,70000110352,70000110352,70000110352,2025-10-15 06:12:18 UTC,2025-10-15 06:12:18 UTC,,,2025-10-15 06:11:59 UTC
70015968247,Resprestative will call shortly,This lead is from usha company while connecting call does not respond.. it says our respentative will call you shortly,Completed,2025-10-16 10:38:00 UTC,70000110352,70000110352,70000110352,2025-10-15 10:38:46 UTC,2025-10-15 10:38:46 UTC,,,2025-10-15 10:38:19 UTC
70015968326,kotak mahindra team,This lead is from kotak mahindra bank. They are giving loan against property… Advice them to call landline arihant,Completed,2025-10-16 10:45:00 UTC,70000110352,70000110352,70000110352,2025-10-15 10:46:11 UTC,2025-10-15 10:46:11 UTC,,,2025-10-15 10:45:38 UTC
70015971987,wanted 3 bhk apartment in vaniya vilas,Client looking 3 bhk apartment in vaniya vilas project budget is up to 2.5 crore . Unfortunately project is sold out,Completed,2025-10-17 06:43:00 UTC,70000110352,70000110352,70000110352,2025-10-16 06:44:20 UTC,2025-10-16 06:44:20 UTC,,,2025-10-16 06:43:47 UTC
70015980768,star health insurance company,This client is from star health insurance company wanted buisness from arihant,Completed,2025-10-18 05:15:00 UTC,70000110352,70000110352,70000110352,2025-10-17 05:16:55 UTC,2025-10-17 05:16:55 UTC,,,2025-10-17 05:15:56 UTC
70015981148,budget up to 1.5 .wanted flat at mgr salai,Discussed with client.. last evening. Client budget is up to 1.5 wanted three bhk flat in mgr salai. Adviced him that budget is available in saligramam. All details sent through whats app and adviced jigar to follow ups,Completed,2025-10-18 06:15:00 UTC,70000110352,70000110352,70000110352,2025-10-17 06:15:45 UTC,2025-10-17 06:15:45 UTC,,,2025-10-17 06:15:09 UTC
70015991082,reserve 16 plots patipulam,This client enquired about reserve 16 plots. As discussed all details sent through whats app. And also explained about over phone. He said he is looking for investment. He said he will check and revert,Completed,2025-10-19 07:35:00 UTC,70000110352,70000110352,70000110352,2025-10-18 07:37:01 UTC,2025-10-18 07:37:01 UTC,,,2025-10-18 07:35:45 UTC
70016018074,number not getting connect,The number you have dialed is incorrect.. Pls check the number you have dialed.. tried calling so many times,Completed,2025-10-23 05:39:00 UTC,70000110352,70000110352,70000110352,2025-10-22 05:43:44 UTC,2025-10-22 05:43:44 UTC,,,2025-10-22 05:39:52 UTC
70016018161,Vendor,This client is a vendor.. Wanted buisness  from arihant. Adviced her to contact landline,Completed,2025-10-23 06:00:00 UTC,70000110352,70000110352,70000110352,2025-10-22 06:00:46 UTC,2025-10-22 06:00:46 UTC,,,2025-10-22 06:00:32 UTC
70016018301,number busy,The number you are trying to reach is currently busy.. Pls try later tried calling so many times,Completed,2025-10-23 06:28:00 UTC,70000110352,70000110352,70000110352,2025-10-22 06:29:14 UTC,2025-10-22 06:29:14 UTC,,,2025-10-22 06:28:56 UTC
70016018635,Reserve 16 plots,Client enquired about our plots at patipulam. All details sent through whats app. Client also visited our site yesterday. Since it was rainning he was not in position to deicde which plot he wanted to go. Client said will come down to office to understand the concept. He said he will come to office with in day or two. ,Completed,2025-10-23 06:47:00 UTC,70000110352,70000110352,70000110352,2025-10-22 06:47:47 UTC,2025-10-22 06:47:47 UTC,,,2025-10-22 06:47:29 UTC
70016019219,Reserve 16 plots,Client name is saravanan. Has visited site now. He needs one ground in 40 ft road. All details sent through whats app and availibility list .Client said will check and revert back us..,Completed,2025-10-23 07:09:00 UTC,70000110352,70000110352,70000110352,2025-10-22 07:10:01 UTC,2025-10-22 07:10:01 UTC,,,2025-10-22 07:09:42 UTC
70016023370,Vaniya vilas project,Client need apartment in vaniya vilas project. Budget up to 2.5 cr only… This client is a cosmo client. unfortunately we doesnt have any apartment for sale in vaniya vilas project,Completed,2025-10-23 10:27:00 UTC,70000110352,70000110352,70000110352,2025-10-22 10:28:05 UTC,2025-10-22 10:28:05 UTC,,,2025-10-22 10:27:42 UTC
70016023739,Devan eri area ,Client need plots near devan ari.. near sea shore. Not at patipulam. area. He prefer plot next to her in laws house,Completed,2025-10-23 11:02:00 UTC,70000110352,70000110352,70000110352,2025-10-22 11:02:32 UTC,2025-10-22 11:02:32 UTC,,,2025-10-22 11:02:11 UTC
70016023789,call getting dropped,Call getting dropped tried calling so many times,Completed,2025-10-23 11:06:00 UTC,70000110352,70000110352,70000110352,2025-10-22 11:07:19 UTC,2025-10-22 11:07:19 UTC,,,2025-10-22 11:06:58 UTC
70016026608,Follow up ,,Completed,2025-11-03 05:54:00 UTC,70000089514,70000089514,70000089514,2025-10-23 05:55:10 UTC,2025-11-04 05:14:07 UTC,Interested,,2025-11-04 05:14:07 UTC
70016036359,call getting disconnected tried calling somany times,The number you have dialed first ring dialed and then get engaged. Tried calling so many times..,Completed,2025-10-25 06:23:00 UTC,70000110352,70000110352,70000110352,2025-10-24 06:24:36 UTC,2025-10-24 06:24:36 UTC,,,2025-10-24 06:24:01 UTC
70016036577,client says he is not in chennai by this month end will respond,Client says he is still in madurai. Will be back by this month end. Will again contact him regarding the same,Completed,2025-10-25 06:38:00 UTC,70000110352,70000110352,70000110352,2025-10-24 06:39:26 UTC,2025-10-24 06:39:26 UTC,,,2025-10-24 06:38:31 UTC
70016036857,not able to reach,The call has been forwarded to voice mail The person you are calling is not available,Completed,2025-10-25 06:45:00 UTC,70000110352,70000110352,70000110352,2025-10-24 06:49:08 UTC,2025-10-24 06:49:08 UTC,,,2025-10-24 06:45:50 UTC
70016037045,Not reachable,The person you are calling is not answering pls try later ..Tried calling now so many times,Completed,2025-10-25 06:54:00 UTC,70000110352,70000110352,70000110352,2025-10-24 06:55:24 UTC,2025-10-24 06:55:24 UTC,,,2025-10-24 06:54:38 UTC
70016037175,Not able to reach,The person you are calling is not answering pls try later.. Again called today the answer is the same,Completed,2025-10-25 06:59:00 UTC,70000110352,70000110352,70000110352,2025-10-24 07:00:13 UTC,2025-10-24 07:00:13 UTC,,,2025-10-24 06:59:03 UTC
70016037396,patipulam plots,While discussing to client over phone.. Client says will get back to you and then cuts the call,Completed,2025-10-25 07:05:00 UTC,70000110352,70000110352,70000110352,2025-10-24 07:05:41 UTC,2025-10-24 07:05:41 UTC,,,2025-10-24 07:05:09 UTC
70016037471,number busy,The number you have dialed is currently busy.. Pls try later,Completed,2025-10-25 07:08:00 UTC,70000110352,70000110352,70000110352,2025-10-24 07:08:39 UTC,2025-10-24 07:08:39 UTC,,,2025-10-24 07:08:25 UTC
70016037576,looking property at tirchy only,Client looking property at tiruchy only ….he doesnt want in chennai at all,Completed,2025-10-25 07:12:00 UTC,70000110352,70000110352,70000110352,2025-10-24 07:13:44 UTC,2025-10-24 07:13:44 UTC,,,2025-10-24 07:12:44 UTC
70016037992,not intrested,Client responded my call today. And said as of now he is not looking any property as of now. due to personal reasons,Completed,2025-10-25 07:27:00 UTC,70000110352,70000110352,70000110352,2025-10-24 07:27:55 UTC,2025-10-24 07:27:55 UTC,,,2025-10-24 07:27:36 UTC
70016040978,not able to reach,The number you have dialed is currently busy or not available. pls try after some time. Tried calling so many times,Completed,2025-10-25 09:32:00 UTC,70000110352,70000110352,70000110352,2025-10-24 09:35:45 UTC,2025-10-24 09:35:45 UTC,,,2025-10-24 09:32:58 UTC
70016041211,Not intrested,Client made me wait over for 3 minuites. In phone you can here doing buisness with his client. After 3 minuites client responded by saying sorry to making wait over phone. Client says he is not intrested in buying any property right now,Completed,2025-10-25 09:44:00 UTC,70000110352,70000110352,70000110352,2025-10-24 09:44:28 UTC,2025-10-24 09:44:28 UTC,,,2025-10-24 09:44:09 UTC
70016041784,not answering,The person you are calling is not answering… Pls try after some time,Completed,2025-10-25 10:19:00 UTC,70000110352,70000110352,70000110352,2025-10-24 10:19:51 UTC,2025-10-24 10:19:51 UTC,,,2025-10-24 10:19:22 UTC
70016041827,already purchased,Discussed with client over phone . Client says he has already purchased some other property budget upto 1.5cr only,Completed,2025-10-25 10:22:00 UTC,70000110352,70000110352,70000110352,2025-10-24 10:23:32 UTC,2025-10-24 10:23:32 UTC,,,2025-10-24 10:22:51 UTC
70016041929,not intrested,Discussed with client now.. Client responded my call and said not intrested,Completed,2025-10-25 10:35:00 UTC,70000110352,70000110352,70000110352,2025-10-24 10:35:30 UTC,2025-10-24 10:35:30 UTC,,,2025-10-24 10:35:14 UTC
70016041952,not intrested,Client responded my this time. Client says due to financial stress unable to buy any property at all and then cuts the call,Completed,2025-10-25 10:37:00 UTC,70000110352,70000110352,70000110352,2025-10-24 10:37:32 UTC,2025-10-24 10:37:32 UTC,,,2025-10-24 10:37:18 UTC
70016041979,not intrested,Client responded and said as of now requirement is not available.. And said thank you,Completed,2025-10-25 10:40:00 UTC,70000110352,70000110352,70000110352,2025-10-24 10:41:10 UTC,2025-10-24 10:41:10 UTC,,,2025-10-24 10:40:56 UTC
70016042015,not intrested,"This number is temporary out of service… 

 


",Completed,2025-10-25 10:43:00 UTC,70000110352,70000110352,70000110352,2025-10-24 10:44:28 UTC,2025-10-24 10:44:28 UTC,,,2025-10-24 10:43:54 UTC
70016044750,Vendor,Call rings.. and says pls dialed the extension number. Must be some vendor,Completed,2025-10-26 05:22:00 UTC,70000110352,70000110352,70000110352,2025-10-25 05:23:17 UTC,2025-10-25 05:23:17 UTC,,,2025-10-25 05:22:44 UTC
70016044777,Vendor,This client is a vendor wanted buisness from arihant,Completed,2025-10-26 05:34:00 UTC,70000110352,70000110352,70000110352,2025-10-25 05:35:11 UTC,2025-10-25 05:35:11 UTC,,,2025-10-25 05:34:55 UTC
70016044851,not reachable,The person you are calling is not answering.. Pls try later.. Tried calling so many times,Completed,2025-10-26 06:02:00 UTC,70000110352,70000110352,70000110352,2025-10-25 06:05:11 UTC,2025-10-25 06:05:11 UTC,,,2025-10-25 06:02:38 UTC
70016044870,already purchased in banglore,Discussed with client now. Client says he was suppose to buy a flat in chennai. But due to his job transfer in banglore . Client says he has purchased a flat in banglore next to his work place,Completed,2025-10-26 06:13:00 UTC,70000110352,70000110352,70000110352,2025-10-25 06:13:44 UTC,2025-10-25 06:13:44 UTC,,,2025-10-25 06:13:16 UTC
70016044885,Very busy line not getting connected,"The number you are calling is currently busy.. Pls try after some time

 
",Completed,2025-10-26 06:19:00 UTC,70000110352,70000110352,70000110352,2025-10-25 06:20:37 UTC,2025-10-25 06:20:37 UTC,,,2025-10-25 06:20:06 UTC
70016044916,client responded my call,Client has responded now. He says since his dad was not in chennai by next month he will come down once he says yes then only he will revert back,Overdue,2025-10-26 06:30:00 UTC,70000110352,70000110352,70000110352,2025-10-25 06:31:20 UTC,2025-10-25 06:31:20 UTC,,,
70016045238,Disconnecting call,Client first say hello and then disconnect.. second time when i called he is disconnecting without lifting the call,Completed,2025-10-26 06:43:00 UTC,70000110352,70000110352,70000110352,2025-10-25 06:44:02 UTC,2025-10-25 06:44:02 UTC,,,2025-10-25 06:43:43 UTC
70016045422,follow up 1,This client is a dr he works in chennai monday to friday so he will not respond. Client said to call him next friday then only he will respond back,Completed,2025-10-26 06:49:00 UTC,70000110352,70000110352,70000110352,2025-10-25 06:50:59 UTC,2025-10-25 06:50:59 UTC,,,2025-10-25 06:49:35 UTC
70016045781,tambram area only,Client says he is looking property only at tambram. his native is in mahindra city. he says he is fed up with mahindra city so he is looking plot at tambram only no where else,Completed,2025-10-26 07:02:00 UTC,70000110352,70000110352,70000110352,2025-10-25 07:03:13 UTC,2025-10-25 07:03:13 UTC,,,2025-10-25 07:02:53 UTC
70016046062,rnr,Your call cannot be completed at the moment pls try again later,Completed,2025-10-26 07:10:00 UTC,70000110352,70000110352,70000110352,2025-10-25 07:14:35 UTC,2025-10-25 07:14:35 UTC,,,2025-10-25 07:10:56 UTC
70016046153,not intrested,Client called me back.. he says he is not looking any property nor plot and says thank you,Completed,2025-10-26 07:17:00 UTC,70000110352,70000110352,70000110352,2025-10-25 07:18:36 UTC,2025-10-25 07:18:36 UTC,,,2025-10-25 07:17:19 UTC
70016046763,not intrested,Client says he is from pudukotai. Why he need apartment or plot in chennai. Infact client says he is working in car service centre cannot afford to buy any property,Completed,2025-10-26 07:23:00 UTC,70000110352,70000110352,70000110352,2025-10-25 07:44:03 UTC,2025-10-25 07:44:03 UTC,,,2025-10-25 07:23:16 UTC
70016046944,not intrested,Client says he is not looking any plots nor any flat says thank you and cut the call,Completed,2025-10-26 07:49:00 UTC,70000110352,70000110352,70000110352,2025-10-25 07:51:05 UTC,2025-10-25 07:51:05 UTC,,,2025-10-25 07:49:33 UTC
70016049695,rnr,Again tried calling to client…Client is not responding my calls Call goes into voice mail..,Completed,2025-10-26 09:32:00 UTC,70000110352,70000110352,70000110352,2025-10-25 09:37:25 UTC,2025-10-25 09:37:25 UTC,,,2025-10-25 09:32:51 UTC
70016049896,not reachable,The number you have dialed is currently busy pls try later. Tried calling so many times,Completed,2025-10-26 09:44:00 UTC,70000110352,70000110352,70000110352,2025-10-25 09:45:04 UTC,2025-10-25 09:45:04 UTC,,,2025-10-25 09:44:48 UTC
70016050020,Not available,your call has been forwarded to voice mail..the person you are calling is not available,Completed,2025-10-26 09:49:00 UTC,70000110352,70000110352,70000110352,2025-10-25 09:49:34 UTC,2025-10-25 09:49:34 UTC,,,2025-10-25 09:49:17 UTC
70016050394,voice mail,your call has been forwarded to voice mail..the person you are calling is not available,Completed,2025-10-26 10:16:00 UTC,70000110352,70000110352,70000110352,2025-10-25 10:16:53 UTC,2025-10-25 10:16:53 UTC,,,2025-10-25 10:16:31 UTC
70016053406,phone switched off,The person you are calling now is switched off…tried calling so many times,Completed,2025-10-27 04:53:00 UTC,70000110352,70000110352,70000110352,2025-10-26 04:53:32 UTC,2025-10-26 04:53:32 UTC,,,2025-10-26 04:53:16 UTC
70016053413,disconnecting,Call get rings twice and then clint cuts the call….tried calling so many times,Completed,2025-10-27 04:55:00 UTC,70000110352,70000110352,70000110352,2025-10-26 04:56:09 UTC,2025-10-26 04:56:09 UTC,,,2025-10-26 04:55:51 UTC
70016053428,not intrested,Client says they are not intrested in buying any property .nor any property and then cuts the call,Completed,2025-10-27 04:59:00 UTC,70000110352,70000110352,70000110352,2025-10-26 04:59:42 UTC,2025-10-26 04:59:42 UTC,,,2025-10-26 04:59:21 UTC
70016053509,number busy,The person you are calling is speaking to someone else pls try after some time. Tried calling so many times,Completed,2025-10-27 05:13:00 UTC,70000110352,70000110352,70000110352,2025-10-26 05:14:49 UTC,2025-10-26 05:14:49 UTC,,,2025-10-26 05:13:21 UTC
70016053517,rnr-2,The person you are calling is not answering pls try later....again tried calling so many times,Completed,2025-10-27 05:17:00 UTC,70000110352,70000110352,70000110352,2025-10-26 05:18:10 UTC,2025-10-26 05:18:10 UTC,,,2025-10-26 05:17:23 UTC
70016053520,not intrested,This number is from hubei. The number you have dialed is busy. (talking in chinease language).. Client called me again through whats app talking in chinese language and then cuts the call,Completed,2025-10-27 05:19:00 UTC,70000110352,70000110352,70000110352,2025-10-26 05:20:15 UTC,2025-10-26 05:20:15 UTC,,,2025-10-26 05:19:58 UTC
70016053531,not answering,The person you are calling not answering again tried calling so many times,Completed,2025-10-27 05:23:00 UTC,70000110352,70000110352,70000110352,2025-10-26 05:23:33 UTC,2025-10-26 05:23:33 UTC,,,2025-10-26 05:23:17 UTC
70016053538,looking property at palavaram only,Client lifted my call and says he is looking property at pallavaram only next to his work place,Completed,2025-10-27 05:25:00 UTC,70000110352,70000110352,70000110352,2025-10-26 05:25:53 UTC,2025-10-26 05:25:53 UTC,,,2025-10-26 05:25:26 UTC
70016053557,not answering tried calling so many times,The person you are calling is not answering tried calling so many times,Completed,2025-10-27 05:29:00 UTC,70000110352,70000110352,70000110352,2025-10-26 05:30:49 UTC,2025-10-26 05:30:49 UTC,,,2025-10-26 05:29:39 UTC
70016053573,Already purchased,Client responded my calls now. She says she has purchased a flat in perambur with budget of 80 lakhs next to her daughter school last month that too resale one she said,Completed,2025-10-27 05:35:00 UTC,70000110352,70000110352,70000110352,2025-10-26 05:36:10 UTC,2025-10-26 05:36:10 UTC,,,2025-10-26 05:35:36 UTC
70016053589,not intrested,Client is a old lady.. She says i am from indore and not looking any property and says sorry,Completed,2025-10-27 05:40:00 UTC,70000110352,70000110352,70000110352,2025-10-26 05:40:24 UTC,2025-10-26 05:40:24 UTC,,,2025-10-26 05:40:11 UTC
70016053619,wanted property near sea shore,Client need plots next to sea shore only and that too up to neelankarai area only. client feels its to far if any thing is near sea sore area then he is intrested,Completed,2025-10-27 05:53:00 UTC,70000110352,70000110352,70000110352,2025-10-26 05:54:25 UTC,2025-10-26 05:54:25 UTC,,,2025-10-26 05:53:59 UTC
70016053626,Call rings twice and then client cuts the call. Message says the number you have dialed is currently busy,Call rings twice and then client cuts the call. Message says the number you have dialed is currently busy,Completed,2025-10-27 05:57:00 UTC,70000110352,70000110352,70000110352,2025-10-26 05:57:54 UTC,2025-10-26 05:57:54 UTC,,,2025-10-26 05:57:23 UTC
70016053699,no response,Call ringing no respond from client….Tried calling so many times,Completed,2025-10-27 06:11:00 UTC,70000110352,70000110352,70000110352,2025-10-26 06:14:02 UTC,2025-10-26 06:14:02 UTC,,,2025-10-26 06:11:21 UTC
70016053906,Switched off,The number you are calling either switched off or not reachable at the moment tried calling so many times,Completed,2025-10-27 06:17:00 UTC,70000110352,70000110352,70000110352,2025-10-26 06:38:11 UTC,2025-10-26 06:38:11 UTC,,,2025-10-26 06:17:31 UTC
70016054193,not intrested,Client says he is not looking any property right now due to personal reasons,Completed,2025-10-27 06:42:00 UTC,70000110352,70000110352,70000110352,2025-10-26 06:42:23 UTC,2025-10-26 06:42:23 UTC,,,2025-10-26 06:42:05 UTC
70016062413,Vendor,This client is a vendor.. wanted buisness from arihant,Completed,2025-10-28 05:37:00 UTC,70000110352,70000110352,70000110352,2025-10-27 05:38:05 UTC,2025-10-27 05:38:05 UTC,,,2025-10-27 05:37:52 UTC
70016062446,looking property at east tambram only,Discussed with client .. explained all the details about our project. Client says he is looking property at east tambream only no where else,Completed,2025-10-28 05:45:00 UTC,70000110352,70000110352,70000110352,2025-10-27 05:46:07 UTC,2025-10-27 05:46:07 UTC,,,2025-10-27 05:45:44 UTC
70016062713,Reserve 16 plots,Client enquired about patipulam plots reserve 16 while travelling towards pondicherry. Client looking plots near kovallam . Client said will call back with in 10 minuites if they wanted to visit site . All details sent through whats app. ,Completed,2025-10-28 06:29:00 UTC,70000110352,70000110352,70000110352,2025-10-27 06:29:59 UTC,2025-10-27 06:29:59 UTC,,,2025-10-27 06:29:31 UTC
70016062866,General enquiery,Thisclient is having 3 acres land parcel opp to gee tee resorts. On the way he sas seen reserve 16 plots. Client is dealing with building lifting materials.. Client says its an general enquiry just wanted to know the current price to evaluate his property which is under litication,Completed,2025-10-28 06:36:00 UTC,70000110352,70000110352,70000110352,2025-10-27 06:37:21 UTC,2025-10-27 06:37:21 UTC,,,2025-10-27 06:36:51 UTC
70016063091,does not exist,The dialed number does not exist pls check the number you have dialed,Completed,2025-10-28 06:43:00 UTC,70000110352,70000110352,70000110352,2025-10-27 06:45:37 UTC,2025-10-27 06:45:37 UTC,,,2025-10-27 06:43:40 UTC
70016063240,dialed number does not exist,The dialed number does not exist.. Pls check the number you have dialed,Completed,2025-10-28 06:51:00 UTC,70000110352,70000110352,70000110352,2025-10-27 06:51:35 UTC,2025-10-27 06:51:35 UTC,,,2025-10-27 06:51:14 UTC
70016063293,dialed number does not exist,The dialed number does not exist pls check the number you have dialed,Completed,2025-10-28 06:52:00 UTC,70000110352,70000110352,70000110352,2025-10-27 06:53:23 UTC,2025-10-27 06:53:23 UTC,,,2025-10-27 06:52:34 UTC
70016064529,switched oof,"The number you are calling is switched off or not reachable at the moment.. tried calling so many times since sunday ,orning till now",Completed,2025-10-28 07:32:00 UTC,70000110352,70000110352,70000110352,2025-10-27 07:33:10 UTC,2025-10-27 07:33:10 UTC,,,2025-10-27 07:32:35 UTC
70016064792,the dialed number does not exist,The dialed number does not exist.. Pls check the number you have dialed   tried calling so many times,Completed,2025-10-28 07:40:00 UTC,70000110352,70000110352,70000110352,2025-10-27 07:41:26 UTC,2025-10-27 07:41:26 UTC,,,2025-10-27 07:40:56 UTC
70016068475,follow up ,,Overdue,2025-10-31 06:15:00 UTC,70000089514,70000089514,70000089514,2025-10-27 09:43:02 UTC,2025-10-27 09:43:02 UTC,,,
70016068688,rental,"Client says he is looking for rental with budget up to 50 k.. Not for sale



",Completed,2025-10-28 09:53:00 UTC,70000110352,70000110352,70000110352,2025-10-27 09:54:09 UTC,2025-10-27 09:54:09 UTC,,,2025-10-27 09:53:50 UTC
70016068728,not intrested,Client says he is not looking for any property as of now and says thank you,Completed,2025-10-28 09:56:00 UTC,70000110352,70000110352,70000110352,2025-10-27 09:57:17 UTC,2025-10-27 09:57:17 UTC,,,2025-10-27 09:57:01 UTC
70016068927,not intrested,Client says she is not looking for any property as of now and says thank you..due to personal reasons,Completed,2025-10-28 10:03:00 UTC,70000110352,70000110352,70000110352,2025-10-27 10:08:20 UTC,2025-10-27 10:08:20 UTC,,,2025-10-27 10:03:50 UTC
70016068979,not intrested,Client says not intrested in buying any property and then cuts the call,Completed,2025-10-28 10:11:00 UTC,70000110352,70000110352,70000110352,2025-10-27 10:11:47 UTC,2025-10-27 10:11:47 UTC,,,2025-10-27 10:11:31 UTC
70016069001,Not intrested,Client says he is not looking for plot not any flat as of now and then cuts the call,Completed,2025-10-28 10:15:00 UTC,70000110352,70000110352,70000110352,2025-10-27 10:15:31 UTC,2025-10-27 10:15:31 UTC,,,2025-10-27 10:15:17 UTC
70016069028,not able to reach,The person you are calling is not answering…tagain tried calling so many times,Completed,2025-10-28 10:19:00 UTC,70000110352,70000110352,70000110352,2025-10-27 10:19:38 UTC,2025-10-27 10:19:38 UTC,,,2025-10-27 10:19:20 UTC
70016069072,not intrested,Client says he is not looking any property right now and then cuts the call,Completed,2025-10-28 10:23:00 UTC,70000110352,70000110352,70000110352,2025-10-27 10:24:17 UTC,2025-10-27 10:24:17 UTC,,,2025-10-27 10:23:48 UTC
70016069131,not intrested,Client says he has already seen the property and he feels too far away from his work place . He is working in mepz in tambram .So he has already purchased in mepz,Completed,2025-10-28 10:29:00 UTC,70000110352,70000110352,70000110352,2025-10-27 10:34:00 UTC,2025-10-27 10:34:00 UTC,,,2025-10-27 10:29:03 UTC
70016069243,phone out of service,The number you are calling is temporarily out of service,Completed,2025-10-28 10:36:00 UTC,70000110352,70000110352,70000110352,2025-10-27 10:36:48 UTC,2025-10-27 10:36:48 UTC,,,2025-10-27 10:36:15 UTC
70016069424,Wanted plot at pergaulatur,Client need plot near perengulatur only from main road it should 1 km away. villa vivana is very far away from work place,Completed,2025-10-28 10:42:00 UTC,70000110352,70000110352,70000110352,2025-10-27 10:43:07 UTC,2025-10-27 10:43:07 UTC,,,2025-10-27 10:42:43 UTC
70016069530,wanted plot in uthandi next to sea shore,Client says he needs plot next to seashore not in opposite side.. wanted one ground that too near uthandi not in patipulam nor in mahaballipuram,Completed,2025-10-28 10:57:00 UTC,70000110352,70000110352,70000110352,2025-10-27 10:58:08 UTC,2025-10-27 10:58:08 UTC,,,2025-10-27 10:57:37 UTC
70016069596,Follow up ,,Overdue,2025-11-04 05:30:00 UTC,70000089514,70000089514,70000089514,2025-10-27 11:04:32 UTC,2025-10-27 11:04:32 UTC,,,
70016069646,not intrested,Client says he has dropped to buy property because of his children future. He has invested in there studies in abroad .,Completed,2025-10-28 11:10:00 UTC,70000110352,70000110352,70000110352,2025-10-27 11:10:16 UTC,2025-10-27 11:10:16 UTC,,,2025-10-27 11:10:03 UTC
70016069708,rental,Client says he is not looking any property right now. He needs apartment for rental . Budget up to 20000 only wanted in karappakam,Completed,2025-10-28 11:14:00 UTC,70000110352,70000110352,70000110352,2025-10-27 11:14:28 UTC,2025-10-27 11:14:28 UTC,,,2025-10-27 11:14:11 UTC
70016069770,wanted flat near airport,Client looking apartment near airport. They need 2 bhk apart.. only budget up to 80 lakhs ,Completed,2025-10-28 11:18:00 UTC,70000110352,70000110352,70000110352,2025-10-27 11:18:25 UTC,2025-10-27 11:18:25 UTC,,,2025-10-27 11:18:02 UTC
70016069969,not intrested,Client says no he is not looking any property and then cuts the call,Completed,2025-10-28 11:29:00 UTC,70000110352,70000110352,70000110352,2025-10-27 11:29:16 UTC,2025-10-27 11:29:16 UTC,,,2025-10-27 11:29:02 UTC
70016070013,budget 1.5 cr only,Client says looking property at adyar and thiruvanmiyur only with budget up to 1.5 cr. wanted flat next to her work place,Completed,2025-10-28 11:32:00 UTC,70000110352,70000110352,70000110352,2025-10-27 11:33:24 UTC,2025-10-27 11:33:24 UTC,,,2025-10-27 11:32:59 UTC
70016075481,number not reachable,"Pls check the number you have dialed….The number you are dialing is not reachable

 


",Completed,2025-10-29 05:12:00 UTC,70000110352,70000110352,70000110352,2025-10-28 05:13:25 UTC,2025-10-28 05:13:25 UTC,,,2025-10-28 05:12:40 UTC
70016075532,budget,After discussion with client all details sent through whats app. Client said he will visit site on saturday. Client budget up to 1 cr only. Mr naren has attended in site,Completed,2025-10-29 05:18:00 UTC,70000110352,70000110352,70000110352,2025-10-28 05:28:09 UTC,2025-10-28 05:28:09 UTC,,,2025-10-28 05:18:07 UTC
70016078205,follow up,,Overdue,2025-10-31 06:00:00 UTC,70000089514,70000089514,70000089514,2025-10-28 07:55:37 UTC,2025-10-28 07:55:37 UTC,,Follow up,
70016082316,mgr salai,Client intrested in mgr salai project only…. no other property advice him to call back after one month only since its plan has gone for approval ,Completed,2025-10-29 11:30:00 UTC,70000110352,70000110352,70000110352,2025-10-28 11:31:51 UTC,2025-10-28 11:31:51 UTC,,,2025-10-28 11:30:36 UTC
70016082379,krsna project,after discussion with client all details sent through whats app. today morning spoke with client again and arranged for the site visit. Client liked the place and also the flat. But he needs in second floor only not in first floor. Unfortunately second floor flat already sold out,Completed,2025-10-29 11:37:00 UTC,70000110352,70000110352,70000110352,2025-10-28 11:38:02 UTC,2025-10-28 11:38:02 UTC,,,2025-10-28 11:37:39 UTC
70016082702,APtipulam plots,Discussed with client now. Client stays near kelambakkam. due to  bad weather client unable to visit site. Alll details sent through whats app. Client said this week end will try to visit site and revert,Completed,2025-10-29 12:08:00 UTC,70000110352,70000110352,70000110352,2025-10-28 12:08:46 UTC,2025-10-28 12:08:46 UTC,,,2025-10-28 12:08:12 UTC
70016082765,vendor,Mesaage says thank you for calling us we will get back to you shortly.. ,Completed,2025-10-29 12:13:00 UTC,70000110352,70000110352,70000110352,2025-10-28 12:13:30 UTC,2025-10-28 12:13:30 UTC,,,2025-10-28 12:13:18 UTC
70016085060,Follow up ,,Overdue,2025-11-04 05:30:00 UTC,70000089514,70000089514,70000089514,2025-10-29 06:01:43 UTC,2025-10-29 06:01:43 UTC,,,
70016085175,reserve 16,This client is my sons jigar friend father.. in the month of april he has seen the site. at that time client says nothing was developed. Again today we spoke . All details sent through whats app. Client says this week end will try to do site visit and then revert,Completed,2025-10-30 06:24:00 UTC,70000110352,70000110352,70000110352,2025-10-29 06:24:48 UTC,2025-10-29 06:24:48 UTC,,,2025-10-29 06:24:07 UTC
70016085523,milange,Client enquired about milange project. earlier. All details sent through whats app. Again contacted today. Client said right now he is in work will talk later and cut the call..,Completed,2025-10-30 06:39:00 UTC,70000110352,70000110352,70000110352,2025-10-29 06:40:42 UTC,2025-10-29 06:40:42 UTC,,,2025-10-29 06:39:22 UTC
70016085690,Ringing no response,The person you are calling is not answering pls try after some time,Completed,2025-10-30 06:46:00 UTC,70000110352,70000110352,70000110352,2025-10-29 06:48:03 UTC,2025-10-29 06:48:03 UTC,,,2025-10-29 06:46:21 UTC
70016085923,Temporary out of service,The number you are trying to reach.. cannot recieve incoming calls. ( message in bengali too). tried calling so many times,Completed,2025-10-30 06:54:00 UTC,70000110352,70000110352,70000110352,2025-10-29 06:55:35 UTC,2025-10-29 06:55:35 UTC,,,2025-10-29 06:55:30 UTC
70016086143,Temporary out of service,The number you are trying to call the incoming call cannot recieved.. tried calling so many times,Completed,2025-10-30 07:01:00 UTC,70000110352,70000110352,70000110352,2025-10-29 07:01:40 UTC,2025-10-29 07:01:40 UTC,,,2025-10-29 07:01:11 UTC
70016086292,not able to reach,The person you are calling is not answering tried calling so many times.. all details sent through whats app. But no response from client,Completed,2025-10-30 07:06:00 UTC,70000110352,70000110352,70000110352,2025-10-29 07:06:48 UTC,2025-10-29 07:06:48 UTC,,,2025-10-29 07:06:19 UTC
70016086764,client not intrested in south facing plot. They need only north facing plot,Client says they have seen the plot in villa viviana. Client says they are not happy with the plot facing they need only north facing only Unfortunately our plot is south facing,Completed,2025-10-30 07:24:00 UTC,70000110352,70000110352,70000110352,2025-10-29 07:25:27 UTC,2025-10-29 07:25:27 UTC,,,2025-10-29 07:24:36 UTC
70016090191,npt intrested,Client says he has drop the plan to buy any property no  due to perssonal reasons,Completed,2025-10-30 09:38:00 UTC,70000110352,70000110352,70000110352,2025-10-29 09:40:12 UTC,2025-10-29 09:40:12 UTC,,,2025-10-29 09:38:37 UTC
70016090347,no response,Again called to client.. Client is not lifting my calls tried calling so many times,Completed,2025-10-30 09:45:00 UTC,70000110352,70000110352,70000110352,2025-10-29 09:46:20 UTC,2025-10-29 09:46:20 UTC,,,2025-10-29 09:45:53 UTC
70016101494,Follow up,,Overdue,2025-12-27 09:10:00 UTC,70000110350,70000110350,70000110350,2025-10-30 09:11:31 UTC,2025-10-30 09:11:31 UTC,,,
70016103459,follow up,,Overdue,2025-10-31 12:45:00 UTC,70000110350,70000110350,70000110350,2025-10-30 11:02:39 UTC,2025-10-30 11:02:39 UTC,,,
70016103812,follow ,,Completed,2025-11-07 11:40:00 UTC,70000110350,70000110350,70000110350,2025-10-30 11:40:26 UTC,2026-04-22 09:49:52 UTC,,,2026-04-22 09:49:52 UTC
70016108256,vendor,This client is a vendor wanted buisness from arihant advice her to call arihant land lines,Completed,2025-11-01 07:23:00 UTC,70000110352,70000110352,70000110352,2025-10-31 07:25:18 UTC,2025-10-31 07:25:18 UTC,,,2025-10-31 07:23:51 UTC
70016108733,Vendor,This client is a vendor.. Advice him to contact landline dealing with digital solutions,Completed,2025-11-01 07:40:00 UTC,70000110352,70000110352,70000110352,2025-10-31 07:41:11 UTC,2025-10-31 07:41:11 UTC,,,2025-10-31 07:40:41 UTC
70016118497,Not able to reach,Not able to connect voice is echoing….and when i call back call drops,Completed,2025-11-02 06:19:00 UTC,70000110352,70000110352,70000110352,2025-11-01 06:20:34 UTC,2025-11-01 06:20:34 UTC,,,2025-11-01 06:19:21 UTC
70016118524,call getting dropped,This call also get dropped unable to connect….tried calling so many times,Completed,2025-11-02 06:24:00 UTC,70000110352,70000110352,70000110352,2025-11-01 06:24:48 UTC,2025-11-01 06:24:48 UTC,,,2025-11-01 06:24:19 UTC
70016118894,out of service,The number you are trying to call cannot recieve in coming calls,Completed,2025-11-02 06:42:00 UTC,70000110352,70000110352,70000110352,2025-11-01 06:43:13 UTC,2025-11-01 06:43:13 UTC,,,2025-11-01 06:42:55 UTC
70016118935,not able to reach,Long ring is ringing and then disconnect the ring. Tried calling so many times. Client does the same ,Completed,2025-11-02 06:44:00 UTC,70000110352,70000110352,70000110352,2025-11-01 06:45:15 UTC,2025-11-01 06:45:15 UTC,,,2025-11-01 06:44:55 UTC
70016122483,number suspended,This number has been suspended. Tried calling so many times,Completed,2025-11-02 08:32:00 UTC,70000110352,70000110352,70000110352,2025-11-01 08:32:41 UTC,2025-11-01 08:32:41 UTC,,,2025-11-01 08:32:06 UTC
70016122882,not intrested,Client responded my calls now said they are not intrested in buying plot or no apartment and then cuts the call,Completed,2025-11-02 08:44:00 UTC,70000110352,70000110352,70000110352,2025-11-01 08:44:54 UTC,2025-11-01 08:44:54 UTC,,,2025-11-01 08:44:43 UTC
70016123189,reserve 16 plot. ,Discussed with client through whats app. And  visited him in office at night last evening. Explained all details orally and hand over the brouchure. Client said he will try to visit site on sunday and then decide .,Completed,2025-11-02 08:53:00 UTC,70000110352,70000110352,70000110352,2025-11-01 08:54:20 UTC,2025-11-01 08:54:20 UTC,,,2025-11-01 08:53:42 UTC
70016123360,disconnecting calls,Client is disconnecting my calls.. first long ring goes and the call . Tried calling so many times,Completed,2025-11-02 08:59:00 UTC,70000110352,70000110352,70000110352,2025-11-01 08:59:49 UTC,2025-11-01 08:59:49 UTC,,,2025-11-01 08:59:21 UTC
70016123507,not intrested,Client says he is not intrested in buying any property nor any plot as of now,Completed,2025-11-02 09:03:00 UTC,70000110352,70000110352,70000110352,2025-11-01 09:04:09 UTC,2025-11-01 09:04:09 UTC,,,2025-11-01 09:03:58 UTC
70016124345,number busy,The person you are calling is currently busy tried calling so many times,Completed,2025-11-02 09:28:00 UTC,70000110352,70000110352,70000110352,2025-11-01 09:29:53 UTC,2025-11-01 09:29:53 UTC,,,2025-11-01 09:28:02 UTC
70016124764,not intrested,Client says not intrested in buying any property as discussed,Completed,2025-11-02 09:41:00 UTC,70000110352,70000110352,70000110352,2025-11-01 09:41:59 UTC,2025-11-01 09:41:59 UTC,,,2025-11-01 09:41:46 UTC
70016124886,switched off,Client says not intrested in buying any property as discussed,Completed,2025-11-02 09:44:00 UTC,70000110352,70000110352,70000110352,2025-11-01 09:44:48 UTC,2025-11-01 09:44:48 UTC,,,2025-11-01 09:44:34 UTC
70016124968,switched off,The number you are calling is switched of… Tried calling so many times,Completed,2025-11-02 09:46:00 UTC,70000110352,70000110352,70000110352,2025-11-01 09:47:19 UTC,2025-11-01 09:47:19 UTC,,,2025-11-01 09:47:01 UTC
70016125284,not intrested,Client says not intrested due to personal reason,Completed,2025-11-02 09:56:00 UTC,70000110352,70000110352,70000110352,2025-11-01 09:56:55 UTC,2025-11-01 09:56:55 UTC,,,2025-11-01 09:56:44 UTC
70016141254,resrve 16,"Dr prem kumar has visited site yesterday evening.Before that he has spoke to mr naren over phone. And then discussed with me client loooking property for his school ..Client says he has politcal link and purely looking property for schoo; trust. He require 4 acres. I requeated him to come down to office for further discussion so it will be easier. Client says he has already told naren to meet him on 8th november. But i requested him to come and meet in office face to face so that it will be easy for him to select plots. Requested to remind him on 4thnovember

",Completed,2025-11-04 05:18:00 UTC,70000110352,70000110352,70000110352,2025-11-03 05:18:36 UTC,2025-11-03 05:18:36 UTC,,,2025-11-03 05:18:07 UTC
70016141276,flowers road project,Client enquirying about flowers road project.. Client budget is up to 4 cr only.. Unfortunately our budget starts from 12 cr onwards,Completed,2025-11-04 05:23:00 UTC,70000110352,70000110352,70000110352,2025-11-03 05:23:56 UTC,2025-11-03 05:23:56 UTC,,,2025-11-03 05:23:03 UTC
70016141310,krsna project,Client says he is looking for his brother.. He says he is a manger of other properties . Wanted details of abhirampuram. Client says he will share the details what ihave forwarded to him and revert back next day and revert,Completed,2025-11-04 05:30:00 UTC,70000110352,70000110352,70000110352,2025-11-03 05:31:12 UTC,2025-11-03 05:31:12 UTC,,,2025-11-03 05:30:54 UTC
70016141388,disconnecting calls, Feels like client is disconnecting. First it rings and then it says the person you are calling is currently busy,Completed,2025-11-04 05:42:00 UTC,70000110352,70000110352,70000110352,2025-11-03 05:42:37 UTC,2025-11-03 05:42:37 UTC,,,2025-11-03 05:42:10 UTC
70016141450,Follow up,For site visit,Overdue,2025-11-05 10:30:00 UTC,70000089514,70000089514,70000089514,2025-11-03 05:54:13 UTC,2025-11-03 05:54:13 UTC,,Follow up,
70016143034,milange,Client has visited site and last week and our team has attended. Client says he has finalized the resale flat  since he wanted to move in further early,Completed,2025-11-04 07:15:00 UTC,70000110352,70000110352,70000110352,2025-11-03 07:16:55 UTC,2025-11-03 07:16:55 UTC,,,2025-11-03 07:15:16 UTC
70016150753,Site visit ,,Overdue,2025-11-06 05:15:00 UTC,70000089514,70000089514,70000089514,2025-11-04 05:13:59 UTC,2025-11-04 05:13:59 UTC,Interested,,
70016150825,Follow up,,Overdue,2025-11-04 06:30:00 UTC,70000089514,70000089514,70000089514,2025-11-04 05:27:38 UTC,2025-11-04 05:27:38 UTC,,Follow up,
70016153338,Vendors,This client is a builder wanted to sell there product.. Adviced her we are to builders,Completed,2025-11-05 07:35:00 UTC,70000110352,70000110352,70000110352,2025-11-04 07:36:02 UTC,2025-11-04 07:36:02 UTC,,,2025-11-04 07:35:48 UTC
70016153386,patipulam plots ,Client name is adil he has seen our hoarding in ecr while travelling towards mahaballipuram have called us. Explained all detail over phone and through whats app.. too .Client said will check and revert back to you,Completed,2025-11-05 07:37:00 UTC,70000110352,70000110352,70000110352,2025-11-04 07:37:34 UTC,2025-11-04 07:37:34 UTC,,,2025-11-04 07:37:13 UTC
70016153700,Not intrested,Your call has been forwarded to voice mail….tried calling so many times will again try to call after some time,Completed,2025-11-05 07:46:00 UTC,70000110352,70000110352,70000110352,2025-11-04 07:47:09 UTC,2025-11-04 07:47:09 UTC,,,2025-11-04 07:46:36 UTC
70016153777,Not intrested,Client revert my calls and said he is not intrested in buying any property infact he wants buisness from arihant,Completed,2025-11-05 07:48:00 UTC,70000110352,70000110352,70000110352,2025-11-04 07:49:10 UTC,2025-11-04 07:49:10 UTC,,,2025-11-04 07:48:55 UTC
70016155240,milange project,anarock was in site so forwarded this lead to mr karthick. Now anarock is not active soagain contacted to client . Client responded and they are looking east facing flat.. all details sent through whats app. Client says need one week time . Since they are busy with personal function,Completed,2025-11-05 08:48:00 UTC,70000110352,70000110352,70000110352,2025-11-04 08:49:02 UTC,2025-11-04 08:49:02 UTC,,,2025-11-04 08:48:39 UTC
70016155374,Vendor,This client is a vendor…..dealing electrical panelling wanted buisness from arihant,Completed,2025-11-05 08:54:00 UTC,70000110352,70000110352,70000110352,2025-11-04 08:54:37 UTC,2025-11-04 08:54:37 UTC,,,2025-11-04 08:54:25 UTC
70016155535,not able to reach. the person you are trying to rech is not available,The person you are trying to reach is now available. tried calling so many times ,Completed,2025-11-05 08:59:00 UTC,70000110352,70000110352,70000110352,2025-11-04 09:00:32 UTC,2025-11-04 09:00:32 UTC,,,2025-11-04 08:59:44 UTC
70016155770,not intrested,Again contacted today to client and said we are not intrested to buy any properties right now and then cuts the call,Completed,2025-11-05 09:07:00 UTC,70000110352,70000110352,70000110352,2025-11-04 09:09:48 UTC,2025-11-04 09:09:48 UTC,,,2025-11-04 09:07:56 UTC
70016156170,not reachable,The person  you are calling line not getting connected… Tried calling so many times,Completed,2025-11-05 09:24:00 UTC,70000110352,70000110352,70000110352,2025-11-04 09:25:05 UTC,2025-11-04 09:25:05 UTC,,,2025-11-04 09:24:47 UTC
70016156245,not intrested,Again discussed with client now. Client says her husband says no because they cannot afford to buy property as of now,Completed,2025-11-05 09:27:00 UTC,70000110352,70000110352,70000110352,2025-11-04 09:27:32 UTC,2025-11-04 09:27:32 UTC,,,2025-11-04 09:27:17 UTC
70016156330,Not intrested,Client says he doesnt need any plot or any property right now. Cannot afford to buy,Completed,2025-11-05 09:30:00 UTC,70000110352,70000110352,70000110352,2025-11-04 09:31:09 UTC,2025-11-04 09:31:09 UTC,,,2025-11-04 09:30:54 UTC
70016157284,Discussed with client now says he is not intrested in buying any property right now   ,"Discussed with client now says he is not intrested in buying any property right now

 


",Completed,2025-11-05 10:24:00 UTC,70000110352,70000110352,70000110352,2025-11-04 10:25:11 UTC,2025-11-04 10:25:11 UTC,,,2025-11-04 10:24:31 UTC
70016157327,Wanted only north facing plot,Again discussed with client. Client says he need plot only north facing one only and also says that he might look for some other builders property too.. Unfortunately we have only one plot left with south facing,Completed,2025-11-05 10:28:00 UTC,70000110352,70000110352,70000110352,2025-11-04 10:29:25 UTC,2025-11-04 10:29:25 UTC,,,2025-11-04 10:28:30 UTC
70016160422,Bangalore project follow up ,,Overdue,2026-01-08 04:54:00 UTC,70000089514,70000089514,70000089514,2025-11-05 04:54:41 UTC,2025-11-05 04:54:41 UTC,,Follow up,
70016160665,Arrange for site visit for Sunday,Arrange Cab for Sunday 9th Nov.,Completed,2025-11-08 05:30:00 UTC,70000110350,70000110350,70000110350,2025-11-05 05:31:28 UTC,2025-11-08 05:20:22 UTC,,,2025-11-08 05:20:13 UTC
70016173054,channel partner,This client is a channel partner from ambattur. He says he is having a ground in mount road for out right purchase. Told him we are looking only join venture,Completed,2025-11-07 05:18:00 UTC,70000110352,70000110352,70000110352,2025-11-06 05:18:40 UTC,2025-11-06 05:18:40 UTC,,,2025-11-06 05:18:14 UTC
70016173078,Vendor,Client says she is not intrested in any plot nor any property purchase. She said she is a vendor dealing with it solution,Completed,2025-11-07 05:23:00 UTC,70000110352,70000110352,70000110352,2025-11-06 05:23:48 UTC,2025-11-06 05:23:48 UTC,,,2025-11-06 05:23:19 UTC
70016173133,looking property in thiruvanmiyur,Client need two bhk flat in tirvanmiyur area budget with of 2 crores only . Since his kids are tiruvanmyur ares he is lookig even resale one too,Completed,2025-11-07 05:33:00 UTC,70000110352,70000110352,70000110352,2025-11-06 05:34:55 UTC,2025-11-06 05:34:55 UTC,,,2025-11-06 05:33:23 UTC
70016173183,channel partner,This client is a channel partner firm name united developers and promoters wanted buisness from arihant. Advice him to come down to office,Completed,2025-11-07 05:43:00 UTC,70000110352,70000110352,70000110352,2025-11-06 05:43:45 UTC,2025-11-06 05:43:45 UTC,,,2025-11-06 05:43:05 UTC
70016173217,resale flat purchased,"Client has seen the milange project. Client says didnt like the approach road of project. Says he has purchase resale flat in esta by some brokers

",Completed,2025-11-07 05:50:00 UTC,70000110352,70000110352,70000110352,2025-11-06 05:51:10 UTC,2025-11-06 05:51:10 UTC,,,2025-11-06 05:50:48 UTC
70016173294,budget wanted plot 1500 rs per sqft all inclusive,Discussed with client now regarding patipulam plots. Client says he is looking budget of 1500 rs per sqft range all inclusive. Unfortunately our budget starts from 3500 rs per sqft plus other charges,Completed,2025-11-07 06:02:00 UTC,70000110352,70000110352,70000110352,2025-11-06 06:03:14 UTC,2025-11-06 06:03:14 UTC,,,2025-11-06 06:02:37 UTC
70016173345,not reachable,Incoming call facility is not available in clients phone.. Tried calling so many times,Completed,2025-11-07 06:07:00 UTC,70000110352,70000110352,70000110352,2025-11-06 06:07:53 UTC,2025-11-06 06:07:53 UTC,,,2025-11-06 06:07:37 UTC
70016173371,Nanadanam area rental,Client says he is looking flat on rent . Rental budget up to 50000 only. looking property at nandanam area,Completed,2025-11-07 06:11:00 UTC,70000110352,70000110352,70000110352,2025-11-06 06:11:56 UTC,2025-11-06 06:11:56 UTC,,,2025-11-06 06:11:25 UTC
70016173402,already purchased resale one,Again discussed with client now. Client says he has purchased a flat in besant nagar area resale one cost price 20000 rs per sqft since our project not yet started,Completed,2025-11-07 06:16:00 UTC,70000110352,70000110352,70000110352,2025-11-06 06:16:56 UTC,2025-11-06 06:16:56 UTC,,,2025-11-06 06:16:08 UTC
70016173449,not intrested in buying any property as of now,Client says he is not looking any plots nor any apartment . Says thanks and cut the call,Completed,2025-11-07 06:21:00 UTC,70000110352,70000110352,70000110352,2025-11-06 06:21:49 UTC,2025-11-06 06:21:49 UTC,,,2025-11-06 06:21:22 UTC
70016173493,not intrested,Client says i have no requirement as of now. If at all any thing is there i will call you till then do not disturb,Completed,2025-11-07 06:29:00 UTC,70000110352,70000110352,70000110352,2025-11-06 06:29:46 UTC,2025-11-06 06:29:46 UTC,,,2025-11-06 06:29:34 UTC
70016173608,looking plots at omr only,Client says its too far from omr. They are looking plots at navallor only.. Now where else next to his work place,Completed,2025-11-07 06:34:00 UTC,70000110352,70000110352,70000110352,2025-11-06 06:34:50 UTC,2025-11-06 06:34:50 UTC,,,2025-11-06 06:34:13 UTC
70016173863,not looking any property as of now,Discussed with client now. Client says he is not looking any property now . Will let us know once he decide to see any property,Completed,2025-11-07 06:41:00 UTC,70000110352,70000110352,70000110352,2025-11-06 06:41:56 UTC,2025-11-06 06:41:56 UTC,,,2025-11-06 06:41:29 UTC
70016174087,in coming calls facility not available,Incoming calls facility is not available in this number.. Tried calling so many times,Completed,2025-11-07 06:48:00 UTC,70000110352,70000110352,70000110352,2025-11-06 06:48:57 UTC,2025-11-06 06:48:57 UTC,,,2025-11-06 06:48:18 UTC
70016174327,plan dropped,Client says They have dropped the plan for see any property right now . Because of personal reasons,Completed,2025-11-07 06:54:00 UTC,70000110352,70000110352,70000110352,2025-11-06 06:54:41 UTC,2025-11-06 06:54:41 UTC,,,2025-11-06 06:54:26 UTC
70016174821,not intrested,Client says due to transfer in banglore client has already purchased  property in banglore,Completed,2025-11-07 07:01:00 UTC,70000110352,70000110352,70000110352,2025-11-06 07:05:41 UTC,2025-11-06 07:06:11 UTC,Not interested,,2025-11-06 07:06:11 UTC
70016175212,budget,Client says he need 600 sqft plots at omr area only. Not at ecr.. client says his budget is up to 30 lakhs only,Completed,2025-11-07 07:15:00 UTC,70000110352,70000110352,70000110352,2025-11-06 07:15:58 UTC,2025-11-06 07:15:58 UTC,,,2025-11-06 07:15:47 UTC
70016175884,not intrested,Client says he is not intrested in looking for any property right now. and then cuts the call,Completed,2025-11-07 07:19:00 UTC,70000110352,70000110352,70000110352,2025-11-06 07:32:38 UTC,2025-11-06 07:32:38 UTC,,,2025-11-06 07:19:18 UTC
70016176120,Not intrested,client says he is not looking for any plots nor any apartment. Client says thank you and cuts the call,Completed,2025-11-07 07:38:00 UTC,70000110352,70000110352,70000110352,2025-11-06 07:39:01 UTC,2025-11-06 07:39:01 UTC,,,2025-11-06 07:38:32 UTC
70016180858,not intrested,Client says he feels that place is not suitable to me because of accident while travelling i that area. So he drops the plan,Completed,2025-11-07 09:42:00 UTC,70000110352,70000110352,70000110352,2025-11-06 09:42:24 UTC,2025-11-06 09:42:24 UTC,,,2025-11-06 09:42:10 UTC
70016180975,not intrested,Client says thank you and says he is not intrested in buying any property as of now,Completed,2025-11-07 09:45:00 UTC,70000110352,70000110352,70000110352,2025-11-06 09:45:39 UTC,2025-11-06 09:45:39 UTC,,,2025-11-06 09:45:23 UTC
70016181139,disconnecting calls,After long ring client lift the call and then disconnecting before saying hello,Completed,2025-11-07 09:49:00 UTC,70000110352,70000110352,70000110352,2025-11-06 09:50:11 UTC,2025-11-06 09:50:11 UTC,,,2025-11-06 09:49:37 UTC
70016181250,budget,Client says this project is not to his budget.. client is looking flats in 1.5 cr budget,Completed,2025-11-07 09:52:00 UTC,70000110352,70000110352,70000110352,2025-11-06 09:52:44 UTC,2025-11-06 09:52:44 UTC,,,2025-11-06 09:52:26 UTC
70016181332,budget,Client says his has finalized flat resale one.. budget up to 1 cr only . And that too auction property,Completed,2025-11-07 09:54:00 UTC,70000110352,70000110352,70000110352,2025-11-06 09:55:01 UTC,2025-11-06 09:55:01 UTC,,,2025-11-06 09:54:50 UTC
70016181705,not intrested,Client says not intrested in buying any property.. and then cuts the call,Completed,2025-11-07 10:09:00 UTC,70000110352,70000110352,70000110352,2025-11-06 10:10:53 UTC,2025-11-06 10:10:53 UTC,,,2025-11-06 10:10:00 UTC
70016181836,not reachable,Client says not intrested in buying any property.. and then cuts the call,Completed,2025-11-07 10:17:00 UTC,70000110352,70000110352,70000110352,2025-11-06 10:18:01 UTC,2025-11-06 10:18:01 UTC,,,2025-11-06 10:17:33 UTC
70016181897,finalized resale one,Client says they have already finalized a flat in mylapore resale one,Completed,2025-11-07 10:21:00 UTC,70000110352,70000110352,70000110352,2025-11-06 10:21:56 UTC,2025-11-06 10:21:56 UTC,,,2025-11-06 10:21:30 UTC
70016182111,not intrested,Again discussed with client ….now client says they require north facing plot rather than south facing and that too plots are facing t shape street. so not intrested,Completed,2025-11-07 10:33:00 UTC,70000110352,70000110352,70000110352,2025-11-06 10:33:58 UTC,2025-11-06 10:33:58 UTC,,,2025-11-06 10:33:44 UTC
70016182161,esta project sold out,Client says his budget is up to 90 lakhs wanted 3 bhk flat in esta project. Unfortunately this project is sold out,Completed,2025-11-07 10:35:00 UTC,70000110352,70000110352,70000110352,2025-11-06 10:36:19 UTC,2025-11-06 10:36:19 UTC,,,2025-11-06 10:36:00 UTC
70016182218,already purchased resale one,"Client says they have already purchased villa 119 from there relative. So they have drop the plan to buy plot

",Completed,2025-11-07 10:39:00 UTC,70000110352,70000110352,70000110352,2025-11-06 10:39:57 UTC,2025-11-06 10:39:57 UTC,,,2025-11-06 10:39:32 UTC
70016182261,disconnecting,long ring goes and cuts the call. Tried calling so many times,Completed,2025-11-07 10:41:00 UTC,70000110352,70000110352,70000110352,2025-11-06 10:42:47 UTC,2025-11-06 10:42:47 UTC,,,2025-11-06 10:41:50 UTC
70016182319,not intrested,Client says he is not looking any plots nor any apartment at all and cuts the call,Completed,2025-11-07 10:46:00 UTC,70000110352,70000110352,70000110352,2025-11-06 10:46:32 UTC,2025-11-06 10:46:32 UTC,,,2025-11-06 10:46:17 UTC
70016182401,patipulam plots,Discussed with client. Client he is  ready to pay in cash and balance iby cheque. up to rs 1500 per sqft in cheque. I saide will check with management and revert back,Completed,2025-11-07 10:49:00 UTC,70000110352,70000110352,70000110352,2025-11-06 10:50:24 UTC,2025-11-06 10:50:24 UTC,,,2025-11-06 10:50:01 UTC
70016183330,not intrested,"Client says he is not looking any flat nor any plot says thank you

",Completed,2025-11-07 11:57:00 UTC,70000110352,70000110352,70000110352,2025-11-06 11:57:40 UTC,2025-11-06 11:57:40 UTC,,,2025-11-06 11:57:29 UTC
70016185449,budget,After seeing our new hoardings in gandhi nagar area arihant milange. Client enquired about our project. Unfortunately he is looking for two bhk flat in saligramam area with budget of 85 to 90 lakhs only,Completed,2025-11-08 05:12:00 UTC,70000110352,70000110352,70000110352,2025-11-07 05:12:32 UTC,2025-11-07 05:12:32 UTC,,,2025-11-07 05:12:12 UTC
70016185469,looking for aruna hotel for room booking,Client enquirying about aruna hotel.. it was a wrong number,Completed,2025-11-08 05:15:00 UTC,70000110352,70000110352,70000110352,2025-11-07 05:15:53 UTC,2025-11-07 05:15:53 UTC,,,2025-11-07 05:15:10 UTC
70016185485,low budget,Client name sundar wanted two bhk flat budhet 70 lakhs in arihant milange. Unfortunately our project starts from 3bhk and 4 bhk. ,Completed,2025-11-08 05:18:00 UTC,70000110352,70000110352,70000110352,2025-11-07 05:19:12 UTC,2025-11-07 05:19:12 UTC,,,2025-11-07 05:19:04 UTC
70016185522,follow up ,Follow up,Overdue,2025-11-08 05:25:00 UTC,70000110350,70000110350,70000110350,2025-11-07 05:25:47 UTC,2025-11-07 05:25:47 UTC,,,
70016185554,Site Visit,Call Him in the morning on Saturday,Overdue,2025-11-08 04:45:00 UTC,70000137780,70000137780,70000137780,2025-11-07 05:31:53 UTC,2025-11-07 05:31:53 UTC,,Call reminder,
70016185736,Call Client For Site Visit,,Overdue,2025-11-15 04:45:00 UTC,70000137780,70000137780,70000137780,2025-11-07 06:04:31 UTC,2025-11-07 06:04:31 UTC,,Call reminder,
70016191259,budget,Client need Three bhk flat in teynampet area budget up to 2.5 cr only. unfortunately vinayasa we dont have stock..,Completed,2025-11-08 09:13:00 UTC,70000110352,70000110352,70000110352,2025-11-07 09:13:20 UTC,2025-11-07 09:13:20 UTC,,,2025-11-07 09:13:07 UTC
70016192614,follow up for site visit,,Completed,2025-11-12 09:51:00 UTC,70000110350,70000110350,70000110350,2025-11-07 09:52:00 UTC,2026-03-17 08:03:48 UTC,,,2026-03-17 08:03:48 UTC
70016193504,low budget,"Its seems to be low budget. Client says she is looking for 3 bhk not 4 bhk .. Client says will check and revert back to us if needed
",Completed,2025-11-08 10:33:00 UTC,70000110352,70000110352,70000110352,2025-11-07 10:34:20 UTC,2025-11-07 10:34:20 UTC,,,2025-11-07 10:34:09 UTC
70016193603,commercial property,This client is a channel partner.. Already i introduce to him to mr jerry for commercial requirement. Since today jerry is not well. So mr harish has forwarded me an email. Regarding client visiting site in office on this tuesday..to office for meeting. I have already informed to management,Completed,2025-11-08 10:39:00 UTC,70000110352,70000110352,70000110352,2025-11-07 10:39:54 UTC,2025-11-07 10:39:54 UTC,,,2025-11-07 10:39:36 UTC
70016196777,Call Her For Site Visit,,Overdue,2025-11-09 07:00:00 UTC,70000137780,70000137780,70000137780,2025-11-08 05:58:05 UTC,2025-11-08 05:58:05 UTC,,Call reminder,
70016203266,bachlor want room,This client is a student.. Wanted rooms on rent… EDxplained him we are selling only apartment no rooms for bachelor,Completed,2025-11-09 10:08:00 UTC,70000110352,70000110352,70000110352,2025-11-08 10:09:08 UTC,2025-11-08 10:09:08 UTC,,,2025-11-08 10:08:44 UTC
70016203315,flowers road project,Discussed with client . Client name tanishq and he wanted to enquire about flowers road project. Explained in detail over phone. Since his father not in town. Will discuss and revert back. Since the plan has gone for approval unable to send details to client,Completed,2025-11-09 10:12:00 UTC,70000110352,70000110352,70000110352,2025-11-08 10:12:44 UTC,2025-11-08 10:12:44 UTC,,,2025-11-08 10:12:25 UTC
70016203402,reserve 16 plots,Client name is sai ganesh.. before he connect to us he has discussed through agent. Client says aget has given price is 2800 rs per sqft plus other charges.. then client called me directly to compare our rates. Since we have increased our price 3499 plus other charges. Client says will bargain on the prices. He said he will try to visit psite on thursday. All details sent through whats app. once client like the place then he will discuss in pricing,Completed,2025-11-09 10:18:00 UTC,70000110352,70000110352,70000110352,2025-11-08 10:18:27 UTC,2025-11-08 10:18:27 UTC,,,2025-11-08 10:18:06 UTC
70016216898,reserve 16 plots,Client enquired about patipulam plots reserve 16 last evening by 7 pm….All details explaind and forwarded all details through whats app. Client said by next saturday will do site visit and then take a call. Pricess quoted 3499 plus other charges,Completed,2025-11-11 05:39:00 UTC,70000110352,70000110352,70000110352,2025-11-10 05:39:52 UTC,2025-11-10 05:39:52 UTC,,,2025-11-10 05:39:37 UTC
70016216926,low budget,Client budget is up to 80 lakhs wanted two bhk flat in perungudi area. Unfortunately that budget is not available with us of now,Completed,2025-11-11 05:44:00 UTC,70000110352,70000110352,70000110352,2025-11-10 05:45:25 UTC,2025-11-10 05:45:25 UTC,,,2025-11-10 05:44:51 UTC
70016216936,vaniya vilas,Client looking for 3 bhk flat in vaniya vilas project. Unfortunately project is sold out budget of 2.5 crores,Completed,2025-11-11 05:49:00 UTC,70000110352,70000110352,70000110352,2025-11-10 05:49:28 UTC,2025-11-10 05:49:28 UTC,,,2025-11-10 05:49:11 UTC
70016219040,Follow up ,,Overdue,2025-11-11 05:15:00 UTC,70000089514,70000089514,70000089514,2025-11-10 07:27:01 UTC,2025-11-10 07:27:01 UTC,,,
70016223963,purchased plots in navaloor,Client says he has purchased a plot in navaluur green wood city  resale plots for the same through channel partner. says his family doesnt want to buy flats ,Completed,2025-11-11 09:41:00 UTC,70000110352,70000110352,70000110352,2025-11-10 09:41:46 UTC,2025-11-10 09:41:46 UTC,,,2025-11-10 09:41:22 UTC
70016224308,not intrested,lient says due to wine shop at the entrance of voc street. Client feels its not safe at night so we are not intrested in buying apartment,Completed,2025-11-11 09:51:00 UTC,70000110352,70000110352,70000110352,2025-11-10 09:51:50 UTC,2025-11-10 09:51:50 UTC,,,2025-11-10 09:51:34 UTC
70016224554,not intrested,Client says he is not looking any plot in chennai. Since he is been transfered to madurai from company where he is working,Completed,2025-11-11 09:57:00 UTC,70000110352,70000110352,70000110352,2025-11-10 09:57:41 UTC,2025-11-10 09:57:41 UTC,,,2025-11-10 09:57:18 UTC
70016224653,payment terms difference,Since the cash payment terms is not accepted by arihant.. Client is not able to move forward to finalize anything,Completed,2025-11-11 09:59:00 UTC,70000110352,70000110352,70000110352,2025-11-10 10:00:49 UTC,2025-11-10 10:00:49 UTC,,,2025-11-10 09:59:45 UTC
70016225772,Reserve 16,Client visited the site today.. All details sent through whats app.. Client wanted to know the price what pricing we are selling. 3499 plus other charges. was givent to him .Client says will check other builders and revert back,Completed,2025-11-11 10:57:00 UTC,70000110352,70000110352,70000110352,2025-11-10 10:58:01 UTC,2025-11-10 10:58:01 UTC,,,2025-11-10 10:57:34 UTC
70016226034,Will take time to decide still comparing other builders property too,Client says he is looking some other properties of other builders will compare and then decide. For which its taking time and once family says ok then only he will decide,Completed,2025-11-11 11:11:00 UTC,70000110352,70000110352,70000110352,2025-11-10 11:12:34 UTC,2025-11-10 11:12:34 UTC,,,2025-11-10 11:11:34 UTC
70016226074,reserve 16 plot already booked,Client has booked a plot in reserve 16.. has already paid 20 percent payment to company,Completed,2025-11-11 11:16:00 UTC,70000110352,70000110352,70000110352,2025-11-10 11:16:35 UTC,2025-11-10 11:16:35 UTC,,,2025-11-10 11:16:07 UTC
70016228497,Call client for site visit,,Overdue,2025-11-15 05:00:00 UTC,70000137780,70000137780,70000137780,2025-11-11 05:54:15 UTC,2025-11-11 05:54:15 UTC,,Call reminder,
70016232115,Call her for visit,call for site visit,Overdue,2025-11-15 05:00:00 UTC,70000137780,70000137780,70000137780,2025-11-11 09:05:52 UTC,2025-11-11 09:05:52 UTC,,Call reminder,
70016233955,arrange cab,Planning to visit site on Sunday,Overdue,2025-11-15 06:15:00 UTC,70000110350,70000110350,70000110350,2025-11-11 11:26:44 UTC,2025-11-11 11:26:44 UTC,,,
70016236172,wanted flat near sea shore,Client name is rammurthy and he wanted a flat in patipulam next to sea shore . Convinced him we have the property opposite side only not in sea shore and also told him . Client will check and revert back . Becaus his family prefer only sea side,Completed,2025-11-13 05:26:00 UTC,70000110352,70000110352,70000110352,2025-11-12 05:26:58 UTC,2025-11-12 05:26:58 UTC,,,2025-11-12 05:26:24 UTC
70016236194,Project sold out,This client is from banglore.. Wanted flat in villaya. Unfortunately project is completely sold out….,Completed,2025-11-13 05:29:00 UTC,70000110352,70000110352,70000110352,2025-11-12 05:30:15 UTC,2025-11-12 05:30:15 UTC,,,2025-11-12 05:29:51 UTC
70016236217,Existing client wanted to built house in his plot,Client name is suresh kumar.. He has already purchased arihant frangipani.. he is having one ground plot and wanted to built . He wants arihant to build the property. Advice technical team to guide him and do the need full,Completed,2025-11-13 05:34:00 UTC,70000110352,70000110352,70000110352,2025-11-12 05:35:20 UTC,2025-11-12 05:35:20 UTC,,,2025-11-12 05:34:25 UTC
70016236235,not intrested in buying any property,Discuss with client earlier and also now over phone says he is not intrested in buying and property nor any plots,Completed,2025-11-13 05:39:00 UTC,70000110352,70000110352,70000110352,2025-11-12 05:40:15 UTC,2025-11-12 05:40:15 UTC,,,2025-11-12 05:39:51 UTC
70016236253,Enquired property vivtriti,Client looking for arihant viviriti property.. after having site visit client feels street entrance is wine shop. Client feels its not safe for poeple like us to walk freely. So we will decide later,Completed,2025-11-13 05:43:00 UTC,70000110352,70000110352,70000110352,2025-11-12 05:44:35 UTC,2025-11-12 05:44:35 UTC,,,2025-11-12 05:43:48 UTC
70016236349,Reserve 16,last sunday client enquired about reserve 16 plots… over phone. All details sent through whats app. Client said he will visit site on monday. But till now client didnt turned up. for site visit. ,Completed,2025-11-13 06:01:00 UTC,70000110352,70000110352,70000110352,2025-11-12 06:02:15 UTC,2025-11-12 06:02:15 UTC,,,2025-11-12 06:01:36 UTC
70016236424,milange,Client looking property at saligramam/ valsarvakkam /porur. She says she has already seen our property arihant milange. Her buget is only up to 1.5 crore only. Our budget starts from 1.72 cr onwards,Completed,2025-11-13 06:08:00 UTC,70000110352,70000110352,70000110352,2025-11-12 06:16:53 UTC,2025-11-12 06:16:53 UTC,,,2025-11-12 06:08:27 UTC
70016236451,patipulam plots,Client has visited site on saturday evening after 7 pm after attending personal function. and said will revert you in morning. client responded today and said they feel more isolated place still it will take time to develop. ,Completed,2025-11-13 06:24:00 UTC,70000110352,70000110352,70000110352,2025-11-12 06:24:51 UTC,2025-11-12 06:24:51 UTC,,,2025-11-12 06:24:30 UTC
70016236463,no response,The person you are calling is not answering…Again tried calling so many times,Completed,2025-11-13 06:26:00 UTC,70000110352,70000110352,70000110352,2025-11-12 06:26:53 UTC,2025-11-12 06:26:53 UTC,,,2025-11-12 06:26:36 UTC
70016236480,esta flat sold,"Client says she has already purchase esta two months earlier and the prices sold 9800 rs per sqft plus other charges

",Completed,2025-11-13 06:29:00 UTC,70000110352,70000110352,70000110352,2025-11-12 06:30:00 UTC,2025-11-12 06:30:00 UTC,,,2025-11-12 06:29:43 UTC
70016236851,invested money for sons future in abroad Client says see later,Client says he has invested for his sons studies in abroad. So he has dropped the plan to buy any property right now,Completed,2025-11-13 06:44:00 UTC,70000110352,70000110352,70000110352,2025-11-12 06:46:18 UTC,2025-11-12 06:46:18 UTC,,,2025-11-12 06:45:01 UTC
70016236936,The number you are calling either switched off or not reach at the moment…trie calling so many times,The number you are calling either switched off or not reach at the moment…trie calling so many times,Completed,2025-11-13 06:49:00 UTC,70000110352,70000110352,70000110352,2025-11-12 06:50:02 UTC,2025-11-12 06:50:02 UTC,,,2025-11-12 06:49:39 UTC
70016237275,low budget,Again contacted with client today…he need property for moving in and budget up to 1.85 cr. He need property in omr only. And our project starts from 3.5 cr onwards,Completed,2025-11-13 06:58:00 UTC,70000110352,70000110352,70000110352,2025-11-12 06:59:07 UTC,2025-11-12 06:59:07 UTC,,,2025-11-12 06:58:33 UTC
70016237785,discconecting calls,The person you are calling is disconnecting you calls tried calling so many times,Completed,2025-11-13 07:10:00 UTC,70000110352,70000110352,70000110352,2025-11-12 07:13:36 UTC,2025-11-12 07:13:36 UTC,,,2025-11-12 07:10:31 UTC
70016237884,vihaana project,Client says he need flat in vihana project. With budget of 4-5 cr.. Unfortunately project is sold out,Completed,2025-11-13 07:17:00 UTC,70000110352,70000110352,70000110352,2025-11-12 07:17:33 UTC,2025-11-12 07:17:33 UTC,,,2025-11-12 07:17:12 UTC
70016237927,no response from client,The number you have dialed is currently busy pls try later. Tried calling so many times,Completed,2025-11-13 07:18:00 UTC,70000110352,70000110352,70000110352,2025-11-12 07:18:56 UTC,2025-11-12 07:18:56 UTC,,,2025-11-12 07:18:33 UTC
70016238045,purchased resale ,Shown plot to client.. Client says she has already purchased a resale terrace villa. bank aution villa,Completed,2025-11-13 07:22:00 UTC,70000110352,70000110352,70000110352,2025-11-12 07:22:57 UTC,2025-11-12 07:22:57 UTC,,,2025-11-12 07:22:24 UTC
70016241115,reserve 16,Discussed again with client..Client felt its too far from main road as well as very isolated place. Once it gets developed will think it over. Client says we have already purchased few properties of arihant,Completed,2025-11-13 09:00:00 UTC,70000110352,70000110352,70000110352,2025-11-12 09:00:44 UTC,2025-11-12 09:00:44 UTC,,,2025-11-12 09:00:26 UTC
70016241668,not intrested to buy any property,Client says he is not intrested in buying any property now and says thank you,Completed,2025-11-13 09:18:00 UTC,70000110352,70000110352,70000110352,2025-11-12 09:19:04 UTC,2025-11-12 09:19:04 UTC,,,2025-11-12 09:18:39 UTC
70016241800,not intrested due to t shape plot,Discussed with client regarding villa plot. Client says since the property falls in t shape is not intrested wanted in north facing plot,Completed,2025-11-13 09:22:00 UTC,70000110352,70000110352,70000110352,2025-11-12 09:22:31 UTC,2025-11-12 09:22:31 UTC,,,2025-11-12 09:22:02 UTC
70016243145,reserve 16 plots,Discussed again with client regarding pati pulam plots..Client feels earlier that since there was no development in layout  didnt show any intrest. After discussion i have forwarded him the brouchure as well as lay out too. After discusssion client said will check and revert back by next week,Completed,2025-11-13 10:10:00 UTC,70000110352,70000110352,70000110352,2025-11-12 10:11:14 UTC,2025-11-12 10:11:14 UTC,,,2025-11-12 10:10:53 UTC
70016243642,reserve 16 plots,Client enquired about reserve 16 project.. during lunch time. called him back and explained about our project. Says he is looking for investment purpose.. All details sent through whats app client said will check and revert back,Completed,2025-11-13 10:40:00 UTC,70000110352,70000110352,70000110352,2025-11-12 10:40:57 UTC,2025-11-12 10:40:57 UTC,,,2025-11-12 10:40:33 UTC
70016243696,vendor,This client is a vendor and wanted buisness from arihant..Advice him to contact landline,Completed,2025-11-13 10:42:00 UTC,70000110352,70000110352,70000110352,2025-11-12 10:43:54 UTC,2025-11-12 10:43:54 UTC,,,2025-11-12 10:42:50 UTC
70016246921,reserve 16 plots,Client father says his son has gone to abroad.. i will inform regarding plots .he is planning to come down to india on december for xmas holidays . then decide,Completed,2025-11-14 06:30:00 UTC,70000110352,70000110352,70000110352,2025-11-13 06:30:22 UTC,2025-11-13 06:30:22 UTC,,,2025-11-13 06:30:05 UTC
70016248320,Call her tomorrow,,Overdue,2025-11-14 07:30:00 UTC,70000137780,70000137780,70000137780,2025-11-13 07:11:42 UTC,2025-11-13 07:11:42 UTC,,Call reminder,
70016248407,Low budget,Client says he is looking plots in east tambram.. wanted 600 sqft plots.. only with budget up to 20 lakhs only.. Unfortunately we have onely one plot left out that too budget of 45 lakhs only in maraimalai nagar,Completed,2025-11-14 07:14:00 UTC,70000110352,70000110352,70000110352,2025-11-13 07:15:00 UTC,2025-11-13 07:15:00 UTC,,,2025-11-13 07:14:18 UTC
70016248666,reserve 16,Client has already visited site last saturday evening after regular follow ups. Client says his wife feels its very isolated and so they have decided not to buy right now. will see some development and then decide,Completed,2025-11-14 07:19:00 UTC,70000110352,70000110352,70000110352,2025-11-13 07:22:19 UTC,2025-11-13 07:22:19 UTC,,,2025-11-13 07:19:45 UTC
70016249037,not available,your call has been forwarded to voice mail. The person you are trying to reach is not available…will again try some time laternot av,Completed,2025-11-14 07:25:00 UTC,70000110352,70000110352,70000110352,2025-11-13 07:33:21 UTC,2025-11-13 07:33:21 UTC,,,2025-11-13 07:25:29 UTC
70016254069,reserve 16,Client enquired regarding patipulam plots… he has gone through websites and enquirying about few plots what he wanted.. all details sent through whats app. Client says by this week end will have site visit and then decide,Completed,2025-11-14 10:19:00 UTC,70000110352,70000110352,70000110352,2025-11-13 10:20:08 UTC,2025-11-13 10:20:08 UTC,,,2025-11-13 10:19:45 UTC
70016266194,call back,,Completed,2025-11-15 10:13:00 UTC,70000110350,70000110350,70000110350,2025-11-14 10:14:04 UTC,2025-11-15 10:41:14 UTC,,,2025-11-15 10:41:10 UTC
70016267605,follow up,,Overdue,2025-12-10 11:38:00 UTC,70000110350,70000110350,70000110350,2025-11-14 11:38:59 UTC,2025-11-14 11:38:59 UTC,,,
70016275916,follow up,,Completed,2025-11-27 08:52:00 UTC,70000110350,70000110350,70000110350,2025-11-15 08:52:52 UTC,2026-04-13 05:20:53 UTC,,,2026-04-13 05:20:53 UTC
70016300865,Call Lead at 10 30am,"For Vivriti, sri lankan number - kindly call via whatsapp ",Completed,2025-11-18 04:30:00 UTC,70000110350,70000089514,70000110350,2025-11-17 15:44:03 UTC,2025-11-19 06:36:56 UTC,,Call reminder,2025-11-19 06:36:54 UTC
70016301824,lookinjg property at kovil patti dindivanam,Discussed with client now..he says he is looking plots at kovilpatti only near dindivanam area. Client says he is not looking in chennai,Completed,2025-11-19 05:28:00 UTC,70000110352,70000110352,70000110352,2025-11-18 05:28:52 UTC,2025-11-18 05:28:52 UTC,,,2025-11-18 05:28:24 UTC
70016301991,not intrested in buying any property,Discussed with client now. Client says she is not looking any plots nor any apartment as of now. She says says we are staying on rent and cannot afford to buy any property,Completed,2025-11-19 06:20:00 UTC,70000110352,70000110352,70000110352,2025-11-18 06:21:06 UTC,2025-11-18 06:21:06 UTC,,,2025-11-18 06:20:32 UTC
70016302005,The person you are calling is not answering ..Will again call some time later,The person you are calling is not answering ..Will again call some time later,Completed,2025-11-19 06:24:00 UTC,70000110352,70000110352,70000110352,2025-11-18 06:25:12 UTC,2025-11-18 06:25:12 UTC,,,2025-11-18 06:24:02 UTC
70016302214,Client says this number is from nagapatinum…He says he is not intrrested in buying any property in chennai.. He is looking property at nagapatinum only,Client says this number is from nagapatinum…He says he is not intrrested in buying any property in chennai.. He is looking property at nagapatinum only,Completed,2025-11-19 06:39:00 UTC,70000110352,70000110352,70000110352,2025-11-18 06:39:22 UTC,2025-11-18 06:39:22 UTC,,,2025-11-18 06:39:06 UTC
70016309214,patipulam plots,Client enquired about patipulam plots.. after discussion with client over phone. Infact client visited our site. all dtails sent through whats app. Client said will check with his family since his family is not in town. By this month end they will come down to chennai and then decide,Completed,2025-11-19 10:02:00 UTC,70000110352,70000110352,70000110352,2025-11-18 10:02:43 UTC,2025-11-18 10:02:43 UTC,,,2025-11-18 10:02:25 UTC
70016309301,looking property at calcutta,This client is dealing with food products.. looking property at calcutta not in chennai. Client says by mistake scrolled our websites and says thank you,Completed,2025-11-19 10:07:00 UTC,70000110352,70000110352,70000110352,2025-11-18 10:07:45 UTC,2025-11-18 10:07:45 UTC,,,2025-11-18 10:07:05 UTC
70016309377,not intrested,Discussed with client now.. Client says they are not intrested looking any property  says thank you and cuts the call,Completed,2025-11-19 10:11:00 UTC,70000110352,70000110352,70000110352,2025-11-18 10:11:32 UTC,2025-11-18 10:11:32 UTC,,,2025-11-18 10:11:05 UTC
70016309426,not intrested,T sindhu says she is not intrested in buying any plots nor any apartment righ now. Says thank you,Completed,2025-11-19 10:14:00 UTC,70000110352,70000110352,70000110352,2025-11-18 10:14:51 UTC,2025-11-18 10:14:51 UTC,,,2025-11-18 10:14:35 UTC
70016312549,advice him to look into arihant milange project saligramam, While travelling by car this call has been attended after few hours. This client name is prabhakar and he is from coimbatore. He wanted to buy an apartment with budget of 2cr. Advice him to go for saligramam  project. All detail sent through whats app. Client said my next month he will try to visit site and then decide,Completed,2025-11-20 05:27:00 UTC,70000110352,70000110352,70000110352,2025-11-19 05:30:22 UTC,2025-11-19 05:30:22 UTC,,,2025-11-19 05:27:05 UTC
70016312584,vendor,This client is a vendor and wanted buisness from arihant . Advice him to contact landline,Completed,2025-11-20 05:35:00 UTC,70000110352,70000110352,70000110352,2025-11-19 05:36:49 UTC,2025-11-19 05:36:49 UTC,,,2025-11-19 05:35:31 UTC
70016312624,milang project,Client enquiered about our project milange. All details sent through whats app. Along with location of site. And also spoke to jigar. Customer visited sited and he need 1800 sqft flat. Client said will discuss with family and let us know by next week,Completed,2025-11-20 05:44:00 UTC,70000110352,70000110352,70000110352,2025-11-19 05:46:39 UTC,2025-11-19 05:46:39 UTC,,,2025-11-19 05:44:57 UTC
70016312689,krshna,Client name mrs murali rajan. Client shown intrest in krsna project. All details sent through whats app. Client says she will tyry to visit today. Client says her budget is up to 7 cr only. Unfortunately our project cost of each flat is 9 cr onwards. Advice her to have site visit and then decide,Completed,2025-11-20 05:58:00 UTC,70000110352,70000110352,70000110352,2025-11-19 06:04:03 UTC,2025-11-19 06:04:03 UTC,,,2025-11-19 05:58:03 UTC
70016312691,krshna,Client name mrs murali rajan. Client shown intrest in krsna project. All details sent through whats app. Client says she will tyry to visit today. Client says her budget is up to 7 cr only. Unfortunately our project cost of each flat is 9 cr onwards. Advice her to have site visit and then decide,Completed,2025-11-20 05:58:00 UTC,70000110352,70000110352,70000110352,2025-11-19 06:04:28 UTC,2025-11-19 06:04:28 UTC,,,2025-11-19 05:58:03 UTC
70016313074,Client name is mani priyan. Looking plots at kelambakkam /omr area. Tried to convince him regarding reserve 16 plots. he says by next month he will have site visit and by month of march next year will again revisit with his family and then decide. Client ,Client name is mani priyan. Looking plots at kelambakkam /omr area. Tried to convince him regarding reserve 16 plots. he says by next month he will have site visit and by month of march next year will again revisit with his family and then decide. Client says he is working in infosys right now and his family stays in native at karur. ,Completed,2025-11-20 06:39:00 UTC,70000110352,70000110352,70000110352,2025-11-19 06:40:14 UTC,2025-11-19 06:40:14 UTC,,,2025-11-19 06:39:24 UTC
70016313629,Reserve 16 plots,Disussed with client on 8 th november its self.. All details sent through whats app. Client says he will discuss with his family and revert back. Now again called to client . Client is disconnecting my calls. Will again call some time later,Overdue,2025-11-20 06:56:00 UTC,70000110352,70000110352,70000110352,2025-11-19 06:57:09 UTC,2025-11-19 06:57:09 UTC,,,
70016314067,call dropped,Call gets dropped tried calling so many times…pls check the number you have dialed,Completed,2025-11-20 07:08:00 UTC,70000110352,70000110352,70000110352,2025-11-19 07:09:16 UTC,2025-11-19 07:09:16 UTC,,,2025-11-19 07:08:55 UTC
70016314165,Vendor,This client is a vendor and wanted to do buisness with arihant. Advice her to call land line arihant,Completed,2025-11-20 07:12:00 UTC,70000110352,70000110352,70000110352,2025-11-19 07:12:19 UTC,2025-11-19 07:12:19 UTC,,,2025-11-19 07:12:06 UTC
70016314414,Vendor,This client is vendor dealing with i.t. solution wanted buisness from arihant.. Advice him to contact  land line arihant,Completed,2025-11-20 07:18:00 UTC,70000110352,70000110352,70000110352,2025-11-19 07:19:01 UTC,2025-11-19 07:19:01 UTC,,,2025-11-19 07:18:47 UTC
70016314573,The person you are calling is not available …pls record your meesage.. Will again try to call client after some time,The person you are calling is not available …pls record your meesage.. Will again try to call client after some time,Completed,2025-11-20 07:22:00 UTC,70000110352,70000110352,70000110352,2025-11-19 07:22:52 UTC,2025-11-19 07:22:52 UTC,,,2025-11-19 07:22:39 UTC
70016314797,"This client is from orissa and he says he is looking plots in orissa only . Not in chennai   Piyush . Wed 19 Nov, 2025 07:28 AM","This client is from orissa and he says he is looking plots in orissa only . Not in chennai

 


",Completed,2025-11-20 07:28:00 UTC,70000110352,70000110352,70000110352,2025-11-19 07:30:33 UTC,2025-11-19 07:30:33 UTC,,,2025-11-19 07:28:41 UTC
70016317690,krshna project,Just now madam called just wanted to ask wether lift is installed or not becaus due to eldery person. Unable to climb up the stairs. Once lift is istalled advice me to let her know,Completed,2025-11-20 08:40:00 UTC,70000110352,70000110352,70000110352,2025-11-19 09:00:51 UTC,2025-11-19 09:00:51 UTC,,,2025-11-19 08:40:06 UTC
70016318339,not intrested,Client says she is not intrested in buying any plot nor any apartment. She says she cannnot afford to buy a plot as she is working in govt school as a teacher,Completed,2025-11-20 09:19:00 UTC,70000110352,70000110352,70000110352,2025-11-19 09:20:53 UTC,2025-11-19 09:20:53 UTC,,,2025-11-19 09:19:54 UTC
70016319965,not intrested,Client says they are not intrested in buying any property right now. And says thank you,Completed,2025-11-20 10:18:00 UTC,70000110352,70000110352,70000110352,2025-11-19 10:18:42 UTC,2025-11-19 10:18:42 UTC,,,2025-11-19 10:18:25 UTC
70016320122,not intrested in buying any property,Client says have no idea to buy any property nor any plot . Will let us know if they are intrested,Completed,2025-11-20 10:28:00 UTC,70000110352,70000110352,70000110352,2025-11-19 10:29:00 UTC,2025-11-19 10:29:00 UTC,,,2025-11-19 10:28:35 UTC
70016320204,low budget flat,Discuss with client now. Client says they need 3 bhk flat with budget of 90 lakhs wanted flat near perungudi. area only. Unfortunately our budget starts from 3.5 cr only,Completed,2025-11-20 10:34:00 UTC,70000110352,70000110352,70000110352,2025-11-19 10:34:48 UTC,2025-11-19 10:34:48 UTC,,,2025-11-19 10:34:24 UTC
70016320340,not intrested,Discussed with client now…client   says he is not intrested in buying any property now due to personal reasons,Completed,2025-11-20 10:44:00 UTC,70000110352,70000110352,70000110352,2025-11-19 10:44:28 UTC,2025-11-19 10:44:28 UTC,,,2025-11-19 10:44:14 UTC
70016320389,call getting dropped,The dialed number does not exist...pls check the number you have dialed,Completed,2025-11-20 10:47:00 UTC,70000110352,70000110352,70000110352,2025-11-19 10:48:16 UTC,2025-11-19 10:48:16 UTC,,,2025-11-19 10:47:13 UTC
70016320437,vendor,This client is a vendor.. Wanted buisness from arihant advice him to contact land line,Completed,2025-11-20 10:50:00 UTC,70000110352,70000110352,70000110352,2025-11-19 10:51:19 UTC,2025-11-19 10:51:19 UTC,,,2025-11-19 10:50:25 UTC
70016320602,budget,Again discussed with client now. Tanisq says that they require only 2600 sqft size of apartment. They doesnt want to go for bigger ones as of now and also beyond there budget,Completed,2025-11-20 11:01:00 UTC,70000110352,70000110352,70000110352,2025-11-19 11:01:44 UTC,2025-11-19 11:01:44 UTC,,,2025-11-19 11:01:30 UTC
70016320691,wanted two bhk flat,Again discussed with client. Client says they need two bhk flat. Earlier they are looking for 4 bhk flat . but client says her husband expiererd so she is looking for 2 bhk flat ,Completed,2025-11-20 11:05:00 UTC,70000110352,70000110352,70000110352,2025-11-19 11:06:50 UTC,2025-11-19 11:06:50 UTC,,,2025-11-19 11:06:00 UTC
70016320996,not intrested,Discussed with client now.. Client says he has drop the plan to look any property due to personal reasons,Completed,2025-11-20 11:25:00 UTC,70000110352,70000110352,70000110352,2025-11-19 11:25:54 UTC,2025-11-19 11:25:54 UTC,,,2025-11-19 11:25:38 UTC
70016323039,This client is from maharastra . Client says he is not looking for any plots in chennai nor in maharastra too,This client is from maharastra . Client says he is not looking for any plots in chennai nor in maharastra too,Completed,2025-11-21 05:34:00 UTC,70000110352,70000110352,70000110352,2025-11-20 05:34:14 UTC,2025-11-20 05:34:14 UTC,,,2025-11-20 05:34:04 UTC
70016323276,not intrested in any property nor plot to buy,Client says he is not intrested in plots or any aprtment and says ele and cut the call,Completed,2025-11-21 06:11:00 UTC,70000110352,70000110352,70000110352,2025-11-20 06:11:57 UTC,2025-11-20 06:11:57 UTC,,,2025-11-20 06:11:23 UTC
70016323308,Vendor,This client is a vendor.. Dealing with paper ads. He has already met in credai exhibition and wanted buisness from arihant. Advice him to come down to office arihant,Completed,2025-11-21 06:16:00 UTC,70000110352,70000110352,70000110352,2025-11-20 06:17:09 UTC,2025-11-20 06:17:09 UTC,,,2025-11-20 06:16:57 UTC
70016323337,not intrested in buying any property,Client says they are not looking any property for purchase says thank you and cut the call,Completed,2025-11-21 06:21:00 UTC,70000110352,70000110352,70000110352,2025-11-20 06:22:00 UTC,2025-11-20 06:22:00 UTC,,,2025-11-20 06:21:32 UTC
70016324697,Call back,,Overdue,2025-12-26 07:08:00 UTC,70000110350,70000110350,70000110350,2025-11-20 07:08:48 UTC,2025-11-20 07:08:48 UTC,,,
70016325537,This client is from kakinada…andrapradesh. Client says he is not looking any property in chennai. And then cuts the call,This client is from kakinada…andrapradesh. Client says he is not looking any property in chennai. And then cuts the call,Completed,2025-11-21 07:30:00 UTC,70000110352,70000110352,70000110352,2025-11-20 07:31:00 UTC,2025-11-20 07:31:00 UTC,,,2025-11-20 07:30:50 UTC
70016325698,not intrested,This client is from kakinada…andrapradesh. Client says he is not looking any property in chennai. And then cuts the call,Completed,2025-11-21 07:34:00 UTC,70000110352,70000110352,70000110352,2025-11-20 07:34:41 UTC,2025-11-20 07:34:41 UTC,,,2025-11-20 07:34:37 UTC
70016330610,This client is a vendor advice him to contact land line  . Wanted buisness from arihant,This client is a vendor advice him to contact land line  . Wanted buisness from arihant,Completed,2025-11-21 09:50:00 UTC,70000110352,70000110352,70000110352,2025-11-20 09:51:11 UTC,2025-11-20 09:51:11 UTC,,,2025-11-20 09:50:52 UTC
70016330746,not intrested,This client is from kalaiyur and says he is not looking any property in chennai at all nor in his native place too,Completed,2025-11-21 09:54:00 UTC,70000110352,70000110352,70000110352,2025-11-20 09:55:03 UTC,2025-11-20 09:55:03 UTC,,,2025-11-20 09:54:51 UTC
70016334356,Client name is abdul khadir…as discussed yesterday last night. He says he has come to visit his cousin brother who is staying just opposite to our site. All details sent through whats app . Client said by this week end he will visit site again will see th,Client name is abdul khadir…as discussed yesterday last night. He says he has come to visit his cousin brother who is staying just opposite to our site. All details sent through whats app . Client said by this week end he will visit site again will see the model flat and then decide,Completed,2025-11-22 05:42:00 UTC,70000110352,70000110352,70000110352,2025-11-21 05:43:05 UTC,2025-11-21 05:43:05 UTC,,,2025-11-21 05:42:45 UTC
70016334383,client call by 8.30 pm last night for site visit. Adviced her/him to visit in day time for safety purpose. They are lookinjg for 3 bhk flat. all details sent through whats app. Client said they will visit site on this week end or next week end. Since they,client call by 8.30 pm last night for site visit. Adviced her/him to visit in day time for safety purpose. They are lookinjg for 3 bhk flat. all details sent through whats app. Client said they will visit site on this week end or next week end. Since they are travelling to erode,Completed,2025-11-22 05:48:00 UTC,70000110352,70000110352,70000110352,2025-11-21 05:49:04 UTC,2025-11-21 05:49:04 UTC,,,2025-11-21 05:48:40 UTC
70016335328,The person you are trying to reach is not available.. will try some time later,The person you are trying to reach is not available.. will try some time later,Completed,2025-11-22 06:59:00 UTC,70000110352,70000110352,70000110352,2025-11-21 06:59:40 UTC,2025-11-21 06:59:40 UTC,,,2025-11-21 06:59:25 UTC
70016335484,Client says now they have dropped the plan due to financial problems ans says thank you,Client says now they have dropped the plan due to financial problems ans says thank you,Completed,2025-11-22 07:02:00 UTC,70000110352,70000110352,70000110352,2025-11-21 07:02:48 UTC,2025-11-21 07:02:48 UTC,,,2025-11-21 07:02:29 UTC
70016337024,Client says he is transferd to banglore got promotion from his company.. so as of now he has dropped the plan to buy a plot,Client says he is transferd to banglore got promotion from his company.. so as of now he has dropped the plan to buy a plot,Completed,2025-11-22 07:49:00 UTC,70000110352,70000110352,70000110352,2025-11-21 07:50:36 UTC,2025-11-21 07:50:36 UTC,,,2025-11-21 07:49:32 UTC
70016340261,Client name is sasikumar and shown intrest in milange project after seeing hoarding near site. Client says his budget between 2cr and 3cr.. wanted 3 bhk. All details sent through whats app. Client said he will visit site this sunday and then decide,Client name is sasikumar and shown intrest in milange project after seeing hoarding near site. Client says his budget between 2cr and 3cr.. wanted 3 bhk. All details sent through whats app. Client said he will visit site this sunday and then decide,Completed,2025-11-22 09:38:00 UTC,70000110352,70000110352,70000110352,2025-11-21 09:38:12 UTC,2025-11-21 09:38:12 UTC,,,2025-11-21 09:38:03 UTC
70016342165,Discussed with client now.. Client says he is out of chennai. He will be back only on january 2026 first week. Advice me to call him on december 2025 month end,Discussed with client now.. Client says he is out of chennai. He will be back only on january 2026 first week. Advice me to call him on december 2025 month end,Completed,2025-11-22 11:24:00 UTC,70000110352,70000110352,70000110352,2025-11-21 11:24:30 UTC,2025-11-21 11:24:30 UTC,,,2025-11-21 11:24:20 UTC
70016344207,Client name abdul khadir…Client says he is residing in radience vysarpadi area. He wants to sell that property and wanted to buy 3 bhk flat in vaniya vilas project. Unfortunately flat is sold out advic him to look into milange or arihant ekanta. He says h,Client name abdul khadir…Client says he is residing in radience vysarpadi area. He wants to sell that property and wanted to buy 3 bhk flat in vaniya vilas project. Unfortunately flat is sold out advic him to look into milange or arihant ekanta. He says he will see the project milange. All details sent through whats app. Client said by this week end will check and revert,Completed,2025-11-23 04:54:00 UTC,70000110352,70000110352,70000110352,2025-11-22 04:55:01 UTC,2025-11-22 04:55:01 UTC,,,2025-11-22 04:54:48 UTC
70016345723,follow up,,Completed,2025-12-03 07:10:00 UTC,70000110350,70000110350,70000110350,2025-11-22 07:10:30 UTC,2026-04-13 07:02:40 UTC,,,2026-04-13 07:02:40 UTC
70016364271,This client is a south indian and enquirying about flowers road project. client looking for 3 bhk flat. Unfortunately this project is purely meant for gujrati and marwadi client . Infact client budget up to 4 cr only. Our project costs 12cr onwards,This client is a south indian and enquirying about flowers road project. client looking for 3 bhk flat. Unfortunately this project is purely meant for gujrati and marwadi client . Infact client budget up to 4 cr only. Our project costs 12cr onwards,Completed,2025-11-25 05:02:00 UTC,70000110352,70000110352,70000110352,2025-11-24 05:03:07 UTC,2025-11-24 05:03:07 UTC,,,2025-11-24 05:02:37 UTC
70016364346,Client name krsna and visited site patipulam. Client feels its more isolated and still development of this plsce is very slow. And also client feels rates are to high. I convinced client regarding development.. of that area. Still client feels its rates a,Client name krsna and visited site patipulam. Client feels its more isolated and still development of this plsce is very slow. And also client feels rates are to high. I convinced client regarding development.. of that area. Still client feels its rates are too high. Clients says will get back to us after discussion with family and also comparing the other builder projects too,Completed,2025-11-25 05:24:00 UTC,70000110352,70000110352,70000110352,2025-11-24 05:24:13 UTC,2025-11-24 05:24:13 UTC,,,2025-11-24 05:24:04 UTC
70016364394,Client shown intrest in our new project which is nest to guest hospital opp to global infocity. Since the plan has gone for approval.Have informed this to client . Also Client has visited our project viviriti. Client says he is looking for high rise apart,Client shown intrest in our new project which is nest to guest hospital opp to global infocity. Since the plan has gone for approval.Have informed this to client . Also Client has visited our project viviriti. Client says he is looking for high rise apartment. only. Once approval comes will forward to client new project,Completed,2025-11-25 05:36:00 UTC,70000110352,70000110352,70000110352,2025-11-24 05:36:20 UTC,2025-11-24 05:36:20 UTC,,,2025-11-24 05:36:07 UTC
70016387685,Client name is rahul.. wanted plot in gwc navaloor.  since all residential plots sold out in gwc. Explained him in detail regarding patipulam plots. Client need plot in navaloor only because its very near to his work place,Client name is rahul.. wanted plot in gwc navaloor.  since all residential plots sold out in gwc. Explained him in detail regarding patipulam plots. Client need plot in navaloor only because its very near to his work place,Completed,2025-11-27 07:37:00 UTC,70000110352,70000110352,70000110352,2025-11-26 07:38:36 UTC,2025-11-26 07:38:36 UTC,,,2025-11-26 07:37:11 UTC
70016396866,this client is dealing with interior job.. eanted buisness from arihant. Advice him to contact land line,this client is dealing with interior job.. eanted buisness from arihant. Advice him to contact land line,Completed,2025-11-28 06:03:00 UTC,70000110352,70000110352,70000110352,2025-11-27 06:03:15 UTC,2025-11-27 06:03:15 UTC,,,2025-11-27 06:03:04 UTC
70016396951,This  client is a consultant wanted details about commercial project advice mr jerry to follow up and give the details of our project..,This  client is a consultant wanted details about commercial project advice mr jerry to follow up and give the details of our project..,Completed,2025-11-28 06:08:00 UTC,70000110352,70000110352,70000110352,2025-11-27 06:20:59 UTC,2025-11-27 06:20:59 UTC,,,2025-11-27 06:08:30 UTC
70016397859,The person you are calling is currently switched off.. pls try after some time,The person you are calling is currently switched off.. pls try after some time,Completed,2025-11-28 06:52:00 UTC,70000110352,70000110352,70000110352,2025-11-27 06:54:31 UTC,2025-11-27 06:54:31 UTC,,,2025-11-27 06:52:48 UTC
70016403626,                                                                                                                                                                                                                                                               ,Client looking property at thaiyur village which is after kalpakkam  looking for her sister. because her sister working in atomic energy,Completed,2025-11-28 09:13:00 UTC,70000110352,70000110352,70000110352,2025-11-27 09:24:57 UTC,2025-11-27 09:24:57 UTC,,,2025-11-27 09:13:24 UTC
70016404635,This client says she needs 4 bhk apartment in abhirampuram with budget of 4cr only.. unfortunately our budget cost from 8.5 cr only,This client says she needs 4 bhk apartment in abhirampuram with budget of 4cr only.. unfortunately our budget cost from 8.5 cr only,Completed,2025-11-28 09:49:00 UTC,70000110352,70000110352,70000110352,2025-11-27 09:50:42 UTC,2025-11-27 09:50:42 UTC,,,2025-11-27 09:49:38 UTC
70016405796,Client name hari.. Enquired about patipulam plots. Client sasy he is residing on ecr.. All details sent through whats app. Client said he will check and revert back,Client name hari.. Enquired about patipulam plots. Client sasy he is residing on ecr.. All details sent through whats app. Client said he will check and revert back,Completed,2025-11-28 10:46:00 UTC,70000110352,70000110352,70000110352,2025-11-27 10:46:32 UTC,2025-11-27 10:46:32 UTC,,,2025-11-27 10:46:23 UTC
70016405815,This client says she needs 4 bhk apartment in abhirampuram with budget of 4cr only.. unfortunately our budget cost from 8.5 cr only,This client says she needs 4 bhk apartment in abhirampuram with budget of 4cr only.. unfortunately our budget cost from 8.5 cr only,Completed,2025-11-28 10:47:00 UTC,70000110352,70000110352,70000110352,2025-11-27 10:47:59 UTC,2025-11-27 10:47:59 UTC,,,2025-11-27 10:47:48 UTC
70016406011,Client need plots next to sea shore only. And that too near neelankarai. They need plots near to her relative who is staying in neelankarai so they need plot next to sea shore,Client need plots next to sea shore only. And that too near neelankarai. They need plots near to her relative who is staying in neelankarai so they need plot next to sea shore,Completed,2025-11-28 10:58:00 UTC,70000110352,70000110352,70000110352,2025-11-27 10:59:25 UTC,2025-11-27 10:59:25 UTC,,,2025-11-27 10:59:01 UTC
70016408726,This client is a vendor dealing with pest control job..wanted buisness with arihant…advice her to contact land line,This client is a vendor dealing with pest control job..wanted buisness with arihant…advice her to contact land line,Completed,2025-11-29 05:49:00 UTC,70000110352,70000110352,70000110352,2025-11-28 05:49:56 UTC,2025-11-28 05:49:56 UTC,,,2025-11-28 05:49:11 UTC
70016408750,Client name is aman jot. her company has already seen the vipaasna project. They need flat on rent.. adviced her to contact land owner,Client name is aman jot. her company has already seen the vipaasna project. They need flat on rent.. adviced her to contact land owner,Completed,2025-11-29 05:56:00 UTC,70000110352,70000110352,70000110352,2025-11-28 05:56:38 UTC,2025-11-28 05:56:38 UTC,,,2025-11-28 05:56:15 UTC
70016411072,Follow up for site visit ,,Overdue,2025-11-29 05:30:00 UTC,70000089514,70000089514,70000089514,2025-11-28 07:36:01 UTC,2025-11-28 07:36:01 UTC,,,
70016442551,Milange neighbour is giving complaint regarding tiles lorry person has damaged the road. So he wants to speak to engineer who is incharge in site.Advice  him to contact site engineer,Milange neighbour is giving complaint regarding tiles lorry person has damaged the road. So he wants to speak to engineer who is incharge in site.Advice  him to contact site engineer. This is regarding pot hole bang on his property gate site. Wanted to patch it up,Completed,2025-12-02 05:46:00 UTC,70000110352,70000110352,70000110352,2025-12-01 05:46:56 UTC,2025-12-01 05:46:56 UTC,,,2025-12-01 05:46:03 UTC
70016442600,Discussed with client .Explained complete details of our project. Client shown intrest in patipulam plots. . Next day client visited office advice esha to explain about our project. Since  is was in milange site. after that again discussed with client cli,Discussed with client .Explained complete details of our project. Client shown intrest in patipulam plots. . Next day client visited office advice esha to explain about our project. Since  is was in milange site. after that again discussed with client client says he will have a sitevisit and then decide,Completed,2025-12-02 05:54:00 UTC,70000110352,70000110352,70000110352,2025-12-01 05:55:01 UTC,2025-12-01 05:55:01 UTC,,,2025-12-01 05:54:50 UTC
70016442619,This client is a vendor.. wanted buisness in arihant. Advice her to call arihant landline,This client is a vendor.. wanted buisness in arihant. Advice her to call arihant landline,Completed,2025-12-02 05:58:00 UTC,70000110352,70000110352,70000110352,2025-12-01 05:58:15 UTC,2025-12-01 05:58:15 UTC,,,2025-12-01 05:58:05 UTC
70016525754,follow up ,,Overdue,2025-12-10 06:01:00 UTC,70000089514,70000089514,70000089514,2025-12-08 06:01:19 UTC,2025-12-08 06:01:19 UTC,Interested,,
70016542007,Client looking for 1 bhk flat in porur area only budget up to 65 lakhs only,Client looking for 1 bhk flat in porur area only budget up to 65 lakhs only,Completed,2025-12-10 10:15:00 UTC,70000110352,70000110352,70000110352,2025-12-09 11:38:33 UTC,2025-12-09 11:38:33 UTC,,,2025-12-09 10:15:09 UTC
70016542028,Thsi client is a vendor..wanted buisness from arihant. Advice him to contact land line,Thsi client is a vendor..wanted buisness from arihant. Advice him to contact land line,Completed,2025-12-10 11:40:00 UTC,70000110352,70000110352,70000110352,2025-12-09 11:41:10 UTC,2025-12-09 11:41:10 UTC,,,2025-12-09 11:41:00 UTC
70016542068,Client says he is not looking for any property nor any plots. Says thank you and then cuts the call,Client says he is not looking for any property nor any plots. Says thank you and then cuts the call,Completed,2025-12-10 11:45:00 UTC,70000110352,70000110352,70000110352,2025-12-09 11:45:51 UTC,2025-12-09 11:45:51 UTC,,,2025-12-09 11:45:42 UTC
70016542096,This client is dealing with sbi credit card wanted buisness from arihant advice her to contact landline,This client is dealing with sbi credit card wanted buisness from arihant advice her to contact landline,Completed,2025-12-10 11:49:00 UTC,70000110352,70000110352,70000110352,2025-12-09 11:50:05 UTC,2025-12-09 11:50:05 UTC,,,2025-12-09 11:49:56 UTC
70016542246,This client is next to our project. And he was complaing regarding copound wall to be built which was broken by us. Advice technical team to take care of this and solve the problem,This client is next to our project. And he was complaing regarding copound wall to be built which was broken by us. Advice technical team to take care of this and solve the problem,Completed,2025-12-10 12:06:00 UTC,70000110352,70000110352,70000110352,2025-12-09 12:06:42 UTC,2025-12-09 12:06:42 UTC,,,2025-12-09 12:06:34 UTC
70016544468,Call ,"He is busy, have to call him tomorrow same time - 11 30 am",Overdue,2025-12-11 05:00:00 UTC,70000089514,70000089514,70000089514,2025-12-10 06:19:08 UTC,2025-12-10 06:19:08 UTC,,,
70016561001,follow up,"",Overdue,2025-12-12 08:42:00 UTC,70000110350,70000110350,70000110350,2025-12-11 08:42:44 UTC,2025-12-11 08:42:44 UTC,,,
70016564441,Client name is rittukumar and he is from bihar. He says he is not looking any property in chennai at all. ,Client name is rittukumar and he is from bihar. He says he is not looking any property in chennai at all. ,Completed,2025-12-12 11:03:00 UTC,70000110352,70000110352,70000110352,2025-12-11 11:03:48 UTC,2025-12-11 11:03:48 UTC,,,2025-12-11 11:03:35 UTC
70016564492,Client sasy he is not intresd in buying any property in chennai. And then cuts the call,Client sasy he is not intresd in buying any property in chennai. And then cuts the call,Completed,2025-12-12 11:06:00 UTC,70000110352,70000110352,70000110352,2025-12-11 11:06:34 UTC,2025-12-11 11:06:34 UTC,,,2025-12-11 11:06:17 UTC
70016565178,Client looking plots at east tambram only next to his work place. No where else,Client looking plots at east tambram only next to his work place. No where else. wanted 600 sqft plot,Completed,2025-12-12 11:47:00 UTC,70000110352,70000110352,70000110352,2025-12-11 11:47:32 UTC,2025-12-11 11:47:32 UTC,,,2025-12-11 11:47:08 UTC
70016568019,follow up ,Follow up ,Completed,2025-12-17 05:53:00 UTC,70000110350,70000110350,70000110350,2025-12-12 05:53:51 UTC,2025-12-17 07:49:20 UTC,,,2025-12-17 07:49:20 UTC
70016568117,Client name is veeramani..Wanted to invest in plot. But his budget is up to 30 lakhs wanted plot in reserve 16. All details sent through whats app. client said if it suits to his budget then only he proceed further once site visit is completed. Client sai,Client name is veeramani..Wanted to invest in plot. But his budget is up to 30 lakhs wanted plot in reserve 16. All details sent through whats app. client said if it suits to his budget then only he proceed further once site visit is completed. Client said he may visit site this week end,Completed,2025-12-13 06:06:00 UTC,70000110352,70000110352,70000110352,2025-12-12 06:07:04 UTC,2025-12-12 06:07:04 UTC,,,2025-12-12 06:06:14 UTC
70016568454,This client is a vendor dealing with prefabricating materal to built cottages. Advice her to contact arihant landline. ,This client is a vendor dealing with prefabricating materal to built cottages. Advice her to contact arihant landline. ,Completed,2025-12-13 06:39:00 UTC,70000110352,70000110352,70000110352,2025-12-12 06:39:53 UTC,2025-12-12 06:39:53 UTC,,,2025-12-12 06:39:43 UTC
70016568600,Client need 4 bhk apartment in poes garden with budget up to 5 to 6 cr with more uds. Explained about or project krsna project. All detail sent through whats app. Client says she require more area and more uds. ,Client need 4 bhk apartment in poes garden with budget up to 5 to 6 cr with more uds. Explained about or project krsna project. All detail sent through whats app. Client says she require more area and more uds. ,Completed,2025-12-13 06:44:00 UTC,70000110352,70000110352,70000110352,2025-12-12 06:44:48 UTC,2025-12-12 06:44:48 UTC,,,2025-12-12 06:44:39 UTC
70016569187,Client says he is not looking for any plots nor any apartment. And then cuts the call,Client says he is not looking for any plots nor any apartment. And then cuts the call,Completed,2025-12-13 07:01:00 UTC,70000110352,70000110352,70000110352,2025-12-12 07:01:47 UTC,2025-12-12 07:01:47 UTC,,,2025-12-12 07:01:36 UTC
70016569278,Client says his family feels its too far and still nothing is developed in that area. Client says will see later. because client feels its isolated place..,Client says his family feels its too far and still nothing is developed in that area. Client says will see later. because client feels its isolated place..,Completed,2025-12-13 07:04:00 UTC,70000110352,70000110352,70000110352,2025-12-12 07:04:33 UTC,2025-12-12 07:04:33 UTC,,,2025-12-12 07:04:24 UTC
70016579075,follow up for site visit ,,Overdue,2025-12-18 05:00:00 UTC,70000089514,70000089514,70000089514,2025-12-13 05:11:22 UTC,2025-12-13 05:11:22 UTC,,,
70016597595,This client seems to be broker talking in rough way. He needs commercial property in sholloingnaluur omr side. Advice him to contact my jerry for further details..,This client seems to be broker talking in rough way. He needs commercial property in sholloingnaluur omr side. Advice him to contact my jerry for further details..,Completed,2025-12-16 07:49:00 UTC,70000110352,70000110352,70000110352,2025-12-15 07:50:43 UTC,2025-12-15 07:50:43 UTC,,,2025-12-15 07:49:48 UTC
70016602158,Client enquired about reserve 16 plots. She needs 600 sqft of plots. her budget is only up to 20 lakhs only. Unfortunately our plots starts from 51lakhs onwards..with 1200 sqft onwards,Client enquired about reserve 16 plots. She needs 600 sqft of plots. her budget is only up to 20 lakhs only. Unfortunately our plots starts from 51lakhs onwards..with 1200 sqft onwards,Completed,2025-12-16 09:55:00 UTC,70000110352,70000110352,70000110352,2025-12-15 09:55:43 UTC,2025-12-15 09:55:43 UTC,,,2025-12-15 09:55:33 UTC
70016602523,Client says he is not intrested in plots or any apartment. Infact he says he cannot aaford to buy and property,Client says he is not intrested in plots or any apartment. Infact he says he cannot aaford to buy and property,Completed,2025-12-16 10:10:00 UTC,70000110352,70000110352,70000110352,2025-12-15 10:10:35 UTC,2025-12-15 10:10:35 UTC,,,2025-12-15 10:10:19 UTC
70016603078,Client says he is not intrested in plots or any apartment. Infact he says he cannot aaford to buy and property,Client says he is not intrested in plots or any apartment. Infact he says he cannot aaford to buy and property,Completed,2025-12-16 10:42:00 UTC,70000110352,70000110352,70000110352,2025-12-15 10:42:12 UTC,2025-12-15 10:42:12 UTC,,,2025-12-15 10:42:02 UTC
70016603378,Client says the process of buying the plots in reserve16 will discuss with his brother. Due to some personal project work unable to decide further ..Client says process is bit slow. Will get back to me again having discuss with his brother,Client says the process of buying the plots in reserve16 will discuss with his brother. Due to some personal project work unable to decide further ..Client says process is bit slow. Will get back to me again having discuss with his brother,Completed,2025-12-16 10:58:00 UTC,70000110352,70000110352,70000110352,2025-12-15 10:59:02 UTC,2025-12-15 10:59:02 UTC,,,2025-12-15 10:58:54 UTC
70016603513,Client says will call me later right now he is outside…..and then cuts the call,Client says will call me later right now he is outside…..and then cuts the call,Completed,2025-12-16 11:05:00 UTC,70000110352,70000110352,70000110352,2025-12-15 11:06:09 UTC,2025-12-15 11:06:09 UTC,,,2025-12-15 11:05:25 UTC
70016619752,Client name is mr dev anand and mrs sujatha. After having discussed last evening all deatils sent through whats app. Today morning client has seen visited site. He came along with vaastu person. Jigar has shown the flat and he said some technical changes ,Client name is mr dev anand and mrs sujatha. After having discussed last evening all deatils sent through whats app. Today morning client has seen visited site. He came along with vaastu person. Jigar has shown the flat and he said some technical changes needed. Once technical team says its possible then only then they will decide.. As per jigar statement ,Completed,2025-12-18 07:21:00 UTC,70000110352,70000110352,70000110352,2025-12-17 07:21:53 UTC,2025-12-17 07:21:53 UTC,,,2025-12-17 07:21:16 UTC
70016620364,Client need property in banglore.. After seeing our property at kormangala. he like the property arihant villaya. Unfortunately its completely sold out. And also said if any new projects is coming in banglore with all other  ameinites ,Client need property in banglore.. After seeing our property at kormangala. he like the property arihant villaya. Unfortunately its completely sold out. And also said if any new projects is coming in banglore with all other  ameinites ,Completed,2025-12-18 07:42:00 UTC,70000110352,70000110352,70000110352,2025-12-17 07:42:24 UTC,2025-12-17 07:42:24 UTC,,,2025-12-17 07:42:12 UTC
70016622133,This client is a existing client in frangipani…he wants to sell his flat . unfortunately registration of same flat has done twice. Advice client to contact sandhya on office land line,This client is a existing client in frangipani…he wants to sell his flat . unfortunately registration of same flat has done twice. Advice client to contact sandhya on office land line,Completed,2025-12-18 08:48:00 UTC,70000110352,70000110352,70000110352,2025-12-17 08:49:08 UTC,2025-12-17 08:49:08 UTC,,,2025-12-17 08:48:58 UTC
70016622733,Discussed with client. Client says she is not looking any plots nor any apartment and sasy thank you,Discussed with client. Client says she is not looking any plots nor any apartment and sasy thank you,Completed,2025-12-18 09:08:00 UTC,70000110352,70000110352,70000110352,2025-12-17 09:09:02 UTC,2025-12-17 09:09:02 UTC,,,2025-12-17 09:08:52 UTC
70016623439,This client is a vendor.. Dealing with digital ads wanted buisness from arihant advice client to contact land line,This client is a vendor.. Dealing with digital ads wanted buisness from arihant advice client to contact land line,Completed,2025-12-18 09:26:00 UTC,70000110352,70000110352,70000110352,2025-12-17 09:26:24 UTC,2025-12-17 09:26:24 UTC,,,2025-12-17 09:26:15 UTC
70016635930,lient needs plots near sea  side. he doesnt need plots opposite side .Tried to convince about our project.. Client said will let you know if needed. he is more keen next to sea shore area,lient needs plots near sea  side. he doesnt need plots opposite side .Tried to convince about our project.. Client said will let you know if needed. he is more keen next to sea shore area,Completed,2025-12-19 10:30:00 UTC,70000110352,70000110352,70000110352,2025-12-18 10:30:34 UTC,2025-12-18 10:30:34 UTC,,,2025-12-18 10:30:23 UTC
70016635977,Client need plots near beach side only..doesnt want in opposite side..All detail sent through whats app. Client said will check and revert if neededd,Client need plots near beach side only..doesnt want in opposite side..All detail sent through whats app. Client said will check and revert if neededd,Completed,2025-12-19 10:34:00 UTC,70000110352,70000110352,70000110352,2025-12-18 10:34:16 UTC,2025-12-18 10:34:16 UTC,,,2025-12-18 10:34:06 UTC
70016636704,client name ramprasad. Wanted plots inecr ner se shore lane. All details sent through whats app.. conince client about our project. but he was keen only on sea side are. ,client name ramprasad. Wanted plots inecr ner se shore lane. All details sent through whats app.. conince client about our project. but he was keen only on sea side are. ,Completed,2025-12-19 11:16:00 UTC,70000110352,70000110352,70000110352,2025-12-18 11:16:39 UTC,2025-12-18 11:16:39 UTC,,,2025-12-18 11:16:27 UTC
70016639454,follow uo ,,Overdue,2025-12-22 05:29:00 UTC,70000089514,70000089514,70000089514,2025-12-19 05:29:26 UTC,2025-12-19 05:29:26 UTC,,,
70016647658,Client says he is driving his car now advice me to contact him tommorrow,Client says he is driving his car now advice me to contact him tommorrow,Completed,2025-12-20 11:09:00 UTC,70000110352,70000110352,70000110352,2025-12-19 11:09:14 UTC,2025-12-19 11:09:14 UTC,,,2025-12-19 11:09:06 UTC
70016647698,Client says he is driving his car now advice me to contact him tommorrow,Client says he is driving his car now advice me to contact him tommorrow,Completed,2025-12-20 11:11:00 UTC,70000110352,70000110352,70000110352,2025-12-19 11:12:03 UTC,2025-12-19 11:12:03 UTC,,,2025-12-19 11:11:54 UTC
70016647814,Client name is gunashekaran.. After seeing our paper ad intrested in plots. Arranged for site visits from kovalam.. today. Client liked the place. Client says he will bring his family on 24 th again and then decide to book the plot or not. Client needs 12,Client name is gunashekaran.. After seeing our paper ad intrested in plots. Arranged for site visits from kovalam.. today. Client liked the place. Client says he will bring his family on 24 th again and then decide to book the plot or not. Client needs 1200 sqft plot,Completed,2025-12-20 11:18:00 UTC,70000110352,70000110352,70000110352,2025-12-19 11:18:43 UTC,2025-12-19 11:18:43 UTC,,,2025-12-19 11:18:34 UTC
70016647946,Client name is bhasker and he is looking for plots. Client says he is looking for adityaram project as well as arihant too. It will take one month for him to decide which plot he will buy from which builder..Advice me to call him next month,Client name is bhasker and he is looking for plots. Client says he is looking for adityaram project as well as arihant too. It will take one month for him to decide which plot he will buy from which builder..Advice me to call him next month,Completed,2025-12-20 11:26:00 UTC,70000110352,70000110352,70000110352,2025-12-19 11:26:11 UTC,2025-12-19 11:26:11 UTC,,,2025-12-19 11:26:03 UTC
70016648145,Client enquired about reserve 16 plots. after seeing times of india paper ad. All details explained thorrowly client said by this month end or first week of jan2026 will visit site and then decide,Client enquired about reserve 16 plots. after seeing times of india paper ad. All details explained thorrowly client said by this month end or first week of jan2026 will visit site and then decide,Completed,2025-12-20 11:36:00 UTC,70000110352,70000110352,70000110352,2025-12-19 11:36:44 UTC,2025-12-19 11:36:44 UTC,,,2025-12-19 11:36:35 UTC
70016648259,Client name yamini enquiered about our plots. All details explaine and all details sent through whats app. Client said will call me up in evening. No response from client then again i called her up in evening. Now client says without her knowledge her hus,Client name yamini enquiered about our plots. All details explaine and all details sent through whats app. Client said will call me up in evening. No response from client then again i called her up in evening. Now client says without her knowledge her husband finalize some other property next to his work place,Completed,2025-12-20 11:43:00 UTC,70000110352,70000110352,70000110352,2025-12-19 11:43:28 UTC,2025-12-19 11:43:28 UTC,,,2025-12-19 11:43:19 UTC
70016659247,Client completed site on 21-12-2025 early morning by 7 am. client like the place and has like the plots. All details and available list has been forwarded through whats app. Client said will discuss with his wife and revert back,Client completed site on 21-12-2025 early morning by 7 am. client like the place and has like the plots. All details and available list has been forwarded through whats app. Client said will discuss with his wife and revert back,Completed,2025-12-22 05:06:00 UTC,70000110352,70000110352,70000110352,2025-12-21 05:07:05 UTC,2025-12-21 05:07:05 UTC,,,2025-12-21 05:06:55 UTC
70016659279,Client need plots near sea side area only not in opposite side. All details sent through whats app. Client said will check and revert,Client need plots near sea side area only not in opposite side. All details sent through whats app. Client said will check and revert,Completed,2025-12-22 05:51:00 UTC,70000110352,70000110352,70000110352,2025-12-21 05:51:49 UTC,2025-12-21 05:51:49 UTC,,,2025-12-21 05:51:38 UTC
70016659284,Client enquired about reserve 16 plots. Client  budget is up to 30 lakhs wanted 1200 sqft plots..All details sent through whats app. Client said will let me know if needed,Client enquired about reserve 16 plots. Client  budget is up to 30 lakhs wanted 1200 sqft plots..All details sent through whats app. Client said will let me know if needed,Completed,2025-12-22 05:55:00 UTC,70000110351,70000110352,70000110351,2025-12-21 05:56:06 UTC,2026-01-26 06:35:33 UTC,,,2025-12-21 05:55:52 UTC
70016659295,Client looking plots near sea side area only. He has not decided will let s us know,Client looking plots near sea side area only. He has not decided will let s us know,Completed,2025-12-22 06:07:00 UTC,70000110352,70000110352,70000110352,2025-12-21 06:07:52 UTC,2025-12-21 06:07:52 UTC,,,2025-12-21 06:07:43 UTC
70016676669,Client shown intrest in patipulam plots. client said intrested in one ground plot. All detail sent through whats app. Client said after christmas holidays will come and visit site. And also need to do pick up and drop,Client shown intrest in patipulam plots. client said intrested in one ground plot. All detail sent through whats app. Client said after christmas holidays will come and visit site. And also need to do pick up and drop,Completed,2025-12-24 05:52:00 UTC,70000110352,70000110352,70000110352,2025-12-23 05:53:01 UTC,2025-12-23 05:53:01 UTC,,,2025-12-23 05:52:49 UTC
70016676692,Client says its not his cup of tea. Enquired about our plots and client says its not his budget and then cuts the call,Client says its not his cup of tea. Enquired about our plots and client says its not his budget and then cuts the call,Completed,2025-12-24 05:56:00 UTC,70000110352,70000110352,70000110352,2025-12-23 05:57:05 UTC,2025-12-23 05:57:05 UTC,,,2025-12-23 05:56:53 UTC
70016676718,Client needs eight ground plots. This is for her small children to built a school. Client also needs near by hospital. Which is not available. Advice her to contact swarang for hospitals and schools,Client needs eight ground plots. This is for her small children to built a school. Client also needs near by hospital. Which is not available. Advice her to contact swarang for hospitals and schools,Completed,2025-12-24 06:02:00 UTC,70000110352,70000110352,70000110352,2025-12-23 06:02:24 UTC,2025-12-23 06:02:24 UTC,,,2025-12-23 06:02:15 UTC
70016676795,Client name is adil and enquired for plots at reserve 16 . Client contact on last friday after seeing our ad. Client says he is travelling to banglore till tuesday and then advice me to call him on wednesday for site visit,Client name is adil and enquired for plots at reserve 16 . Client contact on last friday after seeing our ad. Client says he is travelling to banglore till tuesday and then advice me to call him on wednesday for site visit,Completed,2025-12-24 06:12:00 UTC,70000110352,70000110352,70000110352,2025-12-23 06:13:02 UTC,2025-12-23 06:13:02 UTC,,,2025-12-23 06:12:51 UTC
70016676848,Client enquired about our plots at ecr. All details sent through whats app. Again called him and said he has not yet decided will have a look by first week of jan 2026 and then decide,Client enquired about our plots at ecr. All details sent through whats app. Again called him and said he has not yet decided will have a look by first week of jan 2026 and then decide,Completed,2025-12-24 06:19:00 UTC,70000110352,70000110352,70000110352,2025-12-23 06:19:51 UTC,2025-12-23 06:19:51 UTC,,,2025-12-23 06:19:39 UTC
70016676941,This client name is sunil.. Since i was driving unable to connect. called him personally and spoke to him. Client enquired about our plots. All details sent through whats app. Client said he is from ambattur. By next week end will try to visit site. in me,This client name is sunil.. Since i was driving unable to connect. called him personally and spoke to him. Client enquired about our plots. All details sent through whats app. Client said he is from ambattur. By next week end will try to visit site. in mean time client has enquired to his friend. His friend says he has purchased plot for 2750 per sqft plus other charges. and says you have forwarded me cost sheet for 3500 plus other charges why? c;ient said,Completed,2025-12-24 06:31:00 UTC,70000110352,70000110352,70000110352,2025-12-23 06:31:40 UTC,2025-12-23 06:31:40 UTC,,,2025-12-23 06:31:29 UTC
70016677014,This client is buisness ad message   ,"This client is buisness ad message

 

",Completed,2025-12-24 06:34:00 UTC,70000110352,70000110352,70000110352,2025-12-23 06:35:36 UTC,2025-12-23 06:35:36 UTC,,,2025-12-23 06:34:10 UTC
70016678449,Client name is yadav and enquired about our plots at reserv 16 plots. There family members came for site visit. They also wanted to see senior living homes too. All detail given hard copy. Client said will decide later after one month. They also said will,Client name is yadav and enquired about our plots at reserv 16 plots. There family members came for site visit. They also wanted to see senior living homes too. All detail given hard copy. Client said will decide later after one month. They also said will compare other builders too and decide,Completed,2025-12-24 07:19:00 UTC,70000110352,70000110352,70000110352,2025-12-23 07:19:58 UTC,2025-12-23 07:19:58 UTC,,,2025-12-23 07:19:47 UTC
70016684548,Earlier client enquired for reserve 16 plots. said will visit site on monday. Today again called client and said he is not looking for that due to distance.. ,Earlier client enquired for reserve 16 plots. said will visit site on monday. Today again called client and said he is not looking for that due to distance.. ,Completed,2025-12-24 10:44:00 UTC,70000110352,70000110352,70000110352,2025-12-23 10:45:09 UTC,2025-12-23 10:45:09 UTC,,,2025-12-23 10:44:58 UTC
70016684720,Client says he is not intrested in any plot purchase,Client says he is not intrested in any plot purchase,Completed,2025-12-24 10:55:00 UTC,70000110352,70000110352,70000110352,2025-12-23 10:55:29 UTC,2025-12-23 10:55:29 UTC,,,2025-12-23 10:55:18 UTC
70016684807,Client says not intrested in buying any plots. Says thank you and cuts the call,"Client says not intrested in buying any plots. Says thank you and cuts the call

",Completed,2025-12-24 11:00:00 UTC,70000110352,70000110352,70000110352,2025-12-23 11:00:38 UTC,2025-12-23 11:00:38 UTC,,,2025-12-23 11:00:26 UTC
70016738672,This client is from govt. department. he wants from legal team to discuss ragarding mgr salai project . He wants to speak to ma subramaniam health minister to speak to him from higher ups,This client is from govt. department. he wants from legal team to discuss ragarding mgr salai project . He wants to speak to ma subramaniam health minister to speak to him from higher ups,Completed,2025-12-29 07:22:00 UTC,70000110352,70000110352,70000110352,2025-12-28 07:22:15 UTC,2025-12-28 07:22:15 UTC,,,2025-12-28 07:22:04 UTC
70016738948,This client is a channel partner..wanted buisness from arihant. Advice him to register  in our companny,This client is a channel partner..wanted buisness from arihant. Advice him to register  in our companny,Completed,2025-12-29 07:31:00 UTC,70000110352,70000110352,70000110352,2025-12-28 07:31:53 UTC,2025-12-28 07:31:53 UTC,,,2025-12-28 07:31:43 UTC
70016740882,Client looking flat at chamiers road.. unfortunately we are doing commercial one..,Client looking flat at chamiers road.. unfortunately we are doing commercial one..,Completed,2025-12-29 08:35:00 UTC,70000110352,70000110352,70000110352,2025-12-28 08:35:19 UTC,2025-12-28 08:35:19 UTC,,,2025-12-28 08:35:10 UTC
70016741066,Commmercial message,Commmercial message,Completed,2025-12-29 08:41:00 UTC,70000110352,70000110352,70000110352,2025-12-28 08:41:41 UTC,2025-12-28 08:41:41 UTC,,,2025-12-28 08:41:31 UTC
70016741657,Client enquired about our plots after seeing paper ad and advice me to call him tommorrow. Today i called him and again he says he is out of station.. for three month. Will call ,Client enquired about our plots after seeing paper ad and advice me to call him tommorrow. Today i called him and again he says he is out of station.. for three month. Will call ,Completed,2025-12-29 09:01:00 UTC,70000110352,70000110352,70000110352,2025-12-28 09:02:05 UTC,2025-12-28 09:02:05 UTC,,,2025-12-28 09:01:33 UTC
70016742034,Client need flat at omr with budget up to 1.5 cr.. Expained about our project. Client says her budget is very less,Client need flat at omr with budget up to 1.5 cr.. Expained about our project. Client says her budget is very less,Completed,2025-12-29 09:15:00 UTC,70000110352,70000110352,70000110352,2025-12-28 09:15:26 UTC,2025-12-28 09:15:26 UTC,,,2025-12-28 09:15:11 UTC
70016748252,Client needs apartment in villaya project..Since the project is completly sold out he want me to check if there any resale apartment. or any other projects  of arihantin banglore ,Client needs apartment in villaya project..Since the project is completly sold out he want me to check if there any resale apartment. or any other projects  of arihantin banglore ,Completed,2025-12-30 05:14:00 UTC,70000110352,70000110352,70000110352,2025-12-29 05:14:53 UTC,2025-12-29 05:14:53 UTC,,,2025-12-29 05:14:44 UTC
70016748300,Client wanted to invest in commercial project in subline project in thoraipakkam. Advice mr jeery to give details of commercial project..seems to be his budget up to 2 cr,Client wanted to invest in commercial project in subline project in thoraipakkam. Advice mr jeery to give details of commercial project..seems to be his budget up to 2 cr,Completed,2025-12-30 05:20:00 UTC,70000110352,70000110352,70000110352,2025-12-29 05:21:04 UTC,2025-12-29 05:21:04 UTC,,,2025-12-29 05:20:55 UTC
70016748497,This client is a vendor wanted buisness from arihant,This client is a vendor wanted buisness from arihant,Completed,2025-12-30 05:52:00 UTC,70000110352,70000110352,70000110352,2025-12-29 05:53:05 UTC,2025-12-29 05:53:05 UTC,,,2025-12-29 05:52:54 UTC
70016748673,Discussed with client regarding plots at ecr…All details sent through whats app. Client said its very far away they are not going forward to buy any plots. Right now plan dropped,Discussed with client regarding plots at ecr…All details sent through whats app. Client said its very far away they are not going forward to buy any plots. Right now plan dropped,Completed,2025-12-30 06:26:00 UTC,70000110352,70000110352,70000110352,2025-12-29 06:26:18 UTC,2025-12-29 06:26:18 UTC,,,2025-12-29 06:26:09 UTC
70016749058,Client need apartment in chamiers road.. Since we are doing commercial advice him to look krishna project. Client says he has already seen the project . Says he is not happy with entrance . He is looking flat near that chamirs road,Client need apartment in chamiers road.. Since we are doing commercial advice him to look krishna project. Client says he has already seen the project . Says he is not happy with entrance . He is looking flat near that chamirs road,Completed,2025-12-30 06:45:00 UTC,70000110352,70000110352,70000110352,2025-12-29 06:45:50 UTC,2025-12-29 06:45:50 UTC,,,2025-12-29 06:45:42 UTC
70016749447,Client says he is not intrested in buying any plot nor any apartment and then cuts the call,Client says he is not intrested in buying any plot nor any apartment and then cuts the call,Completed,2025-12-30 06:57:00 UTC,70000110352,70000110352,70000110352,2025-12-29 06:57:40 UTC,2025-12-29 06:57:40 UTC,,,2025-12-29 06:57:30 UTC
70016749847,Client says looking plots in akkarai and no where else. She needs to her daudgter school. So that she can save tim of transportation,Client says looking plots in akkarai and no where else. She needs to her daudgter school. So that she can save tim of transportation,Completed,2025-12-30 07:07:00 UTC,70000110352,70000110352,70000110352,2025-12-29 07:08:02 UTC,2025-12-29 07:08:02 UTC,,,2025-12-29 07:07:53 UTC
70016750028,This client is a vendor from banglore dealing with alluminium prfabricated cast. Advice him to contact arihant landline,This client is a vendor from banglore dealing with alluminium prfabricated cast. Advice him to contact arihant landline,Completed,2025-12-30 07:13:00 UTC,70000110352,70000110352,70000110352,2025-12-29 07:13:21 UTC,2025-12-29 07:13:21 UTC,,,2025-12-29 07:13:13 UTC
70016750095,This client is a vendor from banglore dealing with alluminium prfabricated cast. Advice him to contact arihant landline,This client is a vendor from banglore dealing with alluminium prfabricated cast. Advice him to contact arihant landline,Completed,2025-12-30 07:15:00 UTC,70000110352,70000110352,70000110352,2025-12-29 07:15:25 UTC,2025-12-29 07:15:25 UTC,,,2025-12-29 07:15:15 UTC
70016750965,Discussed with client regarding plots. Client has visited site. Client says he will take a calll after getting approved from  his family by next month they are not in town right now,Discussed with client regarding plots. Client has visited site. Client says he will take a calll after getting approved from  his family by next month they are not in town right now,Completed,2025-12-30 07:42:00 UTC,70000110352,70000110352,70000110352,2025-12-29 07:42:15 UTC,2025-12-29 07:42:15 UTC,,,2025-12-29 07:42:05 UTC
70016751094,Long ring is ringing and suddenlly smal kid is lifted the call and not answering…tried calling so many times,Long ring is ringing and suddenlly smal kid is lifted the call and not answering…tried calling so many times,Completed,2025-12-30 07:45:00 UTC,70000110352,70000110352,70000110352,2025-12-29 07:46:09 UTC,2025-12-29 07:46:09 UTC,,,2025-12-29 07:46:01 UTC
70016754320,Long ring is ringing and suddenlly smal kid is lifted the call and not answering…tried calling so many times,Long ring is ringing and suddenlly smal kid is lifted the call and not answering…tried calling so many times,Completed,2025-12-30 09:29:00 UTC,70000110352,70000110352,70000110352,2025-12-29 09:29:25 UTC,2025-12-29 09:29:25 UTC,,,2025-12-29 09:29:12 UTC
70016754920,Client says his two sons are in usa they have invested in mylapore property with some other builder . Since paper ad they have seen in website . They will call us directly if they like it. All details sent through whats app to mr gopinath. Gopinath will f,Client says his two sons are in usa they have invested in mylapore property with some other builder . Since paper ad they have seen in website . They will call us directly if they like it. All details sent through whats app to mr gopinath. Gopinath will forward the details to his son and then decided,Completed,2025-12-30 09:48:00 UTC,70000110352,70000110352,70000110352,2025-12-29 09:48:36 UTC,2025-12-29 09:48:36 UTC,,,2025-12-29 09:48:27 UTC
70016760779,The person you are calling is switch off… Tried calling so many times,The person you are calling is switch off… Tried calling so many times,Completed,2025-12-31 05:27:00 UTC,70000110352,70000110352,70000110352,2025-12-30 05:28:06 UTC,2025-12-30 05:28:06 UTC,,,2025-12-30 05:27:56 UTC
70016760829,lient says he has already seen the property 6 months back.. At that time nothing was developed. Again spoke to him. He says he might see again whenever he is free. Or when ever if he goes towards ecr then he will visit and decide,lient says he has already seen the property 6 months back.. At that time nothing was developed. Again spoke to him. He says he might see again whenever he is free. Or when ever if he goes towards ecr then he will visit and decide,Completed,2025-12-31 05:38:00 UTC,70000110352,70000110352,70000110352,2025-12-30 05:39:09 UTC,2025-12-30 05:39:09 UTC,,,2025-12-30 05:38:58 UTC
70016760928,Again discuss with client… Client says to call him up after 2 jan 2026 . for further discussion…Already he recieved details for the month of april 2025,Again discuss with client… Client says to call him up after 2 jan 2026 . for further discussion…Already he recieved details for the month of april 2025,Completed,2025-12-31 05:58:00 UTC,70000110352,70000110352,70000110352,2025-12-30 05:58:31 UTC,2025-12-30 05:58:31 UTC,,,2025-12-30 05:58:22 UTC
70016761112,Again discussed with client.after six months. Client said he will again have site visit this week end or next week end. Since he was not in town client earlier. At that time nothing was develop. so this time he will try to visit and then decide,Again discussed with client.after six months. Client said he will again have site visit this week end or next week end. Since he was not in town client earlier. At that time nothing was develop. so this time he will try to visit and then decide,Completed,2025-12-31 06:26:00 UTC,70000110352,70000110352,70000110352,2025-12-30 06:26:22 UTC,2025-12-30 06:26:22 UTC,,,2025-12-30 06:26:03 UTC
70016761733,Client says her husband is not well and we are takeing care of him. So expenses are very costly for his treatment so we have drop the plan to buy the plot.,Client says her husband is not well and we are takeing care of him. So expenses are very costly for his treatment so we have drop the plan to buy the plot.,Completed,2025-12-31 06:50:00 UTC,70000110352,70000110352,70000110352,2025-12-30 06:51:07 UTC,2025-12-30 06:51:07 UTC,,,2025-12-30 06:50:57 UTC
70016761935,Client says he is not intrested now in buying any plots now says thank you and then cuts the call,Client says he is not intrested now in buying any plots now says thank you and then cuts the call,Completed,2025-12-31 06:57:00 UTC,70000110352,70000110352,70000110352,2025-12-30 06:57:26 UTC,2025-12-30 06:57:26 UTC,,,2025-12-30 06:57:16 UTC
70016762086,Client says he is not intrested in buying any apartment due to wine shop at the entrance. so he is not intrested,Client says he is not intrested in buying any apartment due to wine shop at the entrance. so he is not intrested,Completed,2025-12-31 07:00:00 UTC,70000110352,70000110352,70000110352,2025-12-30 07:00:58 UTC,2025-12-30 07:00:58 UTC,,,2025-12-30 07:00:49 UTC
70016763672,Discuss with client now. Client has already visited site. But he is not in a position to buy any plot due to financial constrain..plan drop to buy plots,Discuss with client now. Client has already visited site. But he is not in a position to buy any plot due to financial constrain..plan drop to buy plots,Completed,2025-12-31 07:44:00 UTC,70000110352,70000110352,70000110352,2025-12-30 07:44:52 UTC,2025-12-30 07:44:52 UTC,,,2025-12-30 07:44:41 UTC
70016763790,Client says they are looking property in poes garden only .Our project did not like due to small passage and they need flat in 3rd floor. not in first floor andthat too minimum 10 apartments,Client says they are looking property in poes garden only .Our project did not like due to small passage and they need flat in 3rd floor. not in first floor andthat too minimum 10 apartments,Completed,2025-12-31 07:48:00 UTC,70000110352,70000110352,70000110352,2025-12-30 07:48:15 UTC,2025-12-30 07:48:15 UTC,,,2025-12-30 07:48:05 UTC
70016765574,Discuss with client now..Client said they have dropp the plan due to personal reason ,Discuss with client now..Client said they have dropp the plan due to personal reason ,Completed,2025-12-31 08:42:00 UTC,70000110352,70000110352,70000110352,2025-12-30 08:42:56 UTC,2025-12-30 08:42:56 UTC,,,2025-12-30 08:42:45 UTC
70016768536,Client budget is up to 2.5 cr wanted three bhk flat resale one in abhirampuram area or alwarpet area. Client says krshna project is out of his budget,Client budget is up to 2.5 cr wanted three bhk flat resale one in abhirampuram area or alwarpet area. Client says krshna project is out of his budget,Completed,2025-12-31 10:18:00 UTC,70000110352,70000110352,70000110352,2025-12-30 10:18:18 UTC,2025-12-30 10:18:18 UTC,,,2025-12-30 10:18:07 UTC
70016768777,This project is completely sold out and client need three bhk flat in vihaana project budget up to 3 cr,This project is completely sold out and client need three bhk flat in vihaana project budget up to 3 cr,Completed,2025-12-31 10:31:00 UTC,70000110352,70000110352,70000110352,2025-12-30 10:31:48 UTC,2025-12-30 10:31:48 UTC,,,2025-12-30 10:31:38 UTC
70016768831,The person you are trying to reach is not availble..Will try again after some time,The person you are trying to reach is not availble..Will try again after some time,Completed,2025-12-31 10:35:00 UTC,70000110352,70000110352,70000110352,2025-12-30 10:35:15 UTC,2025-12-30 10:35:15 UTC,,,2025-12-30 10:35:05 UTC
70016797368,Advertising message..wanted buisness from arihant,Advertising message..wanted buisness from arihant,Completed,2026-01-03 05:00:00 UTC,70000110352,70000110352,70000110352,2026-01-02 05:00:47 UTC,2026-01-02 05:00:47 UTC,,,2026-01-02 05:00:35 UTC
70016797399,Discussed with client now… Client says they are not intrested in buying any property now and then cuts the call,Discussed with client now… Client says they are not intrested in buying any property now and then cuts the call,Completed,2026-01-03 05:06:00 UTC,70000110352,70000110352,70000110352,2026-01-02 05:06:47 UTC,2026-01-02 05:06:47 UTC,,,2026-01-02 05:06:39 UTC
70016797413,This is a recording message.. For buisness deal,This is a recording message.. For buisness deal,Completed,2026-01-03 05:11:00 UTC,70000110352,70000110352,70000110352,2026-01-02 05:12:01 UTC,2026-01-02 05:12:01 UTC,,,2026-01-02 05:11:49 UTC
70016797424,Client need flat at omr with budget up to 1.5 cr.. Expained about our project. Client says her budget is very less,Client need flat at omr with budget up to 1.5 cr.. Expained about our project. Client says her budget is very less,Completed,2026-01-03 05:14:00 UTC,70000110352,70000110352,70000110352,2026-01-02 05:14:16 UTC,2026-01-02 05:14:16 UTC,,,2026-01-02 05:14:07 UTC
70016797461,Client looking flat at chamiers road.. unfortunately we are doing commercial one..,Client looking flat at chamiers road.. unfortunately we are doing commercial one..,Completed,2026-01-03 05:23:00 UTC,70000110352,70000110352,70000110352,2026-01-02 05:23:37 UTC,2026-01-02 05:23:37 UTC,,,2026-01-02 05:23:18 UTC
70016797541,The person you are calling is not available..Pls call after some. time,The person you are calling is not available..Pls call after some. time,Completed,2026-01-03 05:37:00 UTC,70000110352,70000110352,70000110352,2026-01-02 05:37:29 UTC,2026-01-02 05:37:29 UTC,,,2026-01-02 05:37:20 UTC
70016797630,Again discussed with client. Regarding plots.. Client says still he has not take a call to have site visit.. will let me know once he decide,Again discussed with client. Regarding plots.. Client says still he has not take a call to have site visit.. will let me know once he decide,Completed,2026-01-03 05:52:00 UTC,70000110352,70000110352,70000110352,2026-01-02 05:52:23 UTC,2026-01-02 05:52:23 UTC,,,2026-01-02 05:52:14 UTC
70016797654,Again discussed with client. Regarding plots.. Client says still he has not take a call to have site visit.. will let me know once he decide,Again discussed with client. Regarding plots.. Client says still he has not take a call to have site visit.. will let me know once he decide,Completed,2026-01-03 05:55:00 UTC,70000110352,70000110352,70000110352,2026-01-02 05:56:01 UTC,2026-01-02 05:56:01 UTC,,,2026-01-02 05:55:53 UTC
70016797754,Discussed with client now .. he says he need plot in the beach side. Not in opposite side.. ,Discussed with client now .. he says he need plot in the beach side. Not in opposite side.. ,Completed,2026-01-03 06:09:00 UTC,70000110352,70000110352,70000110352,2026-01-02 06:09:28 UTC,2026-01-02 06:09:28 UTC,,,2026-01-02 06:09:19 UTC
70016797763,Again discussed with client. Regarding plots.. Client says still he has not take a call to have site visit.. will let me know once he decide,Again discussed with client. Regarding plots.. Client says still he has not take a call to have site visit.. will let me know once he decide,Completed,2026-01-03 06:10:00 UTC,70000110352,70000110352,70000110352,2026-01-02 06:10:25 UTC,2026-01-02 06:10:25 UTC,,,2026-01-02 06:10:17 UTC
70016799868,Discussed again with client now.. regarding plots. On 21 december all details have forwarded to client. Now again calling today client says this will not set to them due to distance. Client says not intrested,Discussed again with client now.. regarding plots. On 21 december all details have forwarded to client. Now again calling today client says this will not set to them due to distance. Client says not intrested,Completed,2026-01-03 07:32:00 UTC,70000110352,70000110352,70000110352,2026-01-02 07:32:18 UTC,2026-01-02 07:32:18 UTC,,,2026-01-02 07:32:09 UTC
70016800077,All details sent through whats app. Earlier on 18 december 2025. client said will check and revert. Today again called client. Client says i am travelling pls call later,All details sent through whats app. Earlier on 18 december 2025. client said will check and revert. Today again called client. Client says i am travelling pls call later,Completed,2026-01-03 07:38:00 UTC,70000110352,70000110352,70000110352,2026-01-02 07:38:54 UTC,2026-01-02 07:38:54 UTC,,,2026-01-02 07:38:46 UTC
70016802466,All details sent on whats app.. on 18th december.. Again called client todY. Client said will visit site on 4th january 2025 and then decide,All details sent on whats app.. on 18th december.. Again called client todY. Client said will visit site on 4th january 2025 and then decide,Completed,2026-01-03 08:53:00 UTC,70000110352,70000110352,70000110352,2026-01-02 08:53:14 UTC,2026-01-02 08:53:14 UTC,,,2026-01-02 08:53:05 UTC
70016802667,All details sent through whats app. After having discussed on 18th december. At that time client said will come and visit. Now again called client now and says he is not intrested in plots..due to long distance,All details sent through whats app. After having discussed on 18th december. At that time client said will come and visit. Now again called client now and says he is not intrested in plots..due to long distance,Completed,2026-01-03 08:59:00 UTC,70000110352,70000110352,70000110352,2026-01-02 08:59:16 UTC,2026-01-02 08:59:16 UTC,,,2026-01-02 08:59:08 UTC
70016802854,Client cuts the call and says thank you.. Says not intrested,Client cuts the call and says thank you.. Says not intrested,Completed,2026-01-03 09:04:00 UTC,70000110352,70000110352,70000110352,2026-01-02 09:04:55 UTC,2026-01-02 09:04:55 UTC,,,2026-01-02 09:04:46 UTC
70016803018,All details sent through whats app. Client says he is not happy about the krishna project due to entrance very small. He says he is looking property at ra puram. / alwarpet/ poes garden,All details sent through whats app. Client says he is not happy about the krishna project due to entrance very small. He says he is looking property at ra puram. / alwarpet/ poes garden,Completed,2026-01-03 09:09:00 UTC,70000110352,70000110352,70000110352,2026-01-02 09:09:56 UTC,2026-01-02 09:09:56 UTC,,,2026-01-02 09:09:47 UTC
70016803817,The person you are calling is not answering… Pls call after some time,The person you are calling is not answering… Pls call after some time,Completed,2026-01-03 09:33:00 UTC,70000110352,70000110352,70000110352,2026-01-02 09:33:34 UTC,2026-01-02 09:33:34 UTC,,,2026-01-02 09:33:26 UTC
70016804109,Client was looking for his son who is in usa. All details sent through whats app on 19th december 2025 itself. Now again contacted him. Client says his children looking property near beach side not in oppposite side. Client said will let me know if any th,"Client was looking for his son who is in usa. All details sent through whats app on 19th december 2025 itself. Now again contacted him. Client says his children looking property near beach side not in oppposite side. Client said will let me know if any thiing is there 

 Piyush .
",Completed,2026-01-03 09:43:00 UTC,70000110352,70000110352,70000110352,2026-01-02 09:43:38 UTC,2026-01-02 09:43:38 UTC,,,2026-01-02 09:43:28 UTC
70016804306,Client has already seen the area last year sh he knows the in and around area last year the guideline value was 650 sqft and suddendly the price has increased to 2000 so client feels its very high and deosnt want to give wrong commmitment. so he has drop ,ClieClient has already seen the area last year sh he knows the in and around area last year the guideline value was 650 sqft and suddendly the price has increased to 2000 so client feels its very high and deosnt want to give wrong commmitment. so he has drop the plan for buying plotsnt has already seen the area last year sh he knows the in and around area last year the guideline value was 650 sqft and suddendly the price has increased to 2000 so client feels its very high and deosnt want to give wrong commmitment. so he has drop the plan for buying plots,Completed,2026-01-03 09:49:00 UTC,70000110352,70000110352,70000110352,2026-01-02 09:49:36 UTC,2026-01-02 09:49:36 UTC,,,2026-01-02 09:49:21 UTC
70016804655,All details sent through whats app to client. on 18th december. Again called client today. Client is not responding.. The person you are calling is switched off.. Tried calling so many times,All details sent through whats app to client. on 18th december. Again called client today. Client is not responding.. The person you are calling is switched off.. Tried calling so many times,Completed,2026-01-03 09:59:00 UTC,70000110352,70000110352,70000110352,2026-01-02 09:59:33 UTC,2026-01-02 09:59:33 UTC,,,2026-01-02 09:59:25 UTC
70016804806,Client says he is not intrested in buying plots as his son is in dubai. Asked him he says he wanted next to seashore,Client says he is not intrested in buying plots as his son is in dubai. Asked him he says he wanted next to seashore,Completed,2026-01-03 10:07:00 UTC,70000110352,70000110352,70000110352,2026-01-02 10:07:56 UTC,2026-01-02 10:07:56 UTC,,,2026-01-02 10:07:48 UTC
70016804962,Client name jaikumar and working in cental bank of india. Client says he is looking plots for his children. By next month his children are coming from abroad then only he will decide,Client name jaikumar and working in cental bank of india. Client says he is looking plots for his children. By next month his children are coming from abroad then only he will decide,Completed,2026-01-03 10:17:00 UTC,70000110352,70000110352,70000110352,2026-01-02 10:17:12 UTC,2026-01-02 10:17:12 UTC,,,2026-01-02 10:17:04 UTC
70016805092,Call has been forwarded to voice mail… Pls try after some time. The person you are calling is not answering,Call has been forwarded to voice mail… Pls try after some time. The person you are calling is not answering,Completed,2026-01-03 10:24:00 UTC,70000110352,70000110352,70000110352,2026-01-02 10:24:36 UTC,2026-01-02 10:24:36 UTC,,,2026-01-02 10:24:28 UTC
70016805139,Client says now no idea to buy any plots right now and then cuts the call,Client says now no idea to buy any plots right now and then cuts the call,Completed,2026-01-03 10:27:00 UTC,70000110352,70000110352,70000110352,2026-01-02 10:27:22 UTC,2026-01-02 10:27:22 UTC,,,2026-01-02 10:27:14 UTC
70016805249,All details sent through whats app. on 19th december. Again called now client says by nextweek he will come for site visit. Advice me to call back on 7th wednesday 2026,All details sent through whats app. on 19th december. Again called now client says by nextweek he will come for site visit. Advice me to call back on 7th wednesday 2026,Completed,2026-01-03 10:33:00 UTC,70000110352,70000110352,70000110352,2026-01-02 10:33:49 UTC,2026-01-02 10:33:49 UTC,,,2026-01-02 10:33:41 UTC
70016805363,Client says now they are not intrested in patipulam plots. If any thing is there will let us know,Client says now they are not intrested in patipulam plots. If any thing is there will let us know,Completed,2026-01-03 10:41:00 UTC,70000110352,70000110352,70000110352,2026-01-02 10:41:11 UTC,2026-01-02 10:41:11 UTC,,,2026-01-02 10:41:02 UTC
70016813548,discussed with client regarding plots.. Client says he is not intreseted in buying any plots. nor any apartment,discussed with client regarding plots.. Client says he is not intreseted in buying any plots. nor any apartment,Completed,2026-01-04 08:27:00 UTC,70000110352,70000110352,70000110352,2026-01-03 08:28:00 UTC,2026-01-03 08:28:00 UTC,,,2026-01-03 08:27:48 UTC
70016815083,discussed with client regarding plots.. Client says he is not intreseted in buying any plots. nor any apartment,discussed with client regarding plots.. Client says he is not intreseted in buying any plots. nor any apartment,Completed,2026-01-04 09:02:00 UTC,70000110352,70000110352,70000110352,2026-01-03 09:02:25 UTC,2026-01-03 09:02:25 UTC,,,2026-01-03 09:02:13 UTC
70016816316,Client visited site today milange and jigar is following up,Client visited site today milange and jigar is following up,Completed,2026-01-04 09:40:00 UTC,70000110352,70000110352,70000110352,2026-01-03 09:41:08 UTC,2026-01-03 09:41:08 UTC,,,2026-01-03 09:40:57 UTC
70016817178,Follow up,,Overdue,2026-01-09 10:18:00 UTC,70000110350,70000110350,70000110350,2026-01-03 10:18:25 UTC,2026-01-03 10:18:25 UTC,,,
70016817345,follow up,,Overdue,2026-01-19 10:28:00 UTC,70000110350,70000110350,70000110350,2026-01-03 10:28:54 UTC,2026-01-03 10:28:54 UTC,,,
70016832431,Discusssed with client.. about enqury . Client need apartment near chinmaya vidhyalaya tailors road. unfortunately project is not available,Discusssed with client.. about enqury . Client need apartment near chinmaya vidhyalaya tailors road. unfortunately project is not available,Completed,2026-01-06 05:09:00 UTC,70000110352,70000110352,70000110352,2026-01-05 05:09:16 UTC,2026-01-05 05:09:16 UTC,,,2026-01-05 05:09:07 UTC
70016832458,The dialed number does not exist.. Pls check the number you have dialed… Tried calling so many times,The dialed number does not exist.. Pls check the number you have dialed… Tried calling so many times,Completed,2026-01-06 05:12:00 UTC,70000110352,70000110352,70000110352,2026-01-05 05:13:02 UTC,2026-01-05 05:13:02 UTC,,,2026-01-05 05:12:53 UTC
70016832514,Clien has visited site last saturday and jigar has given basic price 12400 rs per sqft plus other charges.. Agai today spoke to client.. Final price 12100 per sqft plus other charges . Client says will discuss with her husband and give a call today evenin,Clien has visited site last saturday and jigar has given basic price 12400 rs per sqft plus other charges.. Agai today spoke to client.. Final price 12100 per sqft plus other charges . Client says will discuss with her husband and give a call today evening. Client also says they are not going for any loan.. ,Completed,2026-01-06 05:21:00 UTC,70000110352,70000110352,70000110352,2026-01-05 05:21:33 UTC,2026-01-05 05:21:33 UTC,,,2026-01-05 05:21:25 UTC
70016832534,This client is a land bank having property at coonor.. They wanted to sell few property to arihant. Adviced her to contact arihant landline and connect land acquasition team,This client is a land bank having property at coonor.. They wanted to sell few property to arihant. Adviced her to contact arihant landline and connect land acquasition team,Completed,2026-01-06 05:24:00 UTC,70000110352,70000110352,70000110352,2026-01-05 05:25:04 UTC,2026-01-05 05:25:04 UTC,,,2026-01-05 05:24:55 UTC
70016832612,Discussed with client last saturday.. Client need a project of 6 apartments only this she feels its a gated community and we doesnt want any disturbance. Since they are old,Discussed with client last saturday.. Client need a project of 6 apartments only this she feels its a gated community and we doesnt want any disturbance. Since they are old,Completed,2026-01-06 05:38:00 UTC,70000110352,70000110352,70000110352,2026-01-05 05:38:42 UTC,2026-01-05 05:38:42 UTC,,,2026-01-05 05:38:33 UTC
70016832632,This client is a vendor from calcutta. Wanted buisness from arihant. Adviced her to contact landline for buisness,This client is a vendor from calcutta. Wanted buisness from arihant. Adviced her to contact landline for buisnessThis client is a vendor from calcutta. Wanted buisness from arihant. Adviced her to contact landline for buisness,Completed,2026-01-06 05:42:00 UTC,70000110352,70000110352,70000110352,2026-01-05 05:42:46 UTC,2026-01-05 05:42:46 UTC,,,2026-01-05 05:42:31 UTC
70016832871,The person you are calling is not answering…. Tried calling so many times,"The person you are calling is not answering…. Tried calling so many times

",Completed,2026-01-06 06:17:00 UTC,70000110352,70000110352,70000110352,2026-01-05 06:18:04 UTC,2026-01-05 06:18:04 UTC,,,2026-01-05 06:17:49 UTC
70016834143,Client name gowtham.. he wants his property to be developed and wanted even for sale. Adviced him to come down to office for discussion. Adviced land aquasition team to decide,Client name gowtham.. he wants his property to be developed and wanted even for sale. Adviced him to come down to office for discussion. Adviced land aquasition team to decide,Completed,2026-01-06 07:04:00 UTC,70000110352,70000110352,70000110352,2026-01-05 07:04:33 UTC,2026-01-05 07:04:33 UTC,,,2026-01-05 07:04:24 UTC
70016834457,This client is dealing with power spares engineering tools. came to site visit reserve 16 plots. Client selected few plots. But what client has selected those plots were blocked by management. Client got angry and walked off .. Since plots were not availa,This client is dealing with power spares engineering tools. came to site visit reserve 16 plots. Client selected few plots. But what client has selected those plots were blocked by management. Client got angry and walked off .. Since plots were not available at that time. Again calling client . Client is not respoponding,Completed,2026-01-06 07:13:00 UTC,70000110352,70000110352,70000110352,2026-01-05 07:13:12 UTC,2026-01-05 07:13:12 UTC,,,2026-01-05 07:13:02 UTC
70016835133,Client says earlier he had an idea for enquiry. Again called him now . Client says he is not intrested due to funds shortage,Client says earlier he had an idea for enquiry. Again called him now . Client says he is not intrested due to funds shortage,Completed,2026-01-06 07:30:00 UTC,70000110352,70000110352,70000110352,2026-01-05 07:30:37 UTC,2026-01-05 07:30:37 UTC,,,2026-01-05 07:30:27 UTC
70016841015,Client says earlier he had an idea for enquiry. Again called him now . Client says he is not intrested due to funds shortage,Client says earlier he had an idea for enquiry. Again called him now . Client says he is not intrested due to funds shortage,Completed,2026-01-06 10:26:00 UTC,70000110352,70000110352,70000110352,2026-01-05 10:27:17 UTC,2026-01-05 10:27:17 UTC,,,2026-01-05 10:27:14 UTC
70016841093,The dialed number does not exist.. Pls check the number you have dialed.. Tried calling so many times,The dialed number does not exist.. Pls check the number you have dialed.. Tried calling so many times,Completed,2026-01-06 10:32:00 UTC,70000110352,70000110352,70000110352,2026-01-05 10:32:26 UTC,2026-01-05 10:32:26 UTC,,,2026-01-05 10:32:16 UTC
70016846523,Client enquired about plots after seeing our paper ad.. over phone all details sent through whats app. Client said will check and revert back to us..if needed,Client enquired about plots after seeing our paper ad.. over phone all details sent through whats app. Client said will check and revert back to us..if needed,Completed,2026-01-07 05:11:00 UTC,70000110352,70000110352,70000110352,2026-01-06 05:11:53 UTC,2026-01-06 05:11:53 UTC,,,2026-01-06 05:11:44 UTC
70016846572,Client enquired about plots after seeing our paper ads.. All details sent through his whats app. Client said will check and revert. Today again called client . Client wife says he is not in station. Will be back only after one week. Will inform him once h,Client enquired about plots after seeing our paper ads.. All details sent through his whats app. Client said will check and revert. Today again called client . Client wife says he is not in station. Will be back only after one week. Will inform him once he is in town,Completed,2026-01-07 05:21:00 UTC,70000110352,70000110352,70000110352,2026-01-06 05:21:28 UTC,2026-01-06 05:21:28 UTC,,,2026-01-06 05:21:17 UTC
70016846794,Client says he has visited site last year. At that time nothing was build like infra so he went back. Again today contacted and said whenever he has times will have site visit again and let me know. All details sent through whats app. ,Client says he has visited site last year. At that time nothing was build like infra so he went back. Again today contacted and said whenever he has times will have site visit again and let me know. All details sent through whats app. ,Completed,2026-01-07 05:54:00 UTC,70000110352,70000110352,70000110352,2026-01-06 05:54:16 UTC,2026-01-06 05:54:16 UTC,,,2026-01-06 05:54:08 UTC
70016846873,Client enquired for plots after seeing our papar ad. All details sent through whats app. after discuusion over phone. Client said by next week will visit site. and revert back,Client enquired for plots after seeing our papar ad. All details sent through whats app. after discuusion over phone. Client said by next week will visit site. and revert back,Completed,2026-01-07 06:04:00 UTC,70000110352,70000110352,70000110352,2026-01-06 06:04:37 UTC,2026-01-06 06:04:37 UTC,,,2026-01-06 06:04:28 UTC
70016847595,The number you have dialed is switched off.. Tried calling so many times.. Earlier they have enquired for reserve 16 plots.. now again contacting client. mobile is switched off,The number you have dialed is switched off.. Tried calling so many times.. Earlier they have enquired for reserve 16 plots.. now again contacting client. mobile is switched off,Completed,2026-01-07 06:50:00 UTC,70000110352,70000110352,70000110352,2026-01-06 06:50:51 UTC,2026-01-06 06:50:51 UTC,,,2026-01-06 06:50:42 UTC
70016848176,Client  enquired about our plots after seeing paper ads.. on 20th december. But now he is not when is enquire. She says it bit far and her husband is not intrested in our project,Client  enquired about our plots after seeing paper ads.. on 20th december. But now he is not when is enquire. She says it bit far and her husband is not intrested in our project,Completed,2026-01-07 07:08:00 UTC,70000110352,70000110352,70000110352,2026-01-06 07:08:12 UTC,2026-01-06 07:08:12 UTC,,,2026-01-06 07:08:04 UTC
70016848520,This client is an existing client who has already bought a flat from arihant in pannache project. Her wife sangita enqired for plots. promised me that they will do a site visit. But till now they didnt turned up. today i called her and now the phone is sw,This client is an existing client who has already bought a flat from arihant in pannache project. Her wife sangita enqired for plots. promised me that they will do a site visit. But till now they didnt turned up. today i called her and now the phone is switched off,Completed,2026-01-07 07:18:00 UTC,70000110352,70000110352,70000110352,2026-01-06 07:18:43 UTC,2026-01-06 07:18:43 UTC,,,2026-01-06 07:18:35 UTC
70016848732,Client name is jawahar… They have visited the site on same day after reading the new paper ad. After seeing the site they said that its very far from porur.. Will decide and let me know.,Client name is jawahar… They have visited the site on same day after reading the new paper ad. After seeing the site they said that its very far from porur.. Will decide and let me know.,Completed,2026-01-07 07:24:00 UTC,70000110352,70000110352,70000110352,2026-01-06 07:25:13 UTC,2026-01-06 07:25:13 UTC,,,2026-01-06 07:25:02 UTC
70016848743,Client name is jawahar… They have visited the site on same day after reading the new paper ad. After seeing the site they said that its very far from porur.. Will decide and let me know.,Client name is jawahar… They have visited the site on same day after reading the new paper ad. After seeing the site they said that its very far from porur.. Will decide and let me know.,Completed,2026-01-07 07:25:00 UTC,70000110352,70000110352,70000110352,2026-01-06 07:25:48 UTC,2026-01-06 07:25:48 UTC,,,2026-01-06 07:25:40 UTC
70016854118,Client enquired about our project reserve 16 after seeing paper advertisement.. last month. all details sent through whats app. Again called to client. Client responded. Client says by next week end will try to have site visit ,Client enquired about our project reserve 16 after seeing paper advertisement.. last month. all details sent through whats app. Again called to client. Client responded. Client says by next week end will try to have site visit ,Completed,2026-01-07 10:28:00 UTC,70000110352,70000110352,70000110352,2026-01-06 10:28:41 UTC,2026-01-06 10:28:41 UTC,,,2026-01-06 10:28:31 UTC
70016872118,Data collection team,"This lead is a data collection lead.. Again calling back line not getting connected


",Completed,2026-01-09 05:56:00 UTC,70000110352,70000110352,70000110352,2026-01-08 05:57:34 UTC,2026-01-08 05:57:34 UTC,,,2026-01-08 05:56:57 UTC
70016872177,This client is a channel partner dealing with properties. Advice him to contact arihant office,This client is a channel partner dealing with properties. Advice him to contact arihant office,Completed,2026-01-09 06:11:00 UTC,70000110352,70000110352,70000110352,2026-01-08 06:11:53 UTC,2026-01-08 06:11:53 UTC,,,2026-01-08 06:11:43 UTC
70016872261,This client is a channel partner..  advice him to bring clients for reserve 16 site,This client is a channel partner..  advice him to bring clients for reserve 16 site,Completed,2026-01-09 06:26:00 UTC,70000110352,70000110352,70000110352,2026-01-08 06:26:53 UTC,2026-01-08 06:26:53 UTC,,,2026-01-08 06:26:44 UTC
70016872897,Client enquired about our plots earlier on 19th december. 2025. All details snt through whats app. Client said will check and revert back. Now again called to client. Client says he is not intrested due to distance and nothing has developed near by,Client enquired about our plots earlier on 19th december. 2025. All details snt through whats app. Client said will check and revert back. Now again called to client. Client says he is not intrested due to distance and nothing has developed near by,Completed,2026-01-09 06:55:00 UTC,70000110352,70000110352,70000110352,2026-01-08 06:55:41 UTC,2026-01-08 06:55:41 UTC,,,2026-01-08 06:55:33 UTC
70016873088,Client says he is not intrested in buyingn any plots right now due to personal reasons   Piyush .,"Client says he is not intrested in buyingn any plots right now due to personal reasons

 
",Completed,2026-01-09 07:00:00 UTC,70000110352,70000110352,70000110352,2026-01-08 07:00:51 UTC,2026-01-08 07:00:51 UTC,,,2026-01-08 07:00:28 UTC
70016873426,Client says he is not intrested in buyingn any plots right now due to personal reasons,Client says he is not intrested in buyingn any plots right now due to personal reasons,Completed,2026-01-09 07:10:00 UTC,70000110352,70000110352,70000110352,2026-01-08 07:10:41 UTC,2026-01-08 07:10:41 UTC,,,2026-01-08 07:10:32 UTC
70016877617,This client need 600 sqft of plots.. with budget of 25 lakhs only.. Unfortunately our project cost from 52 lakhs onwards with 1200 sqft plots,This client need 600 sqft of plots.. with budget of 25 lakhs only.. Unfortunately our project cost from 52 lakhs onwards with 1200 sqft plots,Completed,2026-01-09 09:39:00 UTC,70000110352,70000110352,70000110352,2026-01-08 09:39:55 UTC,2026-01-08 09:39:55 UTC,,,2026-01-08 09:39:47 UTC
70016877815,Discussed with client.. Client budget is up to 25 lakhs wanted 1200 sqft plots. Unfortunately our budget starts from 52 lakhs onwards plot cost,Discussed with client.. Client budget is up to 25 lakhs wanted 1200 sqft plots. Unfortunately our budget starts from 52 lakhs onwards plot cost,Completed,2026-01-09 09:46:00 UTC,70000110352,70000110352,70000110352,2026-01-08 09:46:21 UTC,2026-01-08 09:46:21 UTC,,,2026-01-08 09:46:10 UTC
70016884819,This client is looking for job.. Advice him to contact arihant landline,This client is looking for job.. Advice him to contact arihant landline,Completed,2026-01-10 06:44:00 UTC,70000110352,70000110352,70000110352,2026-01-09 06:46:41 UTC,2026-01-09 06:46:41 UTC,,,2026-01-09 06:44:54 UTC
70016885022,Client name is arun working in dubai. Shown intrest in krishna project. All details sent through whats app. Client said he will send his family for site visit by this month end..,Client name is arun working in dubai. Shown intrest in krishna project. All details sent through whats app. Client said he will send his family for site visit by this month end..,Completed,2026-01-10 06:52:00 UTC,70000110352,70000110352,70000110352,2026-01-09 06:53:03 UTC,2026-01-09 06:53:03 UTC,,,2026-01-09 06:52:52 UTC
70016888837,This client is looking for job.. Advice him to contact arihant landline,This client is looking for job.. Advice him to contact arihant landline,Completed,2026-01-10 09:00:00 UTC,70000110352,70000110352,70000110352,2026-01-09 09:00:32 UTC,2026-01-09 09:00:32 UTC,,,2026-01-09 09:00:24 UTC
70016888940,This client is from banglore wanted 2 bhk apartment in villaya project. Unfortunately this project is completely sold out,This client is from banglore wanted 2 bhk apartment in villaya project. Unfortunately this project is completely sold out,Completed,2026-01-10 09:03:00 UTC,70000110352,70000110352,70000110352,2026-01-09 09:03:55 UTC,2026-01-09 09:03:55 UTC,,,2026-01-09 09:03:47 UTC
70016889249,Client visited reserve 16 site on 8/11/2026 shown intrest in 1800 sqft. Client selected few plots. Will decide befor this month end and take a call,Client visited reserve 16 site on 8/11/2026 shown intrest in 1800 sqft. Client selected few plots. Will decide befor this month end and take a call,Completed,2026-01-10 09:14:00 UTC,70000110352,70000110352,70000110352,2026-01-09 09:14:19 UTC,2026-01-09 09:14:19 UTC,,,2026-01-09 09:14:10 UTC
70016889354,Client visited site on 8th jan along with his friend and relative. Client like the place and said will take a call on 20th jan 2026. wanted to buy 1200 sqft plot ,Client visited site on 8th jan along with his friend and relative. Client like the place and said will take a call on 20th jan 2026. wanted to buy 1200 sqft plot ,Completed,2026-01-10 09:17:00 UTC,70000110352,70000110352,70000110352,2026-01-09 09:17:54 UTC,2026-01-09 09:17:54 UTC,,,2026-01-09 09:17:45 UTC
70016889895,This client is working in s n p foundation.. looking for property lower budget of 25 lakhs,This client is working in s n p foundation.. looking for property lower budget of 25 lakhs,Completed,2026-01-10 09:36:00 UTC,70000110352,70000110352,70000110352,2026-01-09 09:36:44 UTC,2026-01-09 09:36:44 UTC,,,2026-01-09 09:36:34 UTC
70016890920,This client is working in godrej properties as an architect just wanted to see our lay out how we are doing this project. ,This client is working in godrej properties as an architect just wanted to see our lay out how we are doing this project. ,Completed,2026-01-10 10:18:00 UTC,70000110352,70000110352,70000110352,2026-01-09 10:19:09 UTC,2026-01-09 10:19:09 UTC,,,2026-01-09 10:19:00 UTC
70016908708,Our booked client refrell name mr badrikuppaswami.. Shown intrest in reserver 16 project. Wanted 1400 sqft.  it will take one month time for them to decide,Our booked client refrell name mr badrikuppaswami.. Shown intrest in reserver 16 project. Wanted 1400 sqft.  it will take one month time for them to decide,Completed,2026-01-12 06:21:00 UTC,70000110352,70000110352,70000110352,2026-01-11 06:21:33 UTC,2026-01-11 06:21:33 UTC,,,2026-01-11 06:21:23 UTC
70016908800,This client is a vendor wanted buisness from arihant. Advice him to contact arihant land line,This client is a vendor wanted buisness from arihant. Advice him to contact arihant land line,Completed,2026-01-12 06:33:00 UTC,70000110352,70000110352,70000110352,2026-01-11 06:33:44 UTC,2026-01-11 06:33:44 UTC,,,2026-01-11 06:33:32 UTC
70016909001,Client visited site r 16 site today.. explained thorrowly . But client property next to sea shore only,Client visited site r 16 site today.. explained thorrowly . But client property next to sea shore only,Completed,2026-01-12 06:44:00 UTC,70000110352,70000110352,70000110352,2026-01-11 06:44:44 UTC,2026-01-11 06:44:44 UTC,,,2026-01-11 06:44:36 UTC
70016912486,Client enquired about r16 plots. All details sent through whats app.. Client said when ever he travels in ecr then he will have a look and then decide,Client enquired about r16 plots. All details sent through whats app.. Client said when ever he travels in ecr then he will have a look and then decide,Completed,2026-01-12 08:51:00 UTC,70000110352,70000110352,70000110352,2026-01-11 08:51:19 UTC,2026-01-11 08:51:19 UTC,,,2026-01-11 08:51:08 UTC
70016912568,Client visited site r 16 site today.. explained thorrowly . But client property next to sea shore only,Client visited site r 16 site today.. explained thorrowly . But client property next to sea shore only,Completed,2026-01-12 08:54:00 UTC,70000110352,70000110352,70000110352,2026-01-11 08:54:17 UTC,2026-01-11 08:54:17 UTC,,,2026-01-11 08:54:07 UTC
70016912745,Client visited site today looking for investment. After explaining the project. She said she will visit site along with her parents on friday this week end,Client visited site today looking for investment. After explaining the project. She said she will visit site along with her parents on friday this week end,Completed,2026-01-12 08:59:00 UTC,70000110352,70000110352,70000110352,2026-01-11 08:59:44 UTC,2026-01-11 08:59:44 UTC,,,2026-01-11 08:59:42 UTC
70016912912,Client visited site today reserve 16. Explained all plots in site. Client says they are looking for few other builders lay out and it will take six months for them to decide. All details sent through whats aPP,Client visited site today reserve 16. Explained all plots in site. Client says they are looking for few other builders lay out and it will take six months for them to decide. All details sent through whats aPP,Completed,2026-01-12 09:05:00 UTC,70000110352,70000110352,70000110352,2026-01-11 09:05:45 UTC,2026-01-11 09:05:45 UTC,,,2026-01-11 09:05:30 UTC
70016913075,This client is a channel partner . And he already seen this property for general enquiy he has came to site visit. He says he already knew arihant,This client is a channel partner . And he already seen this property for general enquiy he has came to site visit. He says he already knew arihant,Completed,2026-01-12 09:10:00 UTC,70000110352,70000110352,70000110352,2026-01-11 09:10:49 UTC,2026-01-11 09:10:49 UTC,,,2026-01-11 09:10:40 UTC
70016913354,Client has visited site today.. Like the place. And select few plots. But he will discuss with his wife and revert on coming tuesday.,Client has visited site today.. Like the place. And select few plots. But he will discuss with his wife and revert on coming tuesday.,Completed,2026-01-12 09:20:00 UTC,70000110352,70000110352,70000110352,2026-01-11 09:20:31 UTC,2026-01-11 09:20:31 UTC,,,2026-01-11 09:20:24 UTC
70016919500,The number you are trying to reach cannot recieve in coming call pls try later,The number you are trying to reach cannot recieve in coming call pls try later,Completed,2026-01-13 06:17:00 UTC,70000110352,70000110352,70000110352,2026-01-12 06:17:31 UTC,2026-01-12 06:17:31 UTC,,,2026-01-12 06:17:22 UTC
70016919669,Client responded my calls.. It seems he is travelling to his native . In train he has responded my ca;;s. Explained about our project. over phone and forwarded all details through whats app. Client said he has already having his own house and plots in ava,Client responded my calls.. It seems he is travelling to his native . In train he has responded my ca;;s. Explained about our project. over phone and forwarded all details through whats app. Client said he has already having his own house and plots in avadi. He said he will discuss with his wife and then he will call me back if needed,Completed,2026-01-13 06:34:00 UTC,70000110352,70000110352,70000110352,2026-01-12 06:34:10 UTC,2026-01-12 06:34:10 UTC,,,2026-01-12 06:34:02 UTC
70016927101,Tried calling so many times client is not responding my calls ..will call again later,Tried calling so many times client is not responding my calls ..will call again later,Completed,2026-01-13 10:25:00 UTC,70000110352,70000110352,70000110352,2026-01-12 10:26:03 UTC,2026-01-12 10:26:03 UTC,,,2026-01-12 10:25:54 UTC
70016927168,The person you are calling is not answering..pls try later,The person you are calling is not answering..pls try later,Completed,2026-01-13 10:29:00 UTC,70000110352,70000110352,70000110352,2026-01-12 10:29:18 UTC,2026-01-12 10:29:18 UTC,,,2026-01-12 10:29:09 UTC
70016927242,This clietn is from banglore and looking for investment. Over phone explained in detail ..and also all details sent through whats app. Client says they are coming down to chennai from banglore this week end will have a site visit,This clietn is from banglore and looking for investment. Over phone explained in detail ..and also all details sent through whats app. Client says they are coming down to chennai from banglore this week end will have a site visit,Completed,2026-01-13 10:33:00 UTC,70000110352,70000110352,70000110352,2026-01-12 10:33:52 UTC,2026-01-12 10:33:52 UTC,,,2026-01-12 10:33:44 UTC
70016927301,This client is a vendor… Dealing withalluminium doors and windows..Advice him to contact landline,This client is a vendor… Dealing withalluminium doors and windows..Advice him to contact landline,Completed,2026-01-13 10:36:00 UTC,70000110352,70000110352,70000110352,2026-01-12 10:37:01 UTC,2026-01-12 10:37:01 UTC,,,2026-01-12 10:36:53 UTC
70016927349,Client searching for hotel nithya amritham location,Client searching for hotel nithya amritham location,Completed,2026-01-13 10:38:00 UTC,70000110352,70000110352,70000110352,2026-01-12 10:39:08 UTC,2026-01-12 10:39:08 UTC,,,2026-01-12 10:38:58 UTC
70016927622,Client says he is not intrested in buying any plots…right now and then cuts the call,Client says he is not intrested in buying any plots…right now and then cuts the call,Completed,2026-01-13 10:54:00 UTC,70000110352,70000110352,70000110352,2026-01-12 10:54:33 UTC,2026-01-12 10:54:33 UTC,,,2026-01-12 10:54:24 UTC
70016927672,This client has visited sited and already booked the plots in 2nd january in reserve 16 plots. this year,This client has visited sited and already booked the plots in 2nd january in reserve 16 plots. this year,Completed,2026-01-13 10:57:00 UTC,70000110352,70000110352,70000110352,2026-01-12 10:57:55 UTC,2026-01-12 10:57:55 UTC,,,2026-01-12 10:57:46 UTC
70016927777,Client enquired about our plots after seeing our paper ad in times…all details sent through whats app. Today spoke to client and says it out of there budget. They need 1500 sqft plot for 25 lakhs,Client enquired about our plots after seeing our paper ad in times…all details sent through whats app. Today spoke to client and says it out of there budget. They need 1500 sqft plot for 25 lakhs,Completed,2026-01-13 11:03:00 UTC,70000110352,70000110352,70000110352,2026-01-12 11:04:08 UTC,2026-01-12 11:04:08 UTC,,,2026-01-12 11:03:59 UTC
70016932044,Client shown intrest in milange project.. after seeing paper add. All details sent through whats app. Client said he will try to visit tommorrow and then decide,Client shown intrest in milange project.. after seeing paper add. All details sent through whats app. Client said he will try to visit tommorrow and then decide,Completed,2026-01-14 05:06:00 UTC,70000110352,70000110352,70000110352,2026-01-13 05:06:58 UTC,2026-01-13 05:06:58 UTC,,,2026-01-13 05:06:39 UTC
70016932067,Client shown intrest in milange project after seeing paper ad. Client says he knows the project because from outside he use to see the project. And also said he will plan to visit site this week end,Client shown intrest in milange project after seeing paper ad. Client says he knows the project because from outside he use to see the project. And also said he will plan to visit site this week end,Completed,2026-01-14 05:11:00 UTC,70000110352,70000110352,70000110352,2026-01-13 05:11:28 UTC,2026-01-13 05:11:28 UTC,,,2026-01-13 05:11:19 UTC
70016932102,Client shown intrest in r16 project after seeing paper ad toi chennai.. all detasils sent through whats app. Client said will try to have a site visit on 15 or 16th january. Client is looking for investment ,Client shown intrest in r16 project after seeing paper ad toi chennai.. all detasils sent through whats app. Client said will try to have a site visit on 15 or 16th january. Client is looking for investment ,Completed,2026-01-14 05:16:00 UTC,70000110352,70000110352,70000110352,2026-01-13 05:16:56 UTC,2026-01-13 05:16:56 UTC,,,2026-01-13 05:16:21 UTC
70016932144,Client shown intrest in r16 project after seeing paper ad toi chennai.. all detasils sent through whats app. Client said will try to have a site visit on 15 or 16th january. Client is looking for investment ,Client shown intrest in r16 project after seeing paper ad toi chennai.. all detasils sent through whats app. Client said will try to have a site visit on 15 or 16th january. Client is looking for investment ,Completed,2026-01-14 05:25:00 UTC,70000110352,70000110352,70000110352,2026-01-13 05:25:35 UTC,2026-01-13 05:25:35 UTC,,,2026-01-13 05:25:26 UTC
70016932587,Client has forwarded the details to his new son in law.. His son in law has visited sited and seen the model apartment. All details of available list has forwarded to client. Client says his father in law will decide whic flat is looking for .. they will ,Client has forwarded the details to his new son in law.. His son in law has visited sited and seen the model apartment. All details of available list has forwarded to client. Client says his father in law will decide whic flat is looking for .. they will decide on or before april 2026,Completed,2026-01-14 06:35:00 UTC,70000110352,70000110352,70000110352,2026-01-13 06:35:35 UTC,2026-01-13 06:35:35 UTC,,,2026-01-13 06:35:26 UTC
70016932727,"This client is from tnagar… Wanted to know just the price,, While conversation client just cut the call. Apart from that all details sent through whats app","This client is from tnagar… Wanted to know just the price,, While conversation client just cut the call. Apart from that all details sent through whats app",Completed,2026-01-14 06:40:00 UTC,70000110352,70000110352,70000110352,2026-01-13 06:40:18 UTC,2026-01-13 06:40:18 UTC,,,2026-01-13 06:40:09 UTC
70016954668,Client name is mr subbu and he is from california. All details sent through email. After discussion with client in whats app. Client will take a call before this month end,Client name is mr subbu and he is from california. All details sent through email. After discussion with client in whats app. Client will take a call before this month end,Completed,2026-01-17 06:03:00 UTC,70000110352,70000110352,70000110352,2026-01-16 06:03:32 UTC,2026-01-16 06:03:32 UTC,,,2026-01-16 06:03:22 UTC
70016966460,Discussed with client now .. client says due to distance his family members are not intrested…so they have dropped the plan,Discussed with client now .. client says due to distance his family members are not intrested…so they have dropped the planDiscussed with client now .. client says due to distance his family members are not intrested…so they have dropped the plan,Completed,2026-01-20 05:32:00 UTC,70000110352,70000110352,70000110352,2026-01-19 05:33:04 UTC,2026-01-19 05:33:04 UTC,,,2026-01-19 05:32:49 UTC
70016966839,This client is a vendor..wanted business from arihant.. advice him to contact land line,This client is a vendor..wanted business from arihant.. advice him to contact land line,Completed,2026-01-20 06:42:00 UTC,70000110352,70000110352,70000110352,2026-01-19 06:42:36 UTC,2026-01-19 06:42:36 UTC,,,2026-01-19 06:42:27 UTC
70016966854,Client wanted to invest in plots.. but his budget is only up to 20 lakhs only.. Unfortunately our projects starts from 52 lakhs in reserve 16 project,Client wanted to invest in plots.. but his budget is only up to 20 lakhs only.. Unfortunately our projects starts from 52 lakhs in reserve 16 project,Completed,2026-01-20 06:45:00 UTC,70000110352,70000110352,70000110352,2026-01-19 06:45:28 UTC,2026-01-19 06:45:28 UTC,,,2026-01-19 06:45:20 UTC
70016966913,Discussed with client over phone regarding plots.. All details sent through whats app. Client says will check and revert,Discussed with client over phone regarding plots.. All details sent through whats app. Client says will check and revert,Completed,2026-01-20 06:55:00 UTC,70000110352,70000110352,70000110352,2026-01-19 06:56:08 UTC,2026-01-19 06:56:08 UTC,,,2026-01-19 06:56:00 UTC
70016966952,This client is a broker adviced her to bring clients for reserve 16,This client is a broker adviced her to bring clients for reserve 16,Completed,2026-01-20 07:01:00 UTC,70000110352,70000110352,70000110352,2026-01-19 07:01:38 UTC,2026-01-19 07:01:38 UTC,,,2026-01-19 07:01:27 UTC
70016967014,Client searching for nithya amritham hotel to order food. Adviced her a wrong window,Client searching for nithya amritham hotel to order food. Adviced her a wrong window,Completed,2026-01-20 07:08:00 UTC,70000110352,70000110352,70000110352,2026-01-19 07:08:35 UTC,2026-01-19 07:08:35 UTC,,,2026-01-19 07:08:27 UTC
70016967031,This client is a channel partner..Advice him to bring clients,This client is a channel partner..Advice him to bring clients,Completed,2026-01-20 07:11:00 UTC,70000110352,70000110352,70000110352,2026-01-19 07:11:28 UTC,2026-01-19 07:11:28 UTC,,,2026-01-19 07:11:20 UTC
70016967049,This client is a uttar pradesh… And says he is not looking property in chennai at all. And then cuts the call,This client is a uttar pradesh… And says he is not looking property in chennai at all. And then cuts the call,Completed,2026-01-20 07:14:00 UTC,70000110352,70000110352,70000110352,2026-01-19 07:15:00 UTC,2026-01-19 07:15:00 UTC,,,2026-01-19 07:14:51 UTC
70016967089,Discussed with client reagerd flats. In omr. Client need 2 bhk flat in perungudi with buget of 90 lakhs. Unfortunately its not available,Discussed with client reagerd flats. In omr. Client need 2 bhk flat in perungudi with buget of 90 lakhs. Unfortunately its not available,Completed,2026-01-20 07:20:00 UTC,70000110352,70000110352,70000110352,2026-01-19 07:20:51 UTC,2026-01-19 07:20:51 UTC,,,2026-01-19 07:20:42 UTC
70016967135,This client is a vendor. Wanted buisness from arihant…Advice her to contact land line,This client is a vendor. Wanted buisness from arihant…Advice her to contact land line,Completed,2026-01-20 07:27:00 UTC,70000110352,70000110352,70000110352,2026-01-19 07:27:16 UTC,2026-01-19 07:27:16 UTC,,,2026-01-19 07:27:07 UTC
70016967148,The dialed number does not exist pls check the number you have dialed..,The dialed number does not exist pls check the number you have dialed..,Completed,2026-01-20 07:29:00 UTC,70000110352,70000110352,70000110352,2026-01-19 07:29:47 UTC,2026-01-19 07:29:47 UTC,,,2026-01-19 07:29:40 UTC
70016977211,This client is a vendor wanted buisness from arihant….Advice him to contact info @arihants.co.in,This client is a vendor wanted buisness from arihant….Advice him to contact info @arihants.co.in,Completed,2026-01-22 05:13:00 UTC,70000110352,70000110352,70000110352,2026-01-21 05:13:23 UTC,2026-01-21 05:13:23 UTC,,,2026-01-21 05:13:15 UTC
70016977273,Discussed with client ..All ready all details forwarded on 5th january itself.. client felt its very expensive.. Again called today to client.. Convinced client for site visit. Client advice me to call on saturday.. for site visit,Discussed with client ..All ready all details forwarded on 5th january itself.. client felt its very expensive.. Again called today to client.. Convinced client for site visit. Client advice me to call on saturday.. for site visit,Completed,2026-01-22 05:31:00 UTC,70000110352,70000110352,70000110352,2026-01-21 05:31:25 UTC,2026-01-21 05:31:25 UTC,,,2026-01-21 05:31:15 UTC
70016977332,This client shown intrest in patipulam plots… client already knows the place and the area. Client looking for investment he is retierd engineer. all details sent through whats app and said he will for pick up and drop for site visit,This client shown intrest in patipulam plots… client already knows the place and the area. Client looking for investment he is retierd engineer. all details sent through whats app and said he will for pick up and drop for site visit,Completed,2026-01-22 05:39:00 UTC,70000110352,70000110352,70000110352,2026-01-21 05:39:56 UTC,2026-01-21 05:39:56 UTC,,,2026-01-21 05:39:41 UTC
70016977346,This client shown intrest in patipulam plots… client already knows the place and the area. Client looking for investment he is retierd engineer. all details sent through whats app and said he will for pick up and drop for site visit,This client shown intrest in patipulam plots… client already knows the place and the area. Client looking for investment he is retierd engineer. all details sent through whats app and said he will for pick up and drop for site visit,Completed,2026-01-22 05:41:00 UTC,70000110352,70000110352,70000110352,2026-01-21 05:41:36 UTC,2026-01-21 05:41:36 UTC,,,2026-01-21 05:41:26 UTC
70016977407,Client already visited site….on 20th january …All details sent through whats app. Again discussed with client. Client feels rate is very high again convinced him he says he will come and have site visit this saturday or sunday,Client already visited site….on 20th january …All details sent through whats app. Again discussed with client. Client feels rate is very high again convinced him he says he will come and have site visit this saturday or sunday,Completed,2026-01-22 05:53:00 UTC,70000110352,70000110352,70000110352,2026-01-21 05:54:06 UTC,2026-01-21 05:54:06 UTC,,,2026-01-21 05:53:25 UTC
70016977536,This client is a recruiment guy for job vacancy…..,This client is a recruiment guy for job vacancy…..,Completed,2026-01-22 06:10:00 UTC,70000110352,70000110352,70000110352,2026-01-21 06:13:47 UTC,2026-01-21 06:13:47 UTC,,,2026-01-21 06:13:38 UTC
70016978061,Client shown intrest in patipulam plots.. on 19th jan. all details sent through whats app. Client said will visit site after having discussed with her husband. will call me back once get clearance from her husband for site visit,Client shown intrest in patipulam plots.. on 19th jan. all details sent through whats app. Client said will visit site after having discussed with her husband. will call me back once get clearance from her husband for site visit,Completed,2026-01-22 07:36:00 UTC,70000110352,70000110352,70000110352,2026-01-21 07:37:04 UTC,2026-01-21 07:37:04 UTC,,,2026-01-21 07:36:54 UTC
70016983054,Discussed with client now. Client says he cannot afford to buy any property at all because of less income,Discussed with client now. Client says he cannot afford to buy any property at all because of less income,Completed,2026-01-23 07:26:00 UTC,70000110352,70000110352,70000110352,2026-01-22 07:26:37 UTC,2026-01-22 07:26:37 UTC,,,2026-01-22 07:26:30 UTC
70016983374,Client says he is not intrested in buying any property in chennai. client  says he is staying in punjab.. says thank you,Client says he is not intrested in buying any property in chennai. client  says he is staying in punjab.. says thank you,Completed,2026-01-23 08:42:00 UTC,70000110352,70000110352,70000110352,2026-01-22 08:42:18 UTC,2026-01-22 08:42:18 UTC,,,2026-01-22 08:42:09 UTC
70016987424,Client shown intrest in r16 project. After discussion with client all details sent through whats app. Client feels price is to high. Tried to convince him .Client said this week end he will try to visit site and then decide,Client shown intrest in r16 project. After discussion with client all details sent through whats app. Client feels price is to high. Tried to convince him .Client said this week end he will try to visit site and then decide,Completed,2026-01-24 05:42:00 UTC,70000110352,70000110352,70000110352,2026-01-23 05:42:30 UTC,2026-01-23 05:42:30 UTC,,,2026-01-23 05:42:20 UTC
70016988991,Video Call,,Overdue,2026-01-24 08:30:00 UTC,70000137780,70000137780,70000137780,2026-01-23 11:15:18 UTC,2026-01-23 11:15:18 UTC,,Call reminder,
70016992632,follow up,,Completed,2026-01-25 05:30:00 UTC,70000110350,70000089514,70000110350,2026-01-24 08:04:03 UTC,2026-03-16 10:55:08 UTC,,Follow up,2026-03-16 10:55:08 UTC
70016992793,This client is a vendor….wanted  buisness from arihant.. Advice him to contact arihant,This client is a vendor….wanted  buisness from arihant.. Advice him to contact arihant,Completed,2026-01-25 09:04:00 UTC,70000110352,70000110352,70000110352,2026-01-24 09:04:29 UTC,2026-01-24 09:04:29 UTC,,,2026-01-24 09:04:18 UTC
70016992812,This client is a vendor….Advice him to contact landline arihant,This client is a vendor….Advice him to contact landline arihant,Completed,2026-01-25 09:09:00 UTC,70000110352,70000110352,70000110352,2026-01-24 09:09:23 UTC,2026-01-24 09:09:23 UTC,,,2026-01-24 09:09:06 UTC
70016992997,This client is from orissa..Says he doesnt need any property from arihant in chennai and then cuts the call,This client is from orissa..Says he doesnt need any property from arihant in chennai and then cuts the call,Completed,2026-01-25 09:57:00 UTC,70000110352,70000110352,70000110352,2026-01-24 09:57:18 UTC,2026-01-24 09:57:18 UTC,,,2026-01-24 09:57:09 UTC
70016993090,Already discussed with client. Client collected all details she is a existing client who already booked in  arihant pannache . again discussed with client. Client says they need plots near sea side not in opposite side,Already discussed with client. Client collected all details she is a existing client who already booked in  arihant pannache . again discussed with client. Client says they need plots near sea side not in opposite side,Completed,2026-01-25 10:28:00 UTC,70000110352,70000110352,70000110352,2026-01-24 10:28:49 UTC,2026-01-24 10:28:49 UTC,,,2026-01-24 10:28:41 UTC
70016993107,Already discussed with client. Client collected all details she is a existing client who already booked in  arihant pannache . Today agian called her she says by next month second week only they will decide,Already discussed with client. Client collected all details she is a existing client who already booked in  arihant pannache . Today agian called her she says by next month second week only they will decide,Completed,2026-01-25 10:34:00 UTC,70000110352,70000110352,70000110352,2026-01-24 10:34:36 UTC,2026-01-24 10:34:36 UTC,,,2026-01-24 10:34:27 UTC
70016993151,Discussed with client …all details sent through  whats app.. Client says due to personal reasons unable to to proceed further to purchase property ,Discussed with client …all details sent through  whats app.. Client says due to personal reasons unable to to proceed further to purchase property ,Completed,2026-01-25 10:44:00 UTC,70000110352,70000110352,70000110352,2026-01-24 10:44:23 UTC,2026-01-24 10:44:23 UTC,,,2026-01-24 10:44:14 UTC
70016993173,This client is relative of mine ..has just enquired about our property. Just wanted to enquire about our plots. it was general enquiry,This client is relative of mine ..has just enquired about our property. Just wanted to enquire about our plots. it was general enquiry,Completed,2026-01-25 10:50:00 UTC,70000110352,70000110352,70000110352,2026-01-24 10:50:13 UTC,2026-01-24 10:50:13 UTC,,,2026-01-24 10:50:02 UTC
70016993220,Client still not yet decided to buy plot. He will try to visit plot this month end and then decide,Client still not yet decided to buy plot. He will try to visit plot this month end and then decide,Completed,2026-01-25 11:10:00 UTC,70000110352,70000110352,70000110352,2026-01-24 11:10:35 UTC,2026-01-24 11:10:35 UTC,,,2026-01-24 11:10:26 UTC
70016998976,This client is a channel broker..Advice him to contact land line,This client is a channel broker..Advice him to contact land line,Completed,2026-01-27 07:12:00 UTC,70000110352,70000110352,70000110352,2026-01-26 07:12:35 UTC,2026-01-26 07:12:35 UTC,,,2026-01-26 07:12:33 UTC
70016999059,Discussed with client last evening… Explained thorrowly to client. All details sent through whats app. Client said will check and revert if needed..,Discussed with client last evening… Explained thorrowly to client. All details sent through whats app. Client said will check and revert if needed..,Completed,2026-01-27 07:34:00 UTC,70000110352,70000110352,70000110352,2026-01-26 07:35:05 UTC,2026-01-26 07:35:05 UTC,,,2026-01-26 07:34:41 UTC
70016999068,Client enquiered about milange property.. when i was attend mr james son marriage (technical Engineer) marriage function yesterday. All details sent through whats app. Client said will check and revert back if needed,Client enquiered about milange property.. when i was attend mr james son marriage (technical Engineer) marriage function yesterday. All details sent through whats app. Client said will check and revert back if needed,Completed,2026-01-27 07:37:00 UTC,70000110352,70000110352,70000110352,2026-01-26 07:38:12 UTC,2026-01-26 07:38:12 UTC,,,2026-01-26 07:37:43 UTC
70017004216,Client visited site yesterday by his referel friend dr shivashankar.(naren Client). .All details explained thorrowly to client. Client said he will discuss with his friends and rfevert back,Client visited site yesterday by his referel friend dr shivashankar.(naren Client). .All details explained thorrowly to client. Client said he will discuss with his friends and rfevert back,Completed,2026-01-28 10:16:00 UTC,70000110352,70000110352,70000110352,2026-01-27 10:16:24 UTC,2026-01-27 10:16:24 UTC,,,2026-01-27 10:16:15 UTC
70017004242,While driving down to chennai from pondicherry. Client visited site and enquired for reserve 16. Throwwly explained over site. Client said it will take 15 days for them to decide.,While driving down to chennai from pondicherry. Client visited site and enquired for reserve 16. Throwwly explained over site. Client said it will take 15 days for them to decide.,Completed,2026-01-28 10:19:00 UTC,70000110352,70000110352,70000110352,2026-01-27 10:19:28 UTC,2026-01-27 10:19:28 UTC,,,2026-01-27 10:19:18 UTC
70017004329,Jaffer visited site today… reserve 16 and selected plot no 9 south facing plot. Final decission will take call by this week end.. All details sent through whats app,Jaffer visited site today… reserve 16 and selected plot no 9 south facing plot. Final decission will take call by this week end.. All details sent through whats app,Completed,2026-01-28 10:33:00 UTC,70000110352,70000110352,70000110352,2026-01-27 10:33:12 UTC,2026-01-27 10:33:12 UTC,,,2026-01-27 10:33:03 UTC
70017061865,Discussed with client now regarding plots at patipullam.. Client adviced me to call him at mid of march 2026 for the same,Discussed with client now regarding plots at patipullam.. Client adviced me to call him at mid of march 2026 for the same,Completed,2026-02-10 05:39:00 UTC,70000110352,70000110352,70000110352,2026-02-09 05:39:19 UTC,2026-02-09 05:39:19 UTC,,,2026-02-09 05:39:13 UTC
70017061882,This client is a vendor wanted buisness from arihant.. advice him to contact landlin,This client is a vendor wanted buisness from arihant.. advice him to contact landlin,Completed,2026-02-10 05:42:00 UTC,70000110352,70000110352,70000110352,2026-02-09 05:42:54 UTC,2026-02-09 05:42:54 UTC,,,2026-02-09 05:42:48 UTC
70017062047,Discussed with client on jan26th itself. Sorry for delay in updating as i was not in town. client says he is not looking for appreciation wanted for investment purpose. All details sent through whats app … client said will check and revert back,Discussed with client on jan26th itself. Sorry for delay in updating as i was not in town. client says he is not looking for appreciation wanted for investment purpose. All details sent through whats app … client said will check and revert back,Completed,2026-02-10 06:12:00 UTC,70000110352,70000110352,70000110352,2026-02-09 06:12:28 UTC,2026-02-09 06:12:28 UTC,,,2026-02-09 06:12:22 UTC
70017062074,Call gets dropped tried calling so many times… ,Call gets dropped tried calling so many times… ,Completed,2026-02-10 06:18:00 UTC,70000110352,70000110352,70000110352,2026-02-09 06:18:39 UTC,2026-02-09 06:18:39 UTC,,,2026-02-09 06:18:33 UTC
70017062100,This client is a vendor wanted to supply doors to arihant. Advice him to contact landline for the same,This client is a vendor wanted to supply doors to arihant. Advice him to contact landline for the same,Completed,2026-02-10 06:22:00 UTC,70000110352,70000110352,70000110352,2026-02-09 06:22:10 UTC,2026-02-09 06:22:10 UTC,,,2026-02-09 06:22:04 UTC
70017062430,again discussed with client for re visit site. Client said will let you know and said thanks,again discussed with client for re visit site. Client said will let you know and said thanks,Completed,2026-02-10 07:25:00 UTC,70000110352,70000110352,70000110352,2026-02-09 07:26:00 UTC,2026-02-09 07:26:00 UTC,,,2026-02-09 07:25:54 UTC
70017071965,This client is a vendor.. Wanted buisness from arihant.. Advice him to contact landline to connect purchase land line,This client is a vendor.. Wanted buisness from arihant.. Advice him to contact landline to connect purchase land line,Completed,2026-02-12 05:23:00 UTC,70000110352,70000110352,70000110352,2026-02-11 05:24:00 UTC,2026-02-11 05:24:00 UTC,,,2026-02-11 05:23:51 UTC
70017072145,Discuss with client now .. client was looking area saligramam / vadapalani/ koyembedu. Adviced him to look into milange project. all details sent through whatts app. Client said by this week end he will have a site visit and then decide,Discuss with client now .. client was looking area saligramam / vadapalani/ koyembedu. Adviced him to look into milange project. all details sent through whatts app. Client said by this week end he will have a site visit and then decide,Completed,2026-02-12 06:02:00 UTC,70000110352,70000110352,70000110352,2026-02-11 06:02:28 UTC,2026-02-11 06:02:28 UTC,,,2026-02-11 06:02:08 UTC
70017072984,Tried calling client.. client is not responding my call. Will again call later after some time   ,"Tried calling client.. client is not responding my call. Will again call later after some time

 


",Completed,2026-02-12 07:44:00 UTC,70000110352,70000110352,70000110352,2026-02-11 09:04:11 UTC,2026-02-11 09:04:11 UTC,,,2026-02-11 07:44:28 UTC
70017072994,The dialed number does not exist…pls check the number you have dialed,The dialed number does not exist…pls check the number you have dialed,Completed,2026-02-12 09:06:00 UTC,70000110352,70000110352,70000110352,2026-02-11 09:06:44 UTC,2026-02-11 09:06:44 UTC,,,2026-02-11 09:06:33 UTC
70017077620,follow up,site visit,Completed,2026-02-14 04:30:00 UTC,70000110350,70000110350,70000110350,2026-02-12 07:15:27 UTC,2026-03-25 09:59:10 UTC,,,2026-03-25 09:59:10 UTC
70017082236,Client name is arun and he is from uk london. Client shown intrest in vipaasna project. wanted flat in vipaasana. Client budget is up to 2.5cr only.. Unfortunately project is sold out. He thought he can sell his old flat in srinagar and buy new one in vip,Client name is arun and he is from uk london. Client shown intrest in vipaasna project. wanted flat in vipaasana. Client budget is up to 2.5cr only.. Unfortunately project is sold out. He thought he can sell his old flat in srinagar and buy new one in vipaasna. unfortunately our project is completely sold out,Completed,2026-02-14 06:33:00 UTC,70000110352,70000110352,70000110352,2026-02-13 06:33:57 UTC,2026-02-13 06:33:57 UTC,,,2026-02-13 06:33:47 UTC
70017082327,The person you are calling is not answering tried calling so many times. will again try to call,The person you are calling is not answering tried calling so many times. will again try to call,Completed,2026-02-14 06:45:00 UTC,70000110352,70000110352,70000110352,2026-02-13 06:46:01 UTC,2026-02-13 06:46:01 UTC,,,2026-02-13 06:45:45 UTC
70017082474,Client budget is up to 80 lakhs wanted to invest in north town project. adviced my dikshay to follw up for north town project,Client budget is up to 80 lakhs wanted to invest in north town project. adviced my dikshay to follw up for north town project,Completed,2026-02-14 07:10:00 UTC,70000110352,70000110352,70000110352,2026-02-13 07:10:53 UTC,2026-02-13 07:10:53 UTC,,,2026-02-13 07:10:44 UTC
70017090106,Client want to order some food item  from nithya amritham hotel.. ,Client want to order some food item  from nithya amritham hotel.. ,Completed,2026-02-16 09:15:00 UTC,70000110352,70000110352,70000110352,2026-02-15 09:16:04 UTC,2026-02-15 09:16:04 UTC,,,2026-02-15 09:15:53 UTC
70017090119,Client shown intrest in milange project has visited site. Client came through channel partner. Client says his budget is up to 1.20 crores only 1287 flat in milange project,Client shown intrest in milange project has visited site. Client came through channel partner. Client says his budget is up to 1.20 crores only 1287 flat in milange project,Completed,2026-02-16 09:28:00 UTC,70000110352,70000110352,70000110352,2026-02-15 09:28:45 UTC,2026-02-15 09:28:45 UTC,,,2026-02-15 09:28:38 UTC
70017130270,This client is from bihar and says he is not intrested in any plots in chennai…,This client is from bihar and says he is not intrested in any plots in chennai…,Completed,2026-02-25 06:07:00 UTC,70000110352,70000110352,70000110352,2026-02-24 06:07:50 UTC,2026-02-24 06:07:50 UTC,,,2026-02-24 06:07:39 UTC
70017131345,Client is from mandaveli and wanted 4 bhk apartment in milange. Unfortunately 4bhk unit is sold. Client was keen only on 4 bhk only not in 3 bhk apartment,Client is from mandaveli and wanted 4 bhk apartment in milange. Unfortunately 4bhk unit is sold. Client was keen only on 4 bhk only not in 3 bhk apartment,Completed,2026-02-25 09:36:00 UTC,70000110352,70000110352,70000110352,2026-02-24 09:36:47 UTC,2026-02-24 09:36:47 UTC,,,2026-02-24 09:36:35 UTC
70017131353,Client is from mandaveli and wanted 4 bhk apartment in milange. Unfortunately 4bhk unit is sold. Client was keen only on 4 bhk only not in 3 bhk apartment,Client is from mandaveli and wanted 4 bhk apartment in milange. Unfortunately 4bhk unit is sold. Client was keen only on 4 bhk only not in 3 bhk apartment,Completed,2026-02-25 09:37:00 UTC,70000110352,70000110352,70000110352,2026-02-24 09:38:05 UTC,2026-02-24 09:38:05 UTC,,,2026-02-24 09:37:56 UTC
70017140630,This client is a consultant.. he says he is having client for commercial.. Advice mr jerry to follow up. Client also said he knows jerry already,This client is a consultant.. he says he is having client for commercial.. Advice mr jerry to follow up. Client also said he knows jerry already,Completed,2026-02-27 05:26:00 UTC,70000110352,70000110352,70000110352,2026-02-26 05:26:25 UTC,2026-02-26 05:26:25 UTC,,,2026-02-26 05:26:15 UTC
70017140647,This client is a vendor wanted buisness from arihant advice her to contact  land line arihant,This client is a vendor wanted buisness from arihant advice her to contact  land line arihant,Completed,2026-02-27 05:31:00 UTC,70000110352,70000110352,70000110352,2026-02-26 05:31:35 UTC,2026-02-26 05:31:35 UTC,,,2026-02-26 05:31:25 UTC
70017141217,Discussed with client… now client need only plot and he doesnt want to pay other charge nor the corpus fund. tried to convince client for the same and all details sent through whats app.,Discussed with client… now client need only plot and he doesnt want to pay other charge nor the corpus fund. tried to convince client for the same and all details sent through whats app.,Completed,2026-02-27 07:12:00 UTC,70000110352,70000110352,70000110352,2026-02-26 07:12:27 UTC,2026-02-26 07:12:27 UTC,,,2026-02-26 07:12:18 UTC
70017142718,Discussed with client two day back… He said he will visit site on wednesday . Again called him on wednesday. He said he will call me on thursday. since he was held up in meeting. ,Discussed with client two day back… He said he will visit site on wednesday . Again called him on wednesday. He said he will call me on thursday. since he was held up in meeting. ,Completed,2026-02-27 12:08:00 UTC,70000110352,70000110352,70000110352,2026-02-26 12:09:11 UTC,2026-02-26 12:09:11 UTC,,,2026-02-26 12:09:01 UTC
70017142732,"This client is a vendor wanted buisness from arihant..advice her to call land linje arihant   Piyush . Thu 26 Feb, 2026 12:11 PM","This client is a vendor wanted buisness from arihant..advice her to call land linje arihant




",Completed,2026-02-27 12:11:00 UTC,70000110352,70000110352,70000110352,2026-02-26 12:12:11 UTC,2026-02-26 12:12:11 UTC,,,2026-02-26 12:11:41 UTC
70017150958,This client is from indian bank home loan department,This client is from indian bank home loan department,Completed,2026-03-01 05:04:00 UTC,70000110352,70000110352,70000110352,2026-02-28 05:05:07 UTC,2026-02-28 05:05:07 UTC,,,2026-02-28 05:04:55 UTC
70017151080,This client is a vendor… from nippon paint wanted buisness from arihant..Advice him to contact land line,This client is a vendor… from nippon paint wanted buisness from arihant..Advice him to contact land line,Completed,2026-03-01 05:35:00 UTC,70000110352,70000110352,70000110352,2026-02-28 05:36:00 UTC,2026-02-28 05:36:00 UTC,,,2026-02-28 05:35:49 UTC
70017151085,This client is a vendor wanted buisness from arihant. Advice him to contact landline,This client is a vendor wanted buisness from arihant. Advice him to contact landline,Completed,2026-03-01 05:37:00 UTC,70000110352,70000110352,70000110352,2026-02-28 05:37:57 UTC,2026-02-28 05:37:57 UTC,,,2026-02-28 05:37:47 UTC
70017151095,This client is from designing company… Wanted buoisness from arihant.. Advice her to contact land line,This client is from designing company… Wanted buoisness from arihant.. Advice her to contact land line,Completed,2026-03-01 05:40:00 UTC,70000110352,70000110352,70000110352,2026-02-28 05:40:43 UTC,2026-02-28 05:40:43 UTC,,,2026-02-28 05:40:34 UTC
70017151158,Client looking flat on rent at koromangala..wanted 3 bhk apartment,Client looking flat on rent at koromangala..wanted 3 bhk apartment,Completed,2026-03-01 05:53:00 UTC,70000110352,70000110352,70000110352,2026-02-28 05:53:58 UTC,2026-02-28 05:53:58 UTC,,,2026-02-28 05:53:47 UTC
70017151215,Client has already visited our site milange.. last sunday. And also seen the model flat. .All details sent through whats app. Today again called client.. Client says still not yet decided. will let you know once decided,Client has already visited our site milange.. last sunday. And also seen the model flat. .All details sent through whats app. Today again called client.. Client says still not yet decided. will let you know once decided,Completed,2026-03-01 06:09:00 UTC,70000110352,70000110352,70000110352,2026-02-28 06:09:52 UTC,2026-02-28 06:09:52 UTC,,,2026-02-28 06:09:42 UTC
70017151254,This clientis a vendor.. Wanted buisness from arihant.. Advice him to contact landline,This clientis a vendor.. Wanted buisness from arihant.. Advice him to contact landline,Completed,2026-03-01 06:17:00 UTC,70000110352,70000110352,70000110352,2026-02-28 06:18:10 UTC,2026-02-28 06:18:10 UTC,,,2026-02-28 06:18:00 UTC
70017151260,This clientis a vendor.. Wanted buisness from arihant.. Advice him to contact landline,This clientis a vendor.. Wanted buisness from arihant.. Advice him to contact landline,Completed,2026-03-01 06:19:00 UTC,70000110352,70000110352,70000110352,2026-02-28 06:19:15 UTC,2026-02-28 06:19:15 UTC,,,2026-02-28 06:19:07 UTC
70017151381,Client says call me later and then cuts the call.. ,Client says call me later and then cuts the call.. ,Completed,2026-03-01 06:49:00 UTC,70000110352,70000110352,70000110352,2026-02-28 06:54:35 UTC,2026-02-28 06:54:35 UTC,,,2026-02-28 06:49:16 UTC
70017151460,The person you are calling is not answering… Tried calling so many times ,The person you are calling is not answering… Tried calling so many times ,Completed,2026-03-01 07:09:00 UTC,70000110352,70000110352,70000110352,2026-02-28 07:09:20 UTC,2026-02-28 07:09:20 UTC,,,2026-02-28 07:09:10 UTC
70017152232,Client shown intrest in patipulam plots.. After discussion all details sent through whats app. Client said this sunday that is on 19th december he will have site visit. But till now he didnt turned up. Even now also.. tried calling client.. Client is not ,Client shown intrest in patipulam plots.. After discussion all details sent through whats app. Client said this sunday that is on 19th december he will have site visit. But till now he didnt turned up. Even now also.. tried calling client.. Client is not answering,Completed,2026-03-01 10:28:00 UTC,70000110352,70000110352,70000110352,2026-02-28 10:28:53 UTC,2026-02-28 10:28:53 UTC,,,2026-02-28 10:28:42 UTC
70017152254,discussed with client regarding plots.. As details sent through whats app. Client has shortlisted between adityaram property and arihant. client also said he will come and se the property after two months. .Now i am calling client. it says the number you ,discussed with client regarding plots.. As details sent through whats app. Client has shortlisted between adityaram property and arihant. client also said he will come and se the property after two months. .Now i am calling client. it says the number you are calling is temporary out of service,Completed,2026-03-01 10:38:00 UTC,70000110352,70000110352,70000110352,2026-02-28 10:38:54 UTC,2026-02-28 10:38:54 UTC,,,2026-02-28 10:38:42 UTC
70017154812,Site visit follow up,,Completed,2026-03-06 08:06:00 UTC,70000110350,70000110350,70000110350,2026-03-01 08:06:45 UTC,2026-03-06 11:00:19 UTC,,,2026-03-06 11:00:15 UTC
70017154813,follow up,,Overdue,2026-03-02 08:07:00 UTC,70000110350,70000110350,70000110350,2026-03-01 08:07:08 UTC,2026-03-01 08:07:08 UTC,,,
70017162617,Client name is jagdish and he is looking for his friend who is in abroad ..after discussion all details sent through whats app. Client said he has forwarded to his friends and he will call us,Client name is jagdish and he is looking for his friend who is in abroad ..after discussion all details sent through whats app. Client said he has forwarded to his friends and he will call us,Completed,2026-03-04 05:20:00 UTC,70000110352,70000110352,70000110352,2026-03-03 05:21:02 UTC,2026-03-03 05:21:02 UTC,,,2026-03-03 05:20:52 UTC
70017163437,Client name immayatullah…..Shown intrest in patipulam plots. All details aent through whats app. Client said on 28th feb he has seen the property. And after one week will come to site. and then decide,Client name immayatullah…..Shown intrest in patipulam plots. All details aent through whats app. Client said on 28th feb he has seen the property. And after one week will come to site. and then decide,Completed,2026-03-04 10:04:00 UTC,70000110352,70000110352,70000110352,2026-03-03 10:04:29 UTC,2026-03-03 10:04:29 UTC,,,2026-03-03 10:04:17 UTC
70017163442,This client is a vendor…Advice her to contact landline arihant,This client is a vendor…Advice her to contact landline arihant,Completed,2026-03-04 10:08:00 UTC,70000110352,70000110352,70000110352,2026-03-03 10:08:25 UTC,2026-03-03 10:08:25 UTC,,,2026-03-03 10:08:13 UTC
70017163450,Client shown intrest in srinagar colony vipaasna project.. unfortunately project is completely sold out. Client need only in sree nagar colony area only,Client shown intrest in srinagar colony vipaasna project.. unfortunately project is completely sold out. Client need only in sree nagar colony area only,Completed,2026-03-04 10:12:00 UTC,70000110352,70000110352,70000110352,2026-03-03 10:12:57 UTC,2026-03-03 10:12:57 UTC,,,2026-03-03 10:12:46 UTC
70017163464,This client is a neighbour of krishna apartment.. has already spoke to mr harish for some complaint. of her inconvienience,This client is a neighbour of krishna apartment.. has already spoke to mr harish for some complaint. of her inconvienience,Completed,2026-03-04 10:19:00 UTC,70000110352,70000110352,70000110352,2026-03-03 10:19:17 UTC,2026-03-03 10:19:17 UTC,,,2026-03-03 10:19:06 UTC
70017163474,This client is a channel partner.. wanted buisness from arihant.. Advice him to contact landline,This client is a channel partner.. wanted buisness from arihant.. Advice him to contact landline,Completed,2026-03-04 10:24:00 UTC,70000110352,70000110352,70000110352,2026-03-03 10:25:01 UTC,2026-03-03 10:25:01 UTC,,,2026-03-03 10:24:50 UTC
70017163515,Discussed with client.. Regarding r 16 plots.Client shown intrest in patipulam. Client says he himself is a builder in his native. Will try to visit site by after two months,Discussed with client.. Regarding r 16 plots.Client shown intrest in patipulam. Client says he himself is a builder in his native. Will try to visit site by after two months,Completed,2026-03-04 10:41:00 UTC,70000110352,70000110352,70000110352,2026-03-03 10:41:31 UTC,2026-03-03 10:41:31 UTC,,,2026-03-03 10:41:19 UTC
70017163523,Discussed with client.. Regarding r 16 plots.Client shown intrest in patipulam. Client says he himself is a builder in his native. Will try to visit site by after two months,Discussed with client.. Regarding r 16 plots.Client shown intrest in patipulam. Client says he himself is a builder in his native. Will try to visit site by after two months,Completed,2026-03-04 10:43:00 UTC,70000110352,70000110352,70000110352,2026-03-03 10:43:25 UTC,2026-03-03 10:43:25 UTC,,,2026-03-03 10:43:16 UTC
70017163526,Again tried to call client.. client is disconnecting my calls  will again try to call later,Again tried to call client.. client is disconnecting my calls  will again try to call later,Completed,2026-03-04 10:43:00 UTC,70000110352,70000110352,70000110352,2026-03-03 10:44:02 UTC,2026-03-03 10:44:02 UTC,,,2026-03-03 10:43:51 UTC
70017163532,Client says not intrested due to personal reason,Client says not intrested due to personal reason,Completed,2026-03-04 10:47:00 UTC,70000110352,70000110352,70000110352,2026-03-03 10:47:15 UTC,2026-03-03 10:47:15 UTC,,,2026-03-03 10:47:05 UTC
70017163542,This client is a vendor wanted buisness from arihant..Advice her to contact land line,This client is a vendor wanted buisness from arihant..Advice her to contact land line,Completed,2026-03-04 10:49:00 UTC,70000110352,70000110352,70000110352,2026-03-03 10:49:33 UTC,2026-03-03 10:49:33 UTC,,,2026-03-03 10:49:23 UTC
70017163584,This client is a vendor wanted buisness from arihant. Advice him to contact land line,This client is a vendor wanted buisness from arihant. Advice him to contact land line,Completed,2026-03-04 11:04:00 UTC,70000110352,70000110352,70000110352,2026-03-03 11:04:48 UTC,2026-03-03 11:04:48 UTC,,,2026-03-03 11:04:45 UTC
70017163604,This client is a vendor.. wanted buisness from arihant… advice him to contact arihant landline,This client is a vendor.. wanted buisness from arihant… advice him to contact arihant landline,Completed,2026-03-04 11:08:00 UTC,70000110352,70000110352,70000110352,2026-03-03 11:08:44 UTC,2026-03-03 11:08:44 UTC,,,2026-03-03 11:08:33 UTC
70017163621,The dialed number doues not exist tried calling so many times,The dialed number doues not exist tried calling so many times,Completed,2026-03-04 11:12:00 UTC,70000110352,70000110352,70000110352,2026-03-03 11:12:27 UTC,2026-03-03 11:12:27 UTC,,,2026-03-03 11:12:18 UTC
70017163631,Client says not intrested in buying any apartment due to personal reasons,Client says not intrested in buying any apartment due to personal reasons,Completed,2026-03-04 11:15:00 UTC,70000110352,70000110352,70000110352,2026-03-03 11:15:47 UTC,2026-03-03 11:15:47 UTC,,,2026-03-03 11:15:37 UTC
70017166567,follow up,,Overdue,2026-03-04 08:00:00 UTC,70000138192,70000089514,70000089514,2026-03-04 06:50:39 UTC,2026-03-04 06:50:39 UTC,,Follow up,
70017166581,follow up,direct Site visit - on 1.2.26,Overdue,2026-03-04 08:30:00 UTC,70000138192,70000089514,70000089514,2026-03-04 06:56:35 UTC,2026-03-04 06:56:35 UTC,,Follow up,
70017166587,Follow up,"",Completed,2026-03-05 05:30:00 UTC,70000110351,70000089514,70000110351,2026-03-04 06:59:40 UTC,2026-03-12 10:51:38 UTC,,Follow up,2026-03-12 10:51:38 UTC
70017166606,follow up,,Overdue,2026-03-04 07:30:00 UTC,70000110351,70000089514,70000089514,2026-03-04 07:06:29 UTC,2026-03-04 07:06:29 UTC,,Follow up,
70017166655,Follow up,"",Overdue,2026-03-04 07:45:00 UTC,70000110351,70000089514,70000089514,2026-03-04 07:17:08 UTC,2026-03-04 07:17:08 UTC,,Follow up,
70017166660,Follow up,,Overdue,2026-03-05 07:45:00 UTC,70000138192,70000089514,70000089514,2026-03-04 07:19:43 UTC,2026-03-04 07:19:56 UTC,,Follow up,
70017166665,call back,,Completed,2026-03-04 09:30:00 UTC,70000110350,70000110350,70000110350,2026-03-04 07:22:59 UTC,2026-03-17 10:41:06 UTC,,,2026-03-17 10:41:06 UTC
70017166713,Follow up,"",Overdue,2026-03-04 09:00:00 UTC,70000110352,70000089514,70000089514,2026-03-04 07:40:03 UTC,2026-03-04 07:40:03 UTC,,Follow up,
70017166718,follow up,,Overdue,2026-03-04 08:00:00 UTC,70000110351,70000089514,70000089514,2026-03-04 07:42:50 UTC,2026-03-04 07:42:50 UTC,,Follow up,
70017166910,Discussed with client now. Client said he has again visited site with his family. His family feels its very far away and distance is too long from work place so they are looking some other property near work place at omr,Discussed with client now. Client said he has again visited site with his family. His family feels its very far away and distance is too long from work place so they are looking some other property near work place at omr,Completed,2026-03-05 08:45:00 UTC,70000110352,70000110352,70000110352,2026-03-04 08:45:14 UTC,2026-03-04 08:45:14 UTC,,,2026-03-04 08:45:03 UTC
70017166948,Client says will call beck via sms and not able to lift my call,Client says will call beck via sms and not able to lift my call,Completed,2026-03-05 09:01:00 UTC,70000110352,70000110352,70000110352,2026-03-04 09:01:36 UTC,2026-03-04 09:01:36 UTC,,,2026-03-04 09:01:27 UTC
70017166966,Mr george has completed the site visit he says he is looking for his friends.. who is in abroad. He says he will forward all details if intrested will revert back,Mr george has completed the site visit he says he is looking for his friends.. who is in abroad. He says he will forward all details if intrested will revert back,Completed,2026-03-05 09:11:00 UTC,70000110352,70000110352,70000110352,2026-03-04 09:11:25 UTC,2026-03-04 09:11:25 UTC,,,2026-03-04 09:11:15 UTC
70017166987,Client is intrested in buying a plot only thing is the budget. His budget is up to 2000 rs per sqft all inclusive. Unfortunately our price is from 4500 rs per sqft,Client is intrested in buying a plot only thing is the budget. His budget is up to 2000 rs per sqft all inclusive. Unfortunately our price is from 4500 rs per sqft,Completed,2026-03-05 09:17:00 UTC,70000110352,70000110352,70000110352,2026-03-04 09:18:08 UTC,2026-03-04 09:18:08 UTC,,,2026-03-04 09:17:53 UTC
70017167431,follow up for site visit,,Overdue,2026-03-07 05:00:00 UTC,70000110350,70000110350,70000110350,2026-03-04 11:53:27 UTC,2026-03-04 11:53:27 UTC,,,
70017183962,follow up,,Completed,2026-03-13 08:33:00 UTC,70000110350,70000110350,70000110350,2026-03-08 08:33:56 UTC,2026-03-17 05:24:15 UTC,,,2026-03-17 05:24:13 UTC
70017187943,Client name is geeta… she has visited site yestetday. since our staff has gone for sports event. Client said by next saturday will visit site. All details sent through whats app.,Client name is geeta… she has visited site yestetday. since our staff has gone for sports event. Client said by next saturday will visit site. All details sent through whats app.,Completed,2026-03-10 09:20:00 UTC,70000110352,70000110352,70000110352,2026-03-09 09:21:08 UTC,2026-03-09 09:21:08 UTC,,,2026-03-09 09:20:58 UTC
70017187974,This client is a channel partner he has visited site yesterday.. he says if any client is there will let us know,This client is a channel partner he has visited site yesterday.. he says if any client is there will let us know,Completed,2026-03-10 09:27:00 UTC,70000110352,70000110352,70000110352,2026-03-09 09:27:19 UTC,2026-03-09 09:27:19 UTC,,,2026-03-09 09:27:08 UTC
70017188061,follow up for site visit,,Completed,2026-03-13 09:46:00 UTC,70000110350,70000110350,70000110350,2026-03-09 09:46:49 UTC,2026-04-04 06:50:15 UTC,,,2026-04-04 06:50:15 UTC
70017188079,This client is a property consultant..wanted him buisness from arihant. Advice him to come to office,This client is a property consultant..wanted him buisness from arihant. Advice him to come to office,Completed,2026-03-10 09:49:00 UTC,70000110352,70000110352,70000110352,2026-03-09 09:49:49 UTC,2026-03-09 09:49:49 UTC,,,2026-03-09 09:49:36 UTC
70017188136,Client name is senthil… he has visited our arihant stall in fairpro. all details has been given hard copy. again client called. he need two bhk flat with budget of 90 lakhs only,Client name is senthil… he has visited our arihant stall in fairpro. all details has been given hard copy. again client called. he need two bhk flat with budget of 90 lakhs only,Completed,2026-03-10 10:03:00 UTC,70000110352,70000110352,70000110352,2026-03-09 10:03:28 UTC,2026-03-09 10:03:28 UTC,,,2026-03-09 10:03:17 UTC
70017188153,This client is a vendor wanted buisnedd from arihant..advice him to contact landline,This client is a vendor wanted buisnedd from arihant..advice him to contact landline,Completed,2026-03-10 10:07:00 UTC,70000110352,70000110352,70000110352,2026-03-09 10:08:11 UTC,2026-03-09 10:08:11 UTC,,,2026-03-09 10:08:00 UTC
70017188193,Client says they are not intrested in flat purchase not any plots.. says thank you,Client says they are not intrested in flat purchase not any plots.. says thank you,Completed,2026-03-10 10:17:00 UTC,70000110352,70000110352,70000110352,2026-03-09 10:17:53 UTC,2026-03-09 10:17:53 UTC,,,2026-03-09 10:17:42 UTC
70017188229,client need apartment in mgr salai.. she need ready made apartment  and also informed her once plan is ready will infor her ,client need apartment in mgr salai.. she need ready made apartment  and also informed her once plan is ready will infor her ,Completed,2026-03-10 10:25:00 UTC,70000110352,70000110352,70000110352,2026-03-09 10:25:26 UTC,2026-03-09 10:25:26 UTC,,,2026-03-09 10:25:16 UTC
70017188287,follow up ,,Overdue,2026-03-11 06:15:00 UTC,70000110350,70000110350,70000110350,2026-03-09 10:31:11 UTC,2026-03-09 10:31:11 UTC,,,
70017188293,Client enquiered about reserve16 plots …all details sent through whats app..client said will check and revert back if needed,Client enquiered about reserve16 plots …all details sent through whats app..client said will check and revert back if needed,Completed,2026-03-10 10:32:00 UTC,70000110352,70000110352,70000110352,2026-03-09 10:32:22 UTC,2026-03-09 10:32:22 UTC,,,2026-03-09 10:32:12 UTC
70017188328,"This client is looking for rental brokers…    Piyush . Mon 09 Mar, 2026 10:38 AM","This client is looking for rental brokers… 

 

",Completed,2026-03-10 10:38:00 UTC,70000110352,70000110352,70000110352,2026-03-09 10:39:01 UTC,2026-03-09 10:39:01 UTC,,,2026-03-09 10:38:44 UTC
70017188353,follow up for site visit ,,Overdue,2026-03-13 05:30:00 UTC,70000110350,70000110350,70000110350,2026-03-09 10:46:14 UTC,2026-03-09 10:46:14 UTC,,,
70017193165,follow up for site visit,,Completed,2026-03-13 09:32:00 UTC,70000110350,70000110350,70000110350,2026-03-10 09:32:14 UTC,2026-03-27 09:56:04 UTC,,,2026-03-27 09:56:04 UTC
70017193654,Follow up ,,Overdue,2026-03-14 11:20:00 UTC,70000110350,70000110350,70000110350,2026-03-10 11:21:23 UTC,2026-03-10 11:21:23 UTC,,,
70017197178,call reminder,"",Completed,2026-03-11 06:00:00 UTC,70000110351,70000089514,70000110351,2026-03-11 05:53:57 UTC,2026-03-12 01:35:58 UTC,,Call reminder,2026-03-12 01:35:58 UTC
70017197495,Reminder,,Completed,2026-03-11 07:15:00 UTC,70000110351,70000089514,70000110351,2026-03-11 06:47:24 UTC,2026-03-12 10:51:21 UTC,No response,Follow up,2026-03-12 10:51:21 UTC
70017202879,Pls dialed the extension number,Pls dialed the extension number,Overdue,2026-03-13 07:34:00 UTC,70000110352,70000110352,70000110352,2026-03-12 07:35:35 UTC,2026-03-12 07:35:35 UTC,,,
70017202894,This client is a vendor…. wanted buisness fromarihant..advice him to contact arihant land line,This client is a vendor…. wanted buisness fromarihant..advice him to contact arihant land line,Completed,2026-03-13 07:38:00 UTC,70000110352,70000110352,70000110352,2026-03-12 07:38:26 UTC,2026-03-12 07:38:26 UTC,,,2026-03-12 07:38:18 UTC
70017207186,Follow up,,Overdue,2026-03-13 06:00:00 UTC,70000137780,70000089514,70000089514,2026-03-13 05:43:49 UTC,2026-03-13 05:43:49 UTC,,Call reminder,
70017207507,follow up for site visit,,Completed,2026-03-14 06:42:00 UTC,70000110350,70000110350,70000110350,2026-03-13 06:42:11 UTC,2026-03-14 09:39:18 UTC,,,2026-03-14 09:39:16 UTC
70017207615,follow up for site visit,He replied that he is busy he will call back.,Completed,2026-03-15 06:57:00 UTC,70000110350,70000110350,70000110350,2026-03-13 06:57:47 UTC,2026-03-15 06:43:00 UTC,,,2026-03-15 06:42:42 UTC
70017207725,follow up,,Overdue,2026-03-16 07:17:00 UTC,70000110350,70000110350,70000110350,2026-03-13 07:17:14 UTC,2026-03-13 07:17:14 UTC,,,
70017208839,Follow up,"",Overdue,2026-03-16 11:15:00 UTC,70000138343,70000089514,70000089514,2026-03-13 11:46:42 UTC,2026-03-13 11:46:42 UTC,,Call reminder,
70017208847,Follow up,,Overdue,2026-03-13 12:00:00 UTC,70000110351,70000089514,70000089514,2026-03-13 11:49:21 UTC,2026-03-13 11:50:52 UTC,,Call reminder,
70017208852,Follow up call,,Overdue,2026-03-13 12:00:00 UTC,70000110351,70000089514,70000089514,2026-03-13 11:50:29 UTC,2026-03-13 11:50:29 UTC,,Call reminder,
70017208856,Follow up reminder,,Overdue,2026-03-17 05:15:00 UTC,70000110350,70000089514,70000089514,2026-03-13 11:51:42 UTC,2026-03-13 11:51:42 UTC,,Call reminder,
70017208869,reminder,,Overdue,2026-03-16 11:00:00 UTC,70000138343,70000089514,70000089514,2026-03-13 11:56:25 UTC,2026-03-13 11:56:25 UTC,,Call reminder,
70017211970,follow up,,Overdue,2026-03-16 06:45:00 UTC,70000110350,70000110350,70000110350,2026-03-14 06:45:37 UTC,2026-03-14 06:45:37 UTC,,,
70017215150,follow up for site visit,,Overdue,2026-03-17 05:34:00 UTC,70000110350,70000110350,70000110350,2026-03-15 05:34:15 UTC,2026-03-15 05:34:15 UTC,,,
70017215287,follow up for site visit,,Completed,2026-03-21 05:00:00 UTC,70000110350,70000110350,70000110350,2026-03-15 06:50:31 UTC,2026-04-20 10:18:08 UTC,,,2026-04-20 10:18:08 UTC
70017218965,To follow up for site visit,,Completed,2026-03-20 07:17:00 UTC,70000110350,70000110350,70000110350,2026-03-16 07:17:34 UTC,2026-03-20 08:55:45 UTC,,,2026-03-20 08:55:43 UTC
70017223137,This call was on hold and no response  it was an automated call,This call was on hold and no response  it was an automated call,Completed,2026-03-18 04:48:00 UTC,70000110352,70000110352,70000110352,2026-03-17 04:49:01 UTC,2026-03-17 04:49:01 UTC,,,2026-03-17 04:48:52 UTC
70017223148,This clis is a ngo vendor.. Adviced her to contact land line,This clis is a ngo vendor.. Adviced her to contact land line,Completed,2026-03-18 04:50:00 UTC,70000110352,70000110352,70000110352,2026-03-17 04:50:42 UTC,2026-03-17 04:50:42 UTC,,,2026-03-17 04:50:32 UTC
70017223163,Client need apartment in arihant esta….unfortunately completely sold out..client doeasnt want any where else wanted only in mogair esta project,Client need apartment in arihant esta….unfortunately completely sold out..client doeasnt want any where else wanted only in mogair esta project,Completed,2026-03-18 04:53:00 UTC,70000110352,70000110352,70000110352,2026-03-17 04:53:29 UTC,2026-03-17 04:53:29 UTC,,,2026-03-17 04:53:20 UTC
70017223783,Client says no and then cuts the call..it seems client is not willing to talk,Client says no and then cuts the call..it seems client is not willing to talk,Completed,2026-03-18 06:59:00 UTC,70000110352,70000110352,70000110352,2026-03-17 06:59:24 UTC,2026-03-17 06:59:24 UTC,,,2026-03-17 06:59:13 UTC
70017223857,Client name is surrender and looking for commercial project wated one floor of 20000 sqft in hilton hotel.. Adviced mr jerry to look into it. Jerry discussed with client.. but management wanted to sell the while building. Not individual,Client name is surrender and looking for commercial project wated one floor of 20000 sqft in hilton hotel.. Adviced mr jerry to look into it. Jerry discussed with client.. but management wanted to sell the while building. Not individual,Completed,2026-03-18 07:09:00 UTC,70000110352,70000110352,70000110352,2026-03-17 07:09:37 UTC,2026-03-17 07:09:37 UTC,,,2026-03-17 07:09:26 UTC
70017233139,Client says he is not looking for any apartment nor any plots….and he then cuts the call,Client says he is not looking for any apartment nor any plots….and he then cuts the call,Completed,2026-03-20 05:58:00 UTC,70000110352,70000110352,70000110352,2026-03-19 05:58:41 UTC,2026-03-19 05:58:41 UTC,,,2026-03-19 05:58:31 UTC
70017233218,Client shown intrest in krishna project. He is looking for his daugther who is in usa. After discussion over phone all details sent through whats app. Client promised to have site visit last sunday .,Client shown intrest in krishna project. He is looking for his daugther who is in usa. After discussion over phone all details sent through whats app. Client promised to have site visit last sunday .,Completed,2026-03-20 06:14:00 UTC,70000110352,70000110352,70000110352,2026-03-19 06:14:56 UTC,2026-03-19 06:14:56 UTC,,,2026-03-19 06:14:45 UTC
70017233234,Again today called to client for site visit which he promised for last sunday.. Client said his uncle is not well so he has come douwn to mumbai.. he said to call him on monday for site visit,Again today called to client for site visit which he promised for last sunday.. Client said his uncle is not well so he has come douwn to mumbai.. he said to call him on monday for site visit,Completed,2026-03-20 06:18:00 UTC,70000110352,70000110352,70000110352,2026-03-19 06:18:15 UTC,2026-03-19 06:18:15 UTC,,,2026-03-19 06:18:04 UTC
70017233250,This client is a channel partner…wanted buisness from arihant.. Advice him to contact naren for formalities,This client is a channel partner…wanted buisness from arihant.. Advice him to contact naren for formalities,Completed,2026-03-20 06:21:00 UTC,70000110352,70000110352,70000110352,2026-03-19 06:22:06 UTC,2026-03-19 06:22:06 UTC,,,2026-03-19 06:21:57 UTC
70017233256,This client is a channel partner…wanted buisness from arihant.. Advice him to contact naren for formalities,This client is a channel partner…wanted buisness from arihant.. Advice him to contact naren for formalities,Completed,2026-03-20 06:22:00 UTC,70000110352,70000110352,70000110352,2026-03-19 06:23:13 UTC,2026-03-19 06:23:13 UTC,,,2026-03-19 06:23:10 UTC
70017233598,This client is a vendor wanted buisness from arihant..advice her to connect landline,This client is a vendor wanted buisness from arihant..advice her to connect landline,Completed,2026-03-20 06:51:00 UTC,70000110352,70000110352,70000110352,2026-03-19 06:51:12 UTC,2026-03-19 06:51:12 UTC,,,2026-03-19 06:51:03 UTC
70017233617,Client need flat in vaniya vilas project.. Budget is up to 2.5 cr.. unfortunately this project is sold out,Client need flat in vaniya vilas project.. Budget is up to 2.5 cr.. unfortunately this project is sold out,Completed,2026-03-20 06:54:00 UTC,70000110352,70000110352,70000110352,2026-03-19 06:54:39 UTC,2026-03-19 06:54:39 UTC,,,2026-03-19 06:54:29 UTC
70017248485,Client enquired about reserve 16 .. all details sent through whats app..; and by evening 4 pm arranged for site visit. And customer visited site. Client said will discuss with in his family and then decide,Client enquired about reserve 16 .. all details sent through whats app..; and by evening 4 pm arranged for site visit. And customer visited site. Client said will discuss with in his family and then decide,Completed,2026-03-24 05:20:00 UTC,70000110352,70000110352,70000110352,2026-03-23 05:20:30 UTC,2026-03-23 05:20:30 UTC,,,2026-03-23 05:20:21 UTC
70017248494,Client need apartment in vihaana project only.. unfortunately all flats sold out,Client need apartment in vihaana project only.. unfortunately all flats sold out,Completed,2026-03-24 05:23:00 UTC,70000110352,70000110352,70000110352,2026-03-23 05:23:50 UTC,2026-03-23 05:23:50 UTC,,,2026-03-23 05:23:41 UTC
70017254270,follow up for site visit ,,Overdue,2026-03-31 08:45:00 UTC,70000089514,70000089514,70000089514,2026-03-24 10:37:29 UTC,2026-03-24 10:37:29 UTC,,,
70017254310,follow up for office visit,,Overdue,2026-03-30 06:00:00 UTC,70000089514,70000089514,70000089514,2026-03-24 10:46:57 UTC,2026-03-24 10:46:57 UTC,,,
70017254419,follow up for site visit,,Overdue,2026-03-27 06:15:00 UTC,70000089514,70000089514,70000089514,2026-03-24 11:06:32 UTC,2026-03-24 11:06:32 UTC,,,
70017254428,follow up,,Overdue,2026-03-30 06:00:00 UTC,70000089514,70000089514,70000089514,2026-03-24 11:07:56 UTC,2026-03-24 11:07:56 UTC,,,
70017264133,Client name is brinda…. shown intrest in our project reserve 16… explianed all details over phone.. Client need one ground property adviced her to have site visit. Client said she will have site visit with her husband this coming saturday and then decide ,Client name is brinda…. shown intrest in our project reserve 16… explianed all details over phone.. Client need one ground property adviced her to have site visit. Client said she will have site visit with her husband this coming saturday and then decide looking for one ground plot,Completed,2026-03-27 05:16:00 UTC,70000110352,70000110352,70000110352,2026-03-26 05:16:39 UTC,2026-03-26 05:16:39 UTC,,,2026-03-26 05:16:30 UTC
70017264994,This client is a vendor….wanted buisness from arihant.. Adviced him to contact landline,This client is a vendor….wanted buisness from arihant.. Adviced him to contact landlineThis client is a vendor….wanted buisness from arihant.. Adviced him to contact landline,Completed,2026-03-27 07:24:00 UTC,70000110352,70000110352,70000110352,2026-03-26 07:25:07 UTC,2026-03-26 07:25:07 UTC,,,2026-03-26 07:24:52 UTC
70017265383,Client shown intrest in patipulam plots and milange too.. All details sent through whats app. Client said will check and revert back if needed,Client shown intrest in patipulam plots and milange too.. All details sent through whats app. Client said will check and revert back if needed,Completed,2026-03-27 09:24:00 UTC,70000110352,70000110352,70000110352,2026-03-26 09:24:35 UTC,2026-03-26 09:24:35 UTC,,,2026-03-26 09:24:22 UTC
70017265415,The dialed number does not exist..tried calling so many times,The dialed number does not exist..tried calling so many times,Completed,2026-03-27 09:37:00 UTC,70000110352,70000110352,70000110352,2026-03-26 09:37:22 UTC,2026-03-26 09:37:22 UTC,,,2026-03-26 09:37:13 UTC
70017265424,This client is a vendor.. wanted buisness from arihant,This client is a vendor.. wanted buisness from arihant,Completed,2026-03-27 09:39:00 UTC,70000110352,70000110352,70000110352,2026-03-26 09:39:30 UTC,2026-03-26 09:39:30 UTC,,,2026-03-26 09:39:21 UTC
70017265462,The person you are calling is not answering.. tried calling so many times,The person you are calling is not answering.. tried calling so many times,Completed,2026-03-27 09:46:00 UTC,70000110352,70000110352,70000110352,2026-03-26 09:46:54 UTC,2026-03-26 09:46:54 UTC,,,2026-03-26 09:46:45 UTC
70017269697,follow up for visit ,,Overdue,2026-03-29 06:45:00 UTC,70000089514,70000089514,70000089514,2026-03-27 07:10:27 UTC,2026-03-27 07:10:27 UTC,Interested,,
70017269885,follow up for visit,,Overdue,2026-03-28 05:45:00 UTC,70000089514,70000089514,70000089514,2026-03-27 07:49:59 UTC,2026-03-27 07:49:59 UTC,,,
70017270229,follow up,,Overdue,2026-04-15 09:10:00 UTC,70000110350,70000110350,70000110350,2026-03-27 09:10:47 UTC,2026-03-27 09:10:47 UTC,,,
70017274786,Client shown intrest in arihant mira project annanagar. But client budget is up to 3.5 cr only.. Unfortunately at that budget its not availbe our project starts from 9 cr onwards,Client shown intrest in arihant mira project annanagar. But client budget is up to 3.5 cr only.. Unfortunately at that budget its not availbe our project starts from 9 cr onwards,Completed,2026-03-29 09:57:00 UTC,70000110352,70000110352,70000110352,2026-03-28 09:57:23 UTC,2026-03-28 09:57:23 UTC,,,2026-03-28 09:57:12 UTC
70017280318,Client name mr prasnth…shown intrest in milange project.. All details sent through whats app.. .client visited site in evening and seen the model flat as well as actual flat too. jigar has shown him the flat and given him the required flat available. jiga,Client name mr prasnth…shown intrest in milange project.. All details sent through whats app.. .client visited site in evening and seen the model flat as well as actual flat too. jigar has shown him the flat and given him the required flat available. jigar said with in two days they will finalize and then revert to me,Completed,2026-03-31 05:23:00 UTC,70000110352,70000110352,70000110352,2026-03-30 05:24:00 UTC,2026-03-30 05:24:00 UTC,,,2026-03-30 05:23:34 UTC
70017280380,Client need 4000 sqft flat customised in krshna project . explained about or krsna 3 bhk flat . Client said will decide and let me know. ,Client need 4000 sqft flat customised in krshna project . explained about or krsna 3 bhk flat . Client said will decide and let me know. ,Completed,2026-03-31 05:34:00 UTC,70000110352,70000110352,70000110352,2026-03-30 05:34:58 UTC,2026-03-30 05:34:58 UTC,,,2026-03-30 05:34:49 UTC
70017280404,The person you are trying to reach is not available….Tried calling so many times,The person you are trying to reach is not available….Tried calling so many times,Completed,2026-03-31 05:39:00 UTC,70000110352,70000110352,70000110352,2026-03-30 05:39:35 UTC,2026-03-30 05:39:35 UTC,,,2026-03-30 05:39:26 UTC
70017280440,Client wrongly called our line.. explained aboutt our project arihant milange.. client said  its an general enquiry. Will check and revert back,Client wrongly called our line.. explained aboutt our project arihant milange.. client said  its an general enquiry. Will check and revert back,Completed,2026-03-31 05:47:00 UTC,70000110352,70000110352,70000110352,2026-03-30 05:47:24 UTC,2026-03-30 05:47:24 UTC,,,2026-03-30 05:47:15 UTC
70017282256,Client need property in chemiers road only . Already explain about krsna project at abhirampuram. Client says they are not happy about small passage. They need property in chamires road only,Client need property in chemiers road only . Already explain about krsna project at abhirampuram. Client says they are not happy about small passage. They need property in chamires road only,Completed,2026-03-31 10:28:00 UTC,70000110352,70000110352,70000110352,2026-03-30 10:29:02 UTC,2026-03-30 10:29:02 UTC,,,2026-03-30 10:28:52 UTC
70017285601,Call reminder,,Overdue,2026-04-01 05:00:00 UTC,70000138192,70000089514,70000089514,2026-03-31 04:59:51 UTC,2026-03-31 04:59:51 UTC,,Follow up,
70017285716,"This client is a vendor.. wanted buisness from arihant.. advice her to contact landline   Piyush . Tue 31 Mar, 2026 05:21 AM","This client is a vendor.. wanted buisness from arihant.. advice her to contact landline

 


",Completed,2026-04-01 05:22:00 UTC,70000110352,70000110352,70000110352,2026-03-31 05:22:30 UTC,2026-03-31 05:22:30 UTC,,,2026-03-31 05:22:06 UTC
70017286094,call reminder,he disconnected twice - touch base during lunch time,Overdue,2026-04-01 07:45:00 UTC,70000110351,70000089514,70000089514,2026-03-31 06:27:38 UTC,2026-03-31 06:27:38 UTC,,Follow up,
70017296473,Call back ,,Overdue,2026-04-14 05:23:00 UTC,70000138468,70000138468,70000138468,2026-04-02 05:24:04 UTC,2026-04-02 05:24:04 UTC,,,
70017301854,Client budget is up to 3.5 cr wanted 4 bhk flat in flowers road area. client enquired about our project mahek… price starts from 12 crore onwards,Client budget is up to 3.5 cr wanted 4 bhk flat in flowers road area. client enquired about our project mahek… price starts from 12 crore onwards,Completed,2026-04-04 05:35:00 UTC,70000110352,70000110352,70000110352,2026-04-03 05:35:21 UTC,2026-04-03 05:35:21 UTC,,,2026-04-03 05:35:09 UTC
70017301871,Client name krishna moorti… shown intrested in reserve 16 plots.. All details sent through whats app. Client visited site yesterday. mr santhosh has shown the flat . Client need east facing plots..forwed him the available list. Client need only east facin,Client name krishna moorti… shown intrested in reserve 16 plots.. All details sent through whats app. Client visited site yesterday. mr santhosh has shown the flat . Client need east facing plots..forwed him the available list. Client need only east facing plot only that too only 1200 sqft area only,Completed,2026-04-04 05:40:00 UTC,70000110352,70000110352,70000110352,2026-04-03 05:40:15 UTC,2026-04-03 07:09:45 UTC,,,2026-04-03 07:09:40 UTC
70017301875,Client name krishna moorti… shown intrested in reserve 16 plots.. All details sent through whats app. Client visited site yesterday. mr santhosh has shown the flat . Client need east facing plots..forwed him the available list. Client need only east facin,Client name krishna moorti… shown intrested in reserve 16 plots.. All details sent through whats app. Client visited site yesterday. mr santhosh has shown the flat . Client need east facing plots..forwed him the available list. Client need only east facing plot only that too only 1200 sqft area only,Completed,2026-04-04 05:40:00 UTC,70000110352,70000110352,70000110352,2026-04-03 05:40:48 UTC,2026-04-03 05:40:48 UTC,,,2026-04-03 05:40:38 UTC
70017303178,follow up,,Overdue,2026-04-04 05:30:00 UTC,70000110350,70000089514,70000089514,2026-04-03 09:36:28 UTC,2026-04-03 09:36:28 UTC,,Follow up,
70017303226,follow up,,Completed,2026-04-04 05:45:00 UTC,70000110350,70000089514,70000110350,2026-04-03 09:43:57 UTC,2026-04-12 11:11:37 UTC,,Follow up,2026-04-12 11:11:37 UTC
70017303318,Follow up,,Completed,2026-04-04 06:00:00 UTC,70000110350,70000089514,70000110350,2026-04-03 10:01:55 UTC,2026-04-12 11:14:32 UTC,,Follow up,2026-04-12 11:14:32 UTC
70017303442,Follow up ,,Overdue,2026-04-04 06:15:00 UTC,70000110350,70000089514,70000089514,2026-04-03 10:19:46 UTC,2026-04-03 10:19:46 UTC,,Follow up,
70017303687,follow up,,Completed,2026-04-04 04:30:00 UTC,70000110350,70000089514,70000110350,2026-04-03 10:50:28 UTC,2026-04-13 05:20:50 UTC,,Follow up,2026-04-13 05:20:50 UTC
70017303693,follow up,,Overdue,2026-04-04 06:30:00 UTC,70000110350,70000089514,70000089514,2026-04-03 10:51:42 UTC,2026-04-03 10:51:42 UTC,,Follow up,
70017303733,follow up,,Completed,2026-04-04 09:30:00 UTC,70000110350,70000089514,70000110350,2026-04-03 10:56:14 UTC,2026-04-04 11:36:01 UTC,,Call reminder,2026-04-04 11:36:01 UTC
70017303841,follow up,,Overdue,2026-04-04 05:15:00 UTC,70000138468,70000089514,70000089514,2026-04-03 11:17:39 UTC,2026-04-03 11:17:39 UTC,,Follow up,
70017304052,Follow up,Call client on 14th april,Overdue,2026-04-13 11:30:00 UTC,70000138468,70000089514,70000089514,2026-04-03 11:53:07 UTC,2026-04-03 11:53:07 UTC,,Follow up,
70017304083,Call reminder,,Overdue,2026-04-06 05:30:00 UTC,70000110351,70000089514,70000089514,2026-04-03 12:00:32 UTC,2026-04-03 12:00:32 UTC,,Follow up,
70017304092,Follow up ,,Overdue,2026-04-04 05:00:00 UTC,70000110351,70000089514,70000089514,2026-04-03 12:02:32 UTC,2026-04-03 12:02:32 UTC,,Follow up,
70017306856,Client called me in midnight to enquire about flowers road project. Advice him to call him in day time. Now spoke to client .. client says he is not in town will call back once he return from out of station,Client called me in midnight to enquire about flowers road project. Advice him to call him in day time. Now spoke to client .. client says he is not in town will call back once he return from out of station,Completed,2026-04-05 05:06:00 UTC,70000110352,70000110352,70000110352,2026-04-04 05:06:30 UTC,2026-04-04 05:06:30 UTC,,,2026-04-04 05:06:20 UTC
70017307456,Just now client now to me over phone.. after discussion with client.. client said his son is in abroad. He will come down to chennai in month of may only. then only he will decide,Just now client now to me over phone.. after discussion with client.. client said his son is in abroad. He will come down to chennai in month of may only. then only he will decide,Completed,2026-04-05 07:03:00 UTC,70000110352,70000110352,70000110352,2026-04-04 07:04:07 UTC,2026-04-04 07:04:07 UTC,,,2026-04-04 07:03:56 UTC
70017307562,Call back ,Out of station,Overdue,2026-05-01 07:20:00 UTC,70000110351,70000110351,70000110351,2026-04-04 07:20:54 UTC,2026-04-04 07:20:54 UTC,,Call reminder,
70017314973,call reminder,,Overdue,2026-04-06 10:00:00 UTC,70000110351,70000089514,70000089514,2026-04-06 09:41:36 UTC,2026-04-06 09:41:36 UTC,,Follow up,
70017314978,call reminder,"",Overdue,2026-04-06 10:15:00 UTC,70000110351,70000089514,70000089514,2026-04-06 09:42:09 UTC,2026-04-06 09:42:09 UTC,,Follow up,
70017315046,Follow up,,Overdue,2026-04-06 10:30:00 UTC,70000110350,70000089514,70000089514,2026-04-06 09:56:31 UTC,2026-04-06 09:56:31 UTC,,Call reminder,
70017315211,Follow up,,Completed,2026-04-06 10:45:00 UTC,70000110351,70000089514,70000110351,2026-04-06 10:22:36 UTC,2026-04-15 16:01:33 UTC,No response,Follow up,2026-04-15 16:01:33 UTC
70017319949,Existing client from old project frangipani…wanted to discuss from crm team..regarding document .advice her to contact sandhya regarding this,Existing client from old project frangipani…wanted to discuss from crm team..regarding document .advice her to contact sandhya regarding this,Completed,2026-04-08 10:02:00 UTC,70000110352,70000110352,70000110352,2026-04-07 10:02:13 UTC,2026-04-07 10:02:13 UTC,,,2026-04-07 10:02:02 UTC
70017320033,call reminder,,Overdue,2026-04-08 05:30:00 UTC,70000138343,70000089514,70000089514,2026-04-07 10:21:13 UTC,2026-04-07 10:21:13 UTC,,Follow up,
70017320039,Whatsapp reminder,Kindly drop a follow up text ,Overdue,2026-04-08 05:00:00 UTC,70000138343,70000089514,70000089514,2026-04-07 10:22:28 UTC,2026-04-07 10:22:28 UTC,,Follow up,
70017320049,Follow up on WA,"",Overdue,2026-04-08 06:00:00 UTC,70000138343,70000089514,70000089514,2026-04-07 10:23:49 UTC,2026-04-07 10:23:49 UTC,,Follow up,
70017320128,Follow up on WA ,,Overdue,2026-04-08 08:15:00 UTC,70000138343,70000089514,70000089514,2026-04-07 10:34:57 UTC,2026-04-07 10:34:57 UTC,,Follow up,
70017320135,Follow up,,Overdue,2026-04-08 05:30:00 UTC,70000138343,70000089514,70000089514,2026-04-07 10:36:32 UTC,2026-04-07 10:36:32 UTC,,Call reminder,
70017329198,follow up ,,Overdue,2026-04-10 11:45:00 UTC,70000089514,70000089514,70000089514,2026-04-09 06:42:15 UTC,2026-04-09 06:42:15 UTC,,,
70017330431,follow up,,Completed,2026-04-11 06:00:00 UTC,70000089514,70000089514,70000089514,2026-04-09 09:53:49 UTC,2026-04-13 11:08:43 UTC,Interested,,2026-04-13 11:08:43 UTC
70017333953,Client looking for investment budget is only for two crores.. advice him to look into tiara project or plots at ecr.. Client said will check and revert back. Client felt its next to graveyard… will check and revert back,Client looking for investment budget is only for two crores.. advice him to look into tiara project or plots at ecr.. Client said will check and revert back. Client felt its next to graveyard… will check and revert back,Completed,2026-04-11 05:39:00 UTC,70000110352,70000110352,70000110352,2026-04-10 05:39:59 UTC,2026-04-10 05:39:59 UTC,,,2026-04-10 05:39:50 UTC
70017334001,Client earlier shown interest in reserve 16 plots..alll details sent through whats app… advice me to call today. Again spoke to client.. Client said due to personal reasons.. Kept it on hold. later if anything is intrested will let us know,Client earlier shown interest in reserve 16 plots..alll details sent through whats app… advice me to call today. Again spoke to client.. Client said due to personal reasons.. Kept it on hold. later if anything is intrested will let us know,Completed,2026-04-11 05:50:00 UTC,70000110352,70000110352,70000110352,2026-04-10 05:50:39 UTC,2026-04-10 05:50:39 UTC,,,2026-04-10 05:50:31 UTC
70017334403,Client need flat on rent in vaniya vilas ..advice her to check in site as per her budget unfortunately its a three bhk apartment no two bhks,Client need flat on rent in vaniya vilas ..advice her to check in site as per her budget unfortunately its a three bhk apartment no two bhks,Completed,2026-04-11 06:49:00 UTC,70000110352,70000110352,70000110352,2026-04-10 06:49:25 UTC,2026-04-10 06:49:25 UTC,,,2026-04-10 06:49:15 UTC
70017334431,Client enquirying about nithya amritham hotel … advice her to contact in person. This is a building company,Client enquirying about nithya amritham hotel … advice her to contact in person. This is a building company,Completed,2026-04-11 06:52:00 UTC,70000110352,70000110352,70000110352,2026-04-10 06:52:48 UTC,2026-04-10 06:52:48 UTC,,,2026-04-10 06:52:38 UTC
70017334453,Phone rings and says pls dialed the extension number….,Phone rings and says pls dialed the extension number….,Completed,2026-04-11 06:56:00 UTC,70000110352,70000110352,70000110352,2026-04-10 06:56:48 UTC,2026-04-10 06:56:48 UTC,,,2026-04-10 06:56:39 UTC
70017334501,Client enquiered for milange project.. wanted three bhk flat with budget up to 1.5 cr.. Unfortunately our project starts from 1.80 crores onwards,Client enquiered for milange project.. wanted three bhk flat with budget up to 1.5 cr.. Unfortunately our project starts from 1.80 crores onwards,Completed,2026-04-11 07:06:00 UTC,70000110352,70000110352,70000110352,2026-04-10 07:06:54 UTC,2026-04-10 07:06:54 UTC,,,2026-04-10 07:06:45 UTC
70017334547,This client is a channel partner ..he is known to swaroop who is working in arihant…advice him to come down to office..,This client is a channel partner ..he is known to swaroop who is working in arihant…advice him to come down to office..,Completed,2026-04-11 07:17:00 UTC,70000110352,70000110352,70000110352,2026-04-10 07:17:56 UTC,2026-04-10 07:17:56 UTC,,,2026-04-10 07:17:47 UTC
70017334557,This client is a vendor….advice her to connect land line.. wanted buisness from arihant..,This client is a vendor….advice her to connect land line.. wanted buisness from arihant..,Completed,2026-04-11 07:19:00 UTC,70000110352,70000110352,70000110352,2026-04-10 07:19:59 UTC,2026-04-10 07:19:59 UTC,,,2026-04-10 07:19:50 UTC
70017338445,follow up ,,Overdue,2026-04-28 05:30:00 UTC,70000089514,70000089514,70000089514,2026-04-11 05:43:13 UTC,2026-04-11 05:43:13 UTC,,,
70017339282,follow up site visit,,Overdue,2026-04-14 05:00:00 UTC,70000137780,70000137780,70000137780,2026-04-11 10:55:03 UTC,2026-04-11 10:55:03 UTC,,,
70017339325,follow up for site visit,,Overdue,2026-04-17 11:26:00 UTC,70000137780,70000137780,70000137780,2026-04-11 11:26:24 UTC,2026-04-11 11:26:24 UTC,,,
70017339337,follow up,,Overdue,2026-05-02 11:28:00 UTC,70000137780,70000137780,70000137780,2026-04-11 11:28:58 UTC,2026-04-11 11:28:58 UTC,,,
70017344591,follow up ,,Overdue,2026-04-16 05:45:00 UTC,70000089514,70000089514,70000089514,2026-04-13 05:39:34 UTC,2026-04-13 05:39:34 UTC,,,
70017346022,follow up ,,Overdue,2026-04-16 06:00:00 UTC,70000089514,70000089514,70000089514,2026-04-13 11:08:32 UTC,2026-04-13 11:08:32 UTC,,,
70017346048,call reminder,,Overdue,2026-04-13 11:15:00 UTC,70000138468,70000089514,70000089514,2026-04-13 11:13:20 UTC,2026-04-13 11:13:20 UTC,,Follow up,
70017353492,follow up ,,Overdue,2026-04-18 06:00:00 UTC,70000089514,70000089514,70000089514,2026-04-15 06:14:37 UTC,2026-04-15 06:14:37 UTC,,,
70017354420,follow up ,,Overdue,2026-04-18 06:15:00 UTC,70000089514,70000089514,70000089514,2026-04-15 09:58:29 UTC,2026-04-15 09:58:29 UTC,,,
70017354538,Discussed with client over phone . Client shown intrest in arihant mira project. All details sent through whats app. Client said will discuss with in there family and revert back..,Discussed with client over phone . Client shown intrest in arihant mira project. All details sent through whats app. Client said will discuss with in there family and revert back..,Completed,2026-04-16 10:29:00 UTC,70000110352,70000110352,70000110352,2026-04-15 10:29:39 UTC,2026-04-15 10:29:39 UTC,,,2026-04-15 10:29:30 UTC
70017357794,follow up,,Overdue,2026-04-16 06:00:00 UTC,70000137780,70000089514,70000089514,2026-04-16 05:35:55 UTC,2026-04-16 05:35:55 UTC,,Call reminder,
70017358461,follow up ,,Overdue,2026-04-18 06:00:00 UTC,70000089514,70000089514,70000089514,2026-04-16 08:13:46 UTC,2026-04-16 08:14:01 UTC,,,
70017364458,follow up ,,Completed,2026-04-22 12:11:00 UTC,70000110350,70000110350,70000110350,2026-04-17 12:11:26 UTC,2026-04-22 12:08:07 UTC,,,2026-04-22 12:08:07 UTC
70017367069,Again discuss with client now .. Client says he will get back to me after a week…still not yet decided,Again discuss with client now .. Client says he will get back to me after a week…still not yet decided,Completed,2026-04-19 05:07:00 UTC,70000110352,70000110352,70000110352,2026-04-18 05:07:39 UTC,2026-04-18 05:07:39 UTC,,,2026-04-18 05:07:29 UTC
70017367236,follow up on monday ,,Overdue,2026-04-25 05:49:00 UTC,70000089514,70000089514,70000089514,2026-04-18 05:49:38 UTC,2026-04-20 06:50:41 UTC,,,
70017370645,call him at 7 pm ,,Overdue,2026-04-20 13:30:00 UTC,70000137780,70000137780,70000137780,2026-04-19 06:20:14 UTC,2026-04-19 06:20:14 UTC,,Call reminder,
70017370885,follow up,,Overdue,2026-04-28 11:00:00 UTC,70000110350,70000110350,70000110350,2026-04-19 11:02:12 UTC,2026-04-19 11:02:12 UTC,,,
70017373348,Call reminder ,,Overdue,2026-04-24 05:31:00 UTC,70000089514,70000089514,70000089514,2026-04-20 05:32:49 UTC,2026-04-20 05:32:49 UTC,,Follow up,
70017373360,Call reminder,,Overdue,2026-04-27 05:30:00 UTC,70000089514,70000089514,70000089514,2026-04-20 05:35:07 UTC,2026-04-20 05:35:07 UTC,,Follow up,
70017373392,follow up,,Completed,2026-04-25 06:00:00 UTC,70000089514,70000089514,70000089514,2026-04-20 05:40:34 UTC,2026-04-25 05:58:35 UTC,,,2026-04-25 05:58:34 UTC
70017373422,Follow up for office Visit ,,Completed,2026-04-22 05:45:00 UTC,70000089514,70000089514,70000089514,2026-04-20 05:46:32 UTC,2026-04-22 06:01:26 UTC,,,2026-04-22 06:01:26 UTC
70017373975,follow up ,,Overdue,2026-04-25 05:45:00 UTC,70000089514,70000089514,70000089514,2026-04-20 07:49:52 UTC,2026-04-20 07:49:52 UTC,,,
70017374945,Call Back on Wednesday Morning.,,Completed,2026-04-22 04:30:00 UTC,70000137780,70000137780,70000137780,2026-04-20 11:52:19 UTC,2026-04-22 05:20:34 UTC,,Call reminder,2026-04-22 05:20:20 UTC
70017377806,Call reminder,,Overdue,2026-04-24 08:30:00 UTC,70000089514,70000089514,70000089514,2026-04-21 05:12:48 UTC,2026-04-21 05:12:48 UTC,,Call reminder,
70017377909,follow up ,,Completed,2026-04-25 05:31:00 UTC,70000089514,70000089514,70000089514,2026-04-21 05:31:38 UTC,2026-04-30 05:47:36 UTC,,,2026-04-30 05:47:36 UTC
70017379483,Call reminder,,Overdue,2026-04-22 06:00:00 UTC,70000137780,70000089514,70000089514,2026-04-21 10:16:29 UTC,2026-04-21 10:16:29 UTC,,Follow up,
70017379537,Follow up,"",Completed,2026-04-22 05:30:00 UTC,70000110350,70000089514,70000110350,2026-04-21 10:26:16 UTC,2026-05-01 09:31:02 UTC,,Call reminder,2026-05-01 09:31:02 UTC
70017383072,follow up for office visit ,,Overdue,2026-04-29 06:00:00 UTC,70000089514,70000089514,70000089514,2026-04-22 06:01:21 UTC,2026-04-22 06:01:21 UTC,,,
70017383471,follow up ,,Overdue,2026-04-25 06:00:00 UTC,70000089514,70000089514,70000089514,2026-04-22 06:58:44 UTC,2026-04-22 06:58:44 UTC,,,
70017398417,Follow up for visit,,Overdue,2026-04-27 05:34:00 UTC,70000089514,70000089514,70000089514,2026-04-25 05:34:28 UTC,2026-04-25 05:34:28 UTC,,,
70017398442,follow up monday ,,Overdue,2026-04-26 05:39:00 UTC,70000089514,70000089514,70000089514,2026-04-25 05:39:47 UTC,2026-04-25 05:39:47 UTC,,,
70017398461,Follow up ,,Overdue,2026-04-30 05:43:00 UTC,70000089514,70000089514,70000089514,2026-04-25 05:43:26 UTC,2026-04-25 05:43:26 UTC,,,
70017398488,Follow up for visit,,Completed,2026-04-28 05:50:00 UTC,70000089514,70000089514,70000089514,2026-04-25 05:51:05 UTC,2026-04-30 05:47:40 UTC,,,2026-04-30 05:47:40 UTC
70017398521,Follow up,,Overdue,2026-04-27 05:57:00 UTC,70000089514,70000089514,70000089514,2026-04-25 05:58:16 UTC,2026-04-25 05:58:16 UTC,,,
70017398649,follow up for site visit,,Overdue,2026-04-29 06:31:00 UTC,70000110350,70000110350,70000110350,2026-04-25 06:31:21 UTC,2026-04-25 06:31:21 UTC,,,
70017398696,Follow up ,,Overdue,2026-04-27 06:15:00 UTC,70000089514,70000089514,70000089514,2026-04-25 06:40:00 UTC,2026-04-25 06:40:00 UTC,,,
70017399472,Follow up ,,Open,2026-05-10 06:00:00 UTC,70000089514,70000089514,70000089514,2026-04-25 10:02:03 UTC,2026-04-25 10:02:03 UTC,,,
70017399553,Follow up,,Completed,2026-04-25 10:45:00 UTC,70000110351,70000089514,70000110351,2026-04-25 10:27:27 UTC,2026-04-25 10:32:46 UTC,,Follow up,2026-04-25 10:32:46 UTC
70017401983,follow up,,Overdue,2026-04-26 06:30:00 UTC,70000110351,70000089514,70000089514,2026-04-26 06:12:34 UTC,2026-04-26 06:12:34 UTC,,Follow up,
70017401987,follow up,,Overdue,2026-04-26 06:45:00 UTC,70000110351,70000089514,70000089514,2026-04-26 06:14:42 UTC,2026-04-26 06:14:42 UTC,,Call reminder,
70017402454,Feedback follow up,,Overdue,2026-04-29 05:30:00 UTC,70000110351,70000089514,70000089514,2026-04-26 12:33:04 UTC,2026-04-26 12:33:04 UTC,,Call reminder,
70017404837,follow up- ,,Overdue,2026-04-30 05:12:00 UTC,70000089514,70000089514,70000089514,2026-04-27 05:12:30 UTC,2026-04-27 05:12:30 UTC,,,
70017405027,Follow up,He wants to sell his property in Karur which is 5000sqft only after that he can even decide what budget he will be able to buy. He is not able to give any timeline and waiting for election results to start the process of sales in Karur. May be in next 60 to 90 days we will be able to get a concrete reply from client. ,Open,2026-06-22 05:44:00 UTC,70000138192,70000089514,70000089514,2026-04-27 05:45:32 UTC,2026-04-27 05:45:32 UTC,,Follow up,
70017405091,follow up ,,Overdue,2026-04-30 05:56:00 UTC,70000089514,70000089514,70000089514,2026-04-27 05:56:44 UTC,2026-04-27 05:56:44 UTC,,,
70017405466,Follow up on WA,,Overdue,2026-04-27 07:00:00 UTC,70000138343,70000089514,70000089514,2026-04-27 06:45:40 UTC,2026-04-27 06:45:40 UTC,,Follow up,
70017405583,Call reminder,"Spoke to the lient he is trying to sell his one of the Apartments in Vadapalani, only after that he will be able to proceed - when asked when we can connet he told at least 60 days. May be we can connet with him by June End. ",Open,2026-06-24 07:00:00 UTC,70000138192,70000089514,70000089514,2026-04-27 07:00:31 UTC,2026-04-27 07:01:11 UTC,,Follow up,
70017405629,Follow for SV,RNR - The Client Called Back & mentioned that he is out of station may be in a week or 10 days when he is back in Chennai he might visit,Open,2026-05-09 06:00:00 UTC,70000138192,70000089514,70000089514,2026-04-27 07:05:58 UTC,2026-04-27 07:05:58 UTC,,Call reminder,
70017405870,follow up for site visit ,,Overdue,2026-04-29 05:30:00 UTC,70000089514,70000089514,70000089514,2026-04-27 07:38:13 UTC,2026-04-27 07:38:13 UTC,,,
70017405917,Follow up,,Overdue,2026-05-03 05:30:00 UTC,70000110350,70000089514,70000089514,2026-04-27 07:46:03 UTC,2026-04-27 07:46:03 UTC,,Call reminder,
70017406272,Folow up ,,Due Tomorrow,2026-05-05 06:15:00 UTC,70000110351,70000089514,70000089514,2026-04-27 08:48:55 UTC,2026-04-27 08:48:55 UTC,,,
70017406489,Follow up,,Overdue,2026-04-27 09:30:00 UTC,70000110351,70000089514,70000089514,2026-04-27 09:19:35 UTC,2026-04-27 09:19:35 UTC,,Call reminder,
70017406678,follow up ,,Overdue,2026-04-30 06:15:00 UTC,70000089514,70000089514,70000089514,2026-04-27 09:44:40 UTC,2026-04-27 09:44:40 UTC,,,
70017406748,follow up,,Open,2026-05-13 05:30:00 UTC,70000138192,70000089514,70000089514,2026-04-27 09:53:37 UTC,2026-04-27 09:53:37 UTC,,Follow up,
70017407231,Call reminder,,Overdue,2026-04-27 11:15:00 UTC,70000110351,70000089514,70000089514,2026-04-27 11:05:39 UTC,2026-04-27 11:05:39 UTC,,Call reminder,
70017407284,Call reminder,,Overdue,2026-04-27 11:30:00 UTC,70000138343,70000089514,70000089514,2026-04-27 11:13:44 UTC,2026-04-27 11:13:44 UTC,,Follow up,
70017407300,Call back ,,Overdue,2026-05-02 11:17:00 UTC,70000110351,70000110351,70000110351,2026-04-27 11:17:34 UTC,2026-04-27 11:17:34 UTC,,Call reminder,
70017407329,call reminder,,Overdue,2026-04-27 11:30:00 UTC,70000110351,70000089514,70000089514,2026-04-27 11:22:52 UTC,2026-04-27 11:22:52 UTC,,Call reminder,
70017407340,follow up,"He revisited with his mother on 15/04/2026. Client expected price is 2.30 Crs inclusive of registration i have offered to him at 12,000 per sq.ft. Client not willing to push his budget. He is a CP Client (Propmart) Number given to Naren Sir he said he will try and push the client",Overdue,2026-04-27 11:45:00 UTC,70000110351,70000089514,70000089514,2026-04-27 11:25:09 UTC,2026-04-27 11:25:09 UTC,,Call reminder,
70017407414,Post visit follow up,,Overdue,2026-04-29 08:45:00 UTC,70000110351,70000089514,70000089514,2026-04-27 11:39:25 UTC,2026-04-27 11:39:25 UTC,,,
70017407606,Call reminder,,Overdue,2026-04-27 12:30:00 UTC,70000110351,70000089514,70000089514,2026-04-27 12:21:59 UTC,2026-04-27 12:21:59 UTC,,Follow up,
70017407622,Follow up,Client asked for callback after 16th of May 2026.,Open,2026-05-21 05:00:00 UTC,70000137780,70000089514,70000089514,2026-04-27 12:26:27 UTC,2026-04-27 12:26:27 UTC,,Call reminder,
70017407719,follow up,,Overdue,2026-04-28 05:30:00 UTC,70000138468,70000089514,70000089514,2026-04-27 12:50:46 UTC,2026-04-27 12:50:46 UTC,,Call reminder,
70017411135,follow up ,,Open,2026-05-06 06:45:00 UTC,70000089514,70000089514,70000089514,2026-04-28 07:16:10 UTC,2026-04-28 07:16:10 UTC,,,
70017411166,follow up for site visit,,Overdue,2026-05-01 05:30:00 UTC,70000089514,70000089514,70000089514,2026-04-28 07:21:31 UTC,2026-04-28 07:21:31 UTC,,,
70017411199,follow up ,,Completed,2026-04-29 07:26:00 UTC,70000089514,70000089514,70000089514,2026-04-28 07:26:35 UTC,2026-04-30 05:47:43 UTC,,,2026-04-30 05:47:43 UTC
70017412177,follow up ,,Overdue,2026-04-30 06:00:00 UTC,70000089514,70000089514,70000089514,2026-04-28 10:51:43 UTC,2026-04-28 10:51:43 UTC,,,
70017415892,follow up,,Open,2026-05-06 06:38:00 UTC,70000110350,70000110350,70000110350,2026-04-29 06:39:14 UTC,2026-04-29 06:39:14 UTC,,,
70017420910,Follow up ,,Due Today,2026-05-04 09:00:00 UTC,70000089514,70000089514,70000089514,2026-04-30 05:47:31 UTC,2026-04-30 05:47:31 UTC,,,
70017421071,follow up ,,Due Today,2026-05-04 06:15:00 UTC,70000089514,70000089514,70000089514,2026-04-30 06:05:29 UTC,2026-04-30 06:05:29 UTC,,,
70017421079,Follow up,,Due Today,2026-05-04 06:15:00 UTC,70000089514,70000089514,70000089514,2026-04-30 06:06:17 UTC,2026-04-30 11:50:46 UTC,,,
70017422629,follow up,,Due Today,2026-05-04 09:00:00 UTC,70000089514,70000089514,70000089514,2026-04-30 10:22:33 UTC,2026-04-30 10:22:33 UTC,,,
70017425793,call lead,"",Overdue,2026-05-01 05:30:00 UTC,70000110351,70000089514,70000089514,2026-05-01 05:10:42 UTC,2026-05-01 05:10:42 UTC,,Follow up,
70017425801,call reminder,,Overdue,2026-05-01 05:15:00 UTC,70000110351,70000089514,70000089514,2026-05-01 05:13:17 UTC,2026-05-01 05:13:17 UTC,,Follow up,
70017425825,Melange new lead,,Overdue,2026-05-01 05:30:00 UTC,70000110351,70000089514,70000089514,2026-05-01 05:19:28 UTC,2026-05-01 05:19:28 UTC,,Call reminder,
70017426070,Site visit ,"",Open,2026-06-01 06:15:00 UTC,70000110351,70000110351,70000110351,2026-05-01 06:16:05 UTC,2026-05-01 06:16:05 UTC,,Follow up,
70017426289,new lead,,Completed,2026-05-01 07:00:00 UTC,70000110351,70000089514,70000110351,2026-05-01 06:53:56 UTC,2026-05-01 12:45:35 UTC,Not interested,Call reminder,2026-05-01 12:45:35 UTC
70017430046,FOLLOW UP ,,Due Today,2026-05-04 05:45:00 UTC,70000089514,70000089514,70000089514,2026-05-02 05:01:36 UTC,2026-05-02 05:01:36 UTC,,,
70017430073,follow up for office visit,,Due Tomorrow,2026-05-05 05:45:00 UTC,70000089514,70000089514,70000089514,2026-05-02 05:07:18 UTC,2026-05-02 05:07:18 UTC,,,
70017430494,Follow up ,,Due Today,2026-05-04 06:30:00 UTC,70000110351,70000089514,70000089514,2026-05-02 06:30:27 UTC,2026-05-02 06:30:27 UTC,,,
70017431216,Call reminder,,Overdue,2026-05-02 09:30:00 UTC,70000110351,70000089514,70000089514,2026-05-02 09:11:52 UTC,2026-05-02 09:11:52 UTC,,Follow up,
70017433977,follow up call,,Due Tomorrow,2026-05-05 05:30:00 UTC,70000110351,70000089514,70000089514,2026-05-03 04:36:15 UTC,2026-05-03 04:36:15 UTC,,,
